time_utc,time_ny,property,building,unit,beds,event,price,old_price,base_rent,base_rent_max,rent,available,old_available,sqft,floor_plan,special,first_seen,note
2026-09-24T02:48,2026-09-23 22:48,Newport Rentals,Aquablu,1604,1 Bedroom,tracking_started,4612,,4569,,4612,Now,,790,,0.5 Month Free,2026-09-24,
2026-09-24T02:48,2026-09-23 22:48,Newport Rentals,Aquablu,2404,1 Bedroom,tracking_started,4452,,4409,,4452,Now,,790,,0.5 Month Free,2026-09-24,
2026-09-24T02:48,2026-09-23 22:48,Newport Rentals,Aquablu,2804,1 Bedroom,tracking_started,4672,,4629,,4672,Now,,790,,0.5 Month Free,2026-09-24,
2026-09-24T02:48,2026-09-23 22:48,Newport Rentals,Aquablu,418,1 Bedroom,tracking_started,4082,,4039,,4082,9/30/2026,,811,,,2026-09-24,
2026-09-24T02:48,2026-09-23 22:48,Newport Rentals,Aquablu,621,1 Bedroom,tracking_started,4217,,4174,,4217,Now,,816,,0.5 Month Free,2026-09-24,
2026-09-24T02:48,2026-09-23 22:48,Newport Rentals,Aquablu,624,1 Bedroom,tracking_started,4292,,4249,,4292,Now,,812,,0.5 Month Free,2026-09-24,
2026-09-24T02:48,2026-09-23 22:48,Newport Rentals,Atlantic,1006,1 Bedroom,tracking_started,3904,,3856,,3904,Now,,795,,0.5 Month Free,2026-09-24,
2026-09-24T02:48,2026-09-23 22:48,Newport Rentals,Atlantic,111,1 Bedroom,tracking_started,4209,,4161,,4209,12/4/2026,,1000,,,2026-09-24,
2026-09-24T02:48,2026-09-23 22:48,Newport Rentals,Atlantic,1202,1 Bedroom,tracking_started,4334,,4286,,4334,Now,,794,,0.5 Month Free,2026-09-24,
2026-09-24T02:48,2026-09-23 22:48,Newport Rentals,Atlantic,1404,1 Bedroom,tracking_started,4179,,4131,,4179,Now,,880,,0.5 Month Free,2026-09-24,
2026-09-24T02:48,2026-09-23 22:48,Newport Rentals,Atlantic,1508,1 Bedroom,tracking_started,4074,,4026,,4074,Now,,758,,0.5 Month Free,2026-09-24,
2026-09-24T02:48,2026-09-23 22:48,Newport Rentals,Atlantic,2101,1 Bedroom,tracking_started,4314,,4266,,4314,9/24/2026,,860,,,2026-09-24,
2026-09-24T02:48,2026-09-23 22:48,Newport Rentals,Atlantic,2210,1 Bedroom,tracking_started,3874,,3826,,3874,10/7/2026,,899,,0.5 Month Free,2026-09-24,
2026-09-24T02:48,2026-09-23 22:48,Newport Rentals,Atlantic,2302,1 Bedroom,tracking_started,4384,,4336,,4384,11/5/2026,,794,,,2026-09-24,
2026-09-24T02:48,2026-09-23 22:48,Newport Rentals,Atlantic,2701,1 Bedroom,tracking_started,4169,,4121,,4169,10/25/2026,,860,,,2026-09-24,
2026-09-24T02:48,2026-09-23 22:48,Newport Rentals,Atlantic,2806,1 Bedroom,tracking_started,4099,,4051,,4099,Now,,795,,0.5 Month Free,2026-09-24,
2026-09-24T02:48,2026-09-23 22:48,Newport Rentals,Atlantic,2810,1 Bedroom,tracking_started,3904,,3856,,3904,10/28/2026,,899,,,2026-09-24,
2026-09-24T02:48,2026-09-23 22:48,Newport Rentals,Atlantic,3401,1 Bedroom,tracking_started,4379,,4331,,4379,10/21/2026,,860,,0.5 Month Free,2026-09-24,
2026-09-24T02:48,2026-09-23 22:48,Newport Rentals,Atlantic,3406,1 Bedroom,tracking_started,4194,,4146,,4194,Now,,795,,0.5 Month Free,2026-09-24,
2026-09-24T02:48,2026-09-23 22:48,Newport Rentals,Atlantic,3412,1 Bedroom,tracking_started,4364,,4316,,4364,10/16/2026,,796,,0.5 Month Free,2026-09-24,
2026-09-24T02:48,2026-09-23 22:48,Newport Rentals,Atlantic,912,1 Bedroom,tracking_started,4069,,4021,,4069,12/3/2026,,796,,0.5 Month Free,2026-09-24,
2026-09-24T02:48,2026-09-23 22:48,Newport Rentals,Beach,1223,1 Bedroom,tracking_started,5092,,5034,,5092,9/30/2026,,730,,0.5 Month Free,2026-09-24,
2026-09-24T02:48,2026-09-23 22:48,Newport Rentals,Beach,220,1 Bedroom,tracking_started,3912,,3854,,3912,10/10/2026,,662,,,2026-09-24,
2026-09-24T02:48,2026-09-23 22:48,Newport Rentals,Beach,311,1 Bedroom,tracking_started,5067,,5009,,5067,Now,,761,,0.5 Month Free,2026-09-24,
2026-09-24T02:48,2026-09-23 22:48,Newport Rentals,Beach,322,1 Bedroom,tracking_started,5007,,4949,,5007,Now,,723,,0.5 Month Free,2026-09-24,
2026-09-24T02:48,2026-09-23 22:48,Newport Rentals,Beach,708,1 Bedroom,tracking_started,4532,,4474,,4532,Now,,552,,0.5 Month Free,2026-09-24,
2026-09-24T02:48,2026-09-23 22:48,Newport Rentals,Beach,722,1 Bedroom,tracking_started,5027,,4969,,5027,Now,,723,,0.5 Month Free,2026-09-24,
2026-09-24T02:48,2026-09-23 22:48,Newport Rentals,Bisby,1806,1 Bedroom,tracking_started,4682,,4624,,4682,11/19/2026,,795,,1 Month Free,2026-09-24,
2026-09-24T02:48,2026-09-23 22:48,Newport Rentals,Bisby,207,1 Bedroom,tracking_started,4467,,4409,,4467,Now,,780,,0.5 Month Free,2026-09-24,
2026-09-24T02:48,2026-09-23 22:48,Newport Rentals,Bisby,2405,1 Bedroom,tracking_started,4862,,4804,,4862,10/22/2026,,773,,0.5 Month Free,2026-09-24,
2026-09-24T02:48,2026-09-23 22:48,Newport Rentals,Bisby,2905,1 Bedroom,tracking_started,4862,,4804,,4862,9/30/2026,,773,,,2026-09-24,
2026-09-24T02:48,2026-09-23 22:48,Newport Rentals,Bisby,407,1 Bedroom,tracking_started,4727,,4669,,4727,12/7/2026,,780,,,2026-09-24,
2026-09-24T02:48,2026-09-23 22:48,Newport Rentals,Bisby,409,1 Bedroom,tracking_started,4852,,4794,,4852,10/24/2026,,827,,0.5 Month Free,2026-09-24,
2026-09-24T02:48,2026-09-23 22:48,Newport Rentals,Bisby,503,1 Bedroom,tracking_started,4982,,4924,,4982,Now,,835,,0.5 Month Free,2026-09-24,
2026-09-24T02:48,2026-09-23 22:48,Newport Rentals,Bisby,505,1 Bedroom,tracking_started,4682,,4624,,4682,11/4/2026,,773,,,2026-09-24,
2026-09-24T02:48,2026-09-23 22:48,Newport Rentals,Bisby,507,1 Bedroom,tracking_started,4732,,4674,,4732,Now,,780,,1 Month Free,2026-09-24,
2026-09-24T02:48,2026-09-23 22:48,Newport Rentals,Bisby,705,1 Bedroom,tracking_started,4717,,4659,,4717,Now,,773,,0.5 Month Free,2026-09-24,
2026-09-24T02:48,2026-09-23 22:48,Newport Rentals,Bisby,803,1 Bedroom,tracking_started,5072,,5014,,5072,10/25/2026,,835,,,2026-09-24,
2026-09-24T02:48,2026-09-23 22:48,Newport Rentals,East Hampton,1511,1 Bedroom,tracking_started,3639,,3591,,3639,Now,,743,,0.5 Month Free,2026-09-24,
2026-09-24T02:48,2026-09-23 22:48,Newport Rentals,East Hampton,1808,1 Bedroom,tracking_started,4179,,4131,,4179,Now,,832,,0.5 Month Free,2026-09-24,
2026-09-24T02:48,2026-09-23 22:48,Newport Rentals,East Hampton,2206,1 Bedroom,tracking_started,4084,,4036,,4084,11/8/2026,,862,,0.5 Month Free,2026-09-24,
2026-09-24T02:48,2026-09-23 22:48,Newport Rentals,East Hampton,2601,1 Bedroom,tracking_started,4004,,3956,,4004,10/26/2026,,862,,,2026-09-24,
2026-09-24T02:48,2026-09-23 22:48,Newport Rentals,East Hampton,2809,1 Bedroom,tracking_started,3989,,3941,,3989,10/31/2026,,817,,0.5 Month Free,2026-09-24,
2026-09-24T02:48,2026-09-23 22:48,Newport Rentals,East Hampton,3011,1 Bedroom,tracking_started,3779,,3731,,3779,Now,,743,,0.5 Month Free,2026-09-24,
2026-09-24T02:48,2026-09-23 22:48,Newport Rentals,East Hampton,415,1 Bedroom,tracking_started,3999,,3951,,3999,Now,,828,,0.5 Month Free,2026-09-24,
2026-09-24T02:48,2026-09-23 22:48,Newport Rentals,East Hampton,701,1 Bedroom,tracking_started,4089,,4041,,4089,10/2/2026,,862,,0.5 Month Free,2026-09-24,
2026-09-24T02:48,2026-09-23 22:48,Newport Rentals,East Hampton,706,1 Bedroom,tracking_started,4239,,4191,,4239,Now,,862,,0.5 Month Free,2026-09-24,
2026-09-24T02:48,2026-09-23 22:48,Newport Rentals,East Hampton,715,1 Bedroom,tracking_started,4039,,3991,,4039,9/29/2026,,828,,0.5 Month Free,2026-09-24,
2026-09-24T02:48,2026-09-23 22:48,Newport Rentals,East Hampton,809,1 Bedroom,tracking_started,4134,,4086,,4134,10/8/2026,,817,,0.5 Month Free,2026-09-24,
2026-09-24T02:48,2026-09-23 22:48,Newport Rentals,Ellipse,1606,1 Bedroom,tracking_started,4747,,4689,,4747,Now,,742,,0.5 Month Free,2026-09-24,
2026-09-24T02:48,2026-09-23 22:48,Newport Rentals,Ellipse,1910,1 Bedroom,tracking_started,4862,,4804,,4862,Now,,759,,,2026-09-24,
2026-09-24T02:48,2026-09-23 22:48,Newport Rentals,Ellipse,2202,1 Bedroom,tracking_started,4842,,4784,,4842,10/6/2026,,753,,0.5 Month Free,2026-09-24,
2026-09-24T02:48,2026-09-23 22:48,Newport Rentals,Ellipse,2702,1 Bedroom,tracking_started,4867,,4809,,4867,10/4/2026,,753,,0.5 Month Free,2026-09-24,
2026-09-24T02:48,2026-09-23 22:48,Newport Rentals,Ellipse,2806,1 Bedroom,tracking_started,4807,,4749,,4807,Now,,742,,0.5 Month Free,2026-09-24,
2026-09-24T02:48,2026-09-23 22:48,Newport Rentals,Ellipse,306,1 Bedroom,tracking_started,4687,,4629,,4687,11/6/2026,,742,,,2026-09-24,
2026-09-24T02:48,2026-09-23 22:48,Newport Rentals,Ellipse,3506,1 Bedroom,tracking_started,4842,,4784,,4842,9/28/2026,,752,,,2026-09-24,
2026-09-24T02:48,2026-09-23 22:48,Newport Rentals,Ellipse,3706,1 Bedroom,tracking_started,4852,,4794,,4852,12/6/2026,,752,,,2026-09-24,
2026-09-24T02:48,2026-09-23 22:48,Newport Rentals,Ellipse,3806,1 Bedroom,tracking_started,4857,,4799,,4857,Now,,752,,0.5 Month Free,2026-09-24,
2026-09-24T02:48,2026-09-23 22:48,Newport Rentals,Ellipse,910,1 Bedroom,tracking_started,4817,,4759,,4817,Now,,759,,0.5 Month Free,2026-09-24,
2026-09-24T02:48,2026-09-23 22:48,Newport Rentals,Laguna,210,1 Bedroom,tracking_started,4567,,4509,,4567,Now,,838,,0.5 Month Free,2026-09-24,
2026-09-24T02:48,2026-09-23 22:48,Newport Rentals,Lincoln House,310,1 Bedroom,tracking_started,3119,,3106,,3119,Now,,645,,0.5 Month Free,2026-09-24,
2026-09-24T02:48,2026-09-23 22:48,Newport Rentals,Lincoln House,324,1 Bedroom,tracking_started,3134,,3121,,3134,Now,,713,,0.5 Month Free,2026-09-24,
2026-09-24T02:48,2026-09-23 22:48,Newport Rentals,Lincoln House,404,1 Bedroom,tracking_started,3089,,3076,,3089,Now,,716,,0.5 Month Free,2026-09-24,
2026-09-24T02:48,2026-09-23 22:48,Newport Rentals,Lincoln House,405,1 Bedroom,tracking_started,3064,,3051,,3064,10/18/2026,,700,,0.5 Month Free,2026-09-24,
2026-09-24T02:48,2026-09-23 22:48,Newport Rentals,Lincoln House,626,1 Bedroom,tracking_started,3099,,3086,,3099,Now,,725,,0.5 Month Free,2026-09-24,
2026-09-24T02:48,2026-09-23 22:48,Newport Rentals,Pacific,1907,1 Bedroom,tracking_started,4044,,4031,,4044,Now,,841,,0.5 Month Free,2026-09-24,
2026-09-24T02:48,2026-09-23 22:48,Newport Rentals,Pacific,2006,1 Bedroom,tracking_started,3949,,3936,,3949,Now,,799,,0.5 Month Free,2026-09-24,
2026-09-24T02:48,2026-09-23 22:48,Newport Rentals,Pacific,2008,1 Bedroom,tracking_started,3824,,3811,,3824,Now,,808,,0.5 Month Free,2026-09-24,
2026-09-24T02:48,2026-09-23 22:48,Newport Rentals,Pacific,506,1 Bedroom,tracking_started,3879,,3866,,3879,Now,,799,,,2026-09-24,
2026-09-24T02:48,2026-09-23 22:48,Newport Rentals,Pacific,806,1 Bedroom,tracking_started,3644,,3631,,3644,10/16/2026,,799,,,2026-09-24,
2026-09-24T02:48,2026-09-23 22:48,Newport Rentals,Parkside East,2301,1 Bedroom,tracking_started,3394,,3381,,3394,11/6/2026,,771,,0.5 Month Free,2026-09-24,
2026-09-24T02:48,2026-09-23 22:48,Newport Rentals,Parkside East,3001,1 Bedroom,tracking_started,3479,,3466,,3479,10/11/2026,,771,,0.5 Month Free,2026-09-24,
2026-09-24T02:48,2026-09-23 22:48,Newport Rentals,Parkside West,1415,1 Bedroom,tracking_started,3389,,3376,,3389,Now,,767,,0.5 Month Free,2026-09-24,
2026-09-24T02:48,2026-09-23 22:48,Newport Rentals,Parkside West,1515,1 Bedroom,tracking_started,3394,,3381,,3394,Now,,767,,0.5 Month Free,2026-09-24,
2026-09-24T02:48,2026-09-23 22:48,Newport Rentals,Parkside West,2115,1 Bedroom,tracking_started,3424,,3411,,3424,Now,,767,,0.5 Month Free,2026-09-24,
2026-09-24T02:48,2026-09-23 22:48,Newport Rentals,Riverside,1005,1 Bedroom,tracking_started,3989,,3941,,3989,Now,,813,,0.5 Month Free,2026-09-24,
2026-09-24T02:48,2026-09-23 22:48,Newport Rentals,Riverside,1502,1 Bedroom,tracking_started,3884,,3836,,3884,Now,,818,,,2026-09-24,
2026-09-24T02:48,2026-09-23 22:48,Newport Rentals,Riverside,1511,1 Bedroom,tracking_started,3909,,3861,,3909,11/20/2026,,834,,,2026-09-24,
2026-09-24T02:48,2026-09-23 22:48,Newport Rentals,Riverside,2107,1 Bedroom,tracking_started,4189,,4141,,4189,10/28/2026,,815,,,2026-09-24,
2026-09-24T02:48,2026-09-23 22:48,Newport Rentals,Riverside,2111,1 Bedroom,tracking_started,4114,,4066,,4114,10/16/2026,,834,,0.5 Month Free,2026-09-24,
2026-09-24T02:48,2026-09-23 22:48,Newport Rentals,Riverside,2607,1 Bedroom,tracking_started,4214,,4166,,4214,9/25/2026,,815,,0.5 Month Free,2026-09-24,
2026-09-24T02:48,2026-09-23 22:48,Newport Rentals,Riverside,505,1 Bedroom,tracking_started,4139,,4091,,4139,Now,,828,,,2026-09-24,
2026-09-24T02:48,2026-09-23 22:48,Newport Rentals,Riverside,612,1 Bedroom,tracking_started,3844,,3796,,3844,10/29/2026,,792,,0.5 Month Free,2026-09-24,
2026-09-24T02:48,2026-09-23 22:48,Newport Rentals,Riverside,905,1 Bedroom,tracking_started,4159,,4111,,4159,10/22/2026,,813,,0.5 Month Free,2026-09-24,
2026-09-24T02:48,2026-09-23 22:48,Newport Rentals,Roosevelt House,201,1 Bedroom,tracking_started,3143,,3110,,3143,10/11/2026,,799,,,2026-09-24,
2026-09-24T02:48,2026-09-23 22:48,Newport Rentals,Roosevelt House,403,1 Bedroom,tracking_started,3243,,3210,,3243,10/14/2026,,720,,,2026-09-24,
2026-09-24T02:48,2026-09-23 22:48,Newport Rentals,Southampton,2008,1 Bedroom,tracking_started,4084,,4036,,4084,Now,,765,,0.5 Month Free,2026-09-24,
2026-09-24T02:48,2026-09-23 22:48,Newport Rentals,Southampton,2108,1 Bedroom,tracking_started,3864,,3816,,3864,Now,,765,,,2026-09-24,
2026-09-24T02:48,2026-09-23 22:48,Newport Rentals,Southampton,2202,1 Bedroom,tracking_started,4094,,4046,,4094,10/9/2026,,821,,0.5 Month Free,2026-09-24,
2026-09-24T02:48,2026-09-23 22:48,Newport Rentals,Southampton,2407,1 Bedroom,tracking_started,4079,,4031,,4079,11/2/2026,,838,,0.5 Month Free,2026-09-24,
2026-09-24T02:48,2026-09-23 22:48,Newport Rentals,Southampton,2912,1 Bedroom,tracking_started,3979,,3931,,3979,Now,,798,,0.5 Month Free,2026-09-24,
2026-09-24T02:48,2026-09-23 22:48,Newport Rentals,Southampton,3004,1 Bedroom,tracking_started,3969,,3921,,3969,Now,,851,,,2026-09-24,
2026-09-24T02:48,2026-09-23 22:48,Newport Rentals,Southampton,3108,1 Bedroom,tracking_started,4204,,4156,,4204,Now,,765,,,2026-09-24,
2026-09-24T02:48,2026-09-23 22:48,Newport Rentals,Southampton,3307,1 Bedroom,tracking_started,3889,,3841,,3889,Now,,838,,0.5 Month Free,2026-09-24,
2026-09-24T02:48,2026-09-23 22:48,Newport Rentals,Southampton,3312,1 Bedroom,tracking_started,3934,,3886,,3934,11/3/2026,,798,,,2026-09-24,
2026-09-24T02:48,2026-09-23 22:48,Newport Rentals,Southampton,406,1 Bedroom,tracking_started,3859,,3811,,3859,10/5/2026,,796,,,2026-09-24,
2026-09-24T02:48,2026-09-23 22:48,Newport Rentals,Southampton,508,1 Bedroom,tracking_started,3864,,3816,,3864,Now,,765,,0.5 Month Free,2026-09-24,
2026-09-24T02:48,2026-09-23 22:48,Newport Rentals,Southampton,808,1 Bedroom,tracking_started,3979,,3931,,3979,10/31/2026,,765,,0.5 Month Free,2026-09-24,
2026-09-24T02:48,2026-09-23 22:48,Newport Rentals,Waterside Square North,1114,1 Bedroom,tracking_started,3579,,3566,,3579,Now,,752,,0.5 Month Free,2026-09-24,
2026-09-24T02:48,2026-09-23 22:48,Newport Rentals,Waterside Square North,1706,1 Bedroom,tracking_started,3599,,3586,,3599,10/11/2026,,745,,0.5 Month Free,2026-09-24,
2026-09-24T02:48,2026-09-23 22:48,Newport Rentals,Waterside Square North,1710,1 Bedroom,tracking_started,3629,,3616,,3629,12/2/2026,,696,,0.5 Month Free,2026-09-24,
2026-09-24T02:48,2026-09-23 22:48,Newport Rentals,Waterside Square North,2016,1 Bedroom,tracking_started,3569,,3556,,3569,Now,,711,,0.5 Month Free,2026-09-24,
2026-09-24T02:48,2026-09-23 22:48,Newport Rentals,Waterside Square North,2214,1 Bedroom,tracking_started,3629,,3616,,3629,Now,,752,,0.5 Month Free,2026-09-24,
2026-09-24T02:48,2026-09-23 22:48,Newport Rentals,Waterside Square North,407,1 Bedroom,tracking_started,3679,,3666,,3679,Now,,738,,0.5 Month Free,2026-09-24,
2026-09-24T02:48,2026-09-23 22:48,Newport Rentals,Waterside Square North,814,1 Bedroom,tracking_started,3564,,3551,,3564,Now,,752,,0.5 Month Free,2026-09-24,
2026-09-24T02:48,2026-09-23 22:48,Newport Rentals,Waterside Square North,906,1 Bedroom,tracking_started,3479,,3466,,3479,10/10/2026,,745,,0.5 Month Free,2026-09-24,
2026-09-24T02:48,2026-09-23 22:48,Newport Rentals,Waterside Square South,1116,1 Bedroom,tracking_started,3494,,3481,,3494,Now,,711,,0.5 Month Free,2026-09-24,
2026-09-24T02:48,2026-09-23 22:48,BLVD Collection,BLVD 401,0308,1 Bedroom,tracking_started,3950,,3950,,,Now,,749,,,2026-09-24,
2026-09-24T02:48,2026-09-23 22:48,BLVD Collection,BLVD 401,1011,1 Bedroom,tracking_started,4190,,4190,,,Now,,800,,,2026-09-24,
2026-09-24T02:48,2026-09-23 22:48,BLVD Collection,BLVD 401,1511,1 Bedroom,tracking_started,4215,,4215,,,10/5/2026,,800,,,2026-09-24,
2026-09-24T02:48,2026-09-23 22:48,BLVD Collection,BLVD 401,1907,1 Bedroom,tracking_started,4340,,4340,,,Now,,805,,,2026-09-24,
2026-09-24T02:48,2026-09-23 22:48,BLVD Collection,BLVD 401,2907,1 Bedroom,tracking_started,4465,,4465,,,10/9/2026,,805,,,2026-09-24,
2026-09-24T02:48,2026-09-23 22:48,BLVD Collection,BLVD 425,1010,1 Bedroom,tracking_started,3825,,3825,,,Now,,689,,,2026-09-24,
2026-09-24T02:48,2026-09-23 22:48,BLVD Collection,BLVD 425,1504,1 Bedroom,tracking_started,3965,,3965,,,10/14/2026,,709,,,2026-09-24,
2026-09-24T02:48,2026-09-23 22:48,BLVD Collection,BLVD 425,1613,1 Bedroom,tracking_started,3995,,3995,,,9/30/2026,,827,,,2026-09-24,
2026-09-24T02:48,2026-09-23 22:48,BLVD Collection,BLVD 425,2311,1 Bedroom,tracking_started,3990,,3990,,,Now,,723,,,2026-09-24,
2026-09-24T02:48,2026-09-23 22:48,BLVD Collection,BLVD 425,2913,1 Bedroom,tracking_started,4065,,4065,,,Now,,827,,,2026-09-24,
2026-09-24T02:48,2026-09-23 22:48,BLVD Collection,BLVD 425,3307,1 Bedroom,tracking_started,4125,,4125,,,Now,,776,,,2026-09-24,
2026-09-24T02:48,2026-09-23 22:48,BLVD Collection,BLVD 425,3704,1 Bedroom,tracking_started,4150,,4150,,,Now,,709,,,2026-09-24,
2026-09-24T02:48,2026-09-23 22:48,BLVD Collection,BLVD 425,PH205,1 Bedroom,tracking_started,3600,,3600,,,9/24/2026,,786,,,2026-09-24,
2026-09-24T02:48,2026-09-23 22:48,BLVD Collection,BLVD 475 North,2103N,1 Bedroom,tracking_started,4030,,4030,,,Now,,708,,,2026-09-24,
2026-09-24T02:48,2026-09-23 22:48,BLVD Collection,BLVD 475 North,2503N,1 Bedroom,tracking_started,4055,,4055,,,Now,,708,,,2026-09-24,
2026-09-24T02:48,2026-09-23 22:48,BLVD Collection,BLVD 475 North,4607N,1 Bedroom,tracking_started,4270,,4270,,,Now,,824,,,2026-09-24,
2026-09-24T02:48,2026-09-23 22:48,BLVD Collection,BLVD 475 South,1802S,1 Bedroom,tracking_started,3780,,3780,,,9/30/2026,,768,,,2026-09-24,
2026-09-24T02:48,2026-09-23 22:48,BLVD Collection,BLVD 475 South,2208S,1 Bedroom,tracking_started,4385,,4385,,,Now,,786,,,2026-09-24,
2026-09-24T02:48,2026-09-23 22:48,BLVD Collection,BLVD 475 South,3108S,1 Bedroom,tracking_started,4410,,4410,,,Now,,786,,,2026-09-24,
2026-09-24T02:48,2026-09-23 22:48,BLVD Collection,BLVD 475 South,4602S,1 Bedroom,tracking_started,4130,,4130,,,Now,,768,,,2026-09-24,
2026-09-24T02:48,2026-09-23 22:48,BLVD Collection,BLVD 475 South,4805S,1 Bedroom,tracking_started,4010,,4010,,,Now,,733,,,2026-09-24,
2026-09-24T02:48,2026-09-23 22:48,Liberty Harbor,333 Grand,1203,1 Bedroom,tracking_started,3620,,3620,,,Now,,643,,,2026-09-24,
2026-09-24T02:48,2026-09-23 22:48,Liberty Harbor,333 Grand,1204,1 Bedroom,tracking_started,3775,,3775,,,10/31/2026,,620,,,2026-09-24,
2026-09-24T02:48,2026-09-23 22:48,Liberty Harbor,333 Grand,1218,1 Bedroom,tracking_started,3737,,3737,,,9/30/2026,,650,,,2026-09-24,
2026-09-24T02:48,2026-09-23 22:48,Liberty Harbor,333 Grand,304,1 Bedroom,tracking_started,3525,,3525,,,Now,,671,,,2026-09-24,
2026-09-24T02:48,2026-09-23 22:48,Liberty Harbor,333 Grand,305,1 Bedroom,tracking_started,3675,,3675,,,Now,,686,,,2026-09-24,
2026-09-24T02:48,2026-09-23 22:48,Liberty Harbor,333 Grand,314,1 Bedroom,tracking_started,3445,,3445,,,Now,,650,,,2026-09-24,
2026-09-24T02:48,2026-09-23 22:48,Liberty Harbor,333 Grand,612,1 Bedroom,tracking_started,3737,,3737,,,10/6/2026,,746,,,2026-09-24,
2026-09-24T02:48,2026-09-23 22:48,Liberty Harbor,333 Grand,703,1 Bedroom,tracking_started,3510,,3510,,,Now,,643,,,2026-09-24,
2026-09-24T02:48,2026-09-23 22:48,Liberty Harbor,333 Grand,813,1 Bedroom,tracking_started,3535,,3535,,,9/28/2026,,661,,,2026-09-24,
2026-09-24T02:48,2026-09-23 22:48,Liberty Harbor,333 Grand,906,1 Bedroom,tracking_started,,,,,,10/2/2026,,646,,,2026-09-24,
2026-09-24T02:48,2026-09-23 22:48,Liberty Harbor,50 Regent,212,1 Bedroom,tracking_started,3500,,3500,,,Now,,667,,,2026-09-24,
2026-09-24T02:48,2026-09-23 22:48,Liberty Harbor,50 Regent,504,1 Bedroom,tracking_started,3815,,3815,,,10/31/2026,,741,,,2026-09-24,
2026-09-24T02:48,2026-09-23 22:48,Liberty Harbor,50 Regent,620,1 Bedroom,tracking_started,3525,,3525,,,Now,,667,,,2026-09-24,
2026-09-24T02:48,2026-09-23 22:48,Liberty Harbor,50 Regent,808,1 Bedroom,tracking_started,3610,,3610,,,10/31/2026,,667,,,2026-09-24,
2026-09-24T02:48,2026-09-23 22:48,Liberty Harbor,50 Regent,915,1 Bedroom,tracking_started,3613,,3613,,,9/30/2026,,667,,,2026-09-24,
2026-09-24T02:48,2026-09-23 22:48,Liberty Harbor,88 Regent,1504,1 Bedroom,tracking_started,3950,,3950,,,10/31/2026,,636,,,2026-09-24,
2026-09-24T02:48,2026-09-23 22:48,Liberty Harbor,88 Regent,1708,1 Bedroom,tracking_started,3785,,3785,,,Now,,594,,,2026-09-24,
2026-09-24T02:48,2026-09-23 22:48,Liberty Harbor,88 Regent,1905,1 Bedroom,tracking_started,3911,,3911,,,9/30/2026,,636,,,2026-09-24,
2026-09-24T02:48,2026-09-23 22:48,Liberty Harbor,88 Regent,2011,1 Bedroom,tracking_started,4186,,4186,,,10/31/2026,,660,,,2026-09-24,
2026-09-24T02:48,2026-09-23 22:48,Liberty Harbor,88 Regent,2404,1 Bedroom,tracking_started,4009,,4009,,,9/30/2026,,636,,,2026-09-24,
2026-09-24T02:48,2026-09-23 22:48,Liberty Harbor,88 Regent,3001,1 Bedroom,tracking_started,4133,,4133,,,10/31/2026,,661,,,2026-09-24,
2026-09-24T02:48,2026-09-23 22:48,Liberty Harbor,88 Regent,307,1 Bedroom,tracking_started,3695,,3695,,,10/31/2026,,653,,,2026-09-24,
2026-09-24T02:48,2026-09-23 22:48,Liberty Harbor,88 Regent,3201,1 Bedroom,tracking_started,4250,,4250,,,Now,,661,,,2026-09-24,
2026-09-24T02:48,2026-09-23 22:48,Liberty Harbor,88 Regent,3208,1 Bedroom,tracking_started,3900,,3900,,,Now,,594,,,2026-09-24,
2026-09-24T02:48,2026-09-23 22:48,Liberty Harbor,88 Regent,504,1 Bedroom,tracking_started,3761,,3761,,,9/30/2026,,663,,,2026-09-24,
2026-09-24T02:48,2026-09-23 22:48,Liberty Harbor,88 Regent,811,1 Bedroom,tracking_started,3960,,3960,,,9/30/2026,,653,,,2026-09-24,
2026-09-24T02:48,2026-09-23 22:48,Liberty Harbor,88 Regent,908,1 Bedroom,tracking_started,4020,,4020,,,Now,,653,,,2026-09-24,
2026-09-24T02:48,2026-09-23 22:48,Liberty Harbor,The Junction,402,1 Bedroom,tracking_started,3520,,3520,,,Now,,674,,,2026-09-24,
2026-09-24T02:48,2026-09-23 22:48,Liberty Harbor,The Regent,203,1 Bedroom,tracking_started,3490,,3490,,,10/5/2026,,628,,,2026-09-24,
2026-09-24T02:48,2026-09-23 22:48,Liberty Harbor,The Regent,211,1 Bedroom,tracking_started,3510,,3510,,,Now,,748,,,2026-09-24,
2026-09-24T02:48,2026-09-23 22:48,Liberty Harbor,The Regent,221,1 Bedroom,tracking_started,3395,,3395,,,Now,,628,,,2026-09-24,
2026-09-24T02:48,2026-09-23 22:48,Liberty Harbor,The Regent,406,1 Bedroom,tracking_started,3563,,3563,,,9/30/2026,,789,,,2026-09-24,
2026-09-24T02:48,2026-09-23 22:48,Liberty Harbor,The Regent,411,1 Bedroom,tracking_started,3625,,3625,,,10/31/2026,,748,,,2026-09-24,
2026-09-24T02:48,2026-09-23 22:48,Liberty Harbor,The Regent,521,1 Bedroom,tracking_started,3590,,3590,,,Now,,628,,,2026-09-24,
2026-09-24T02:48,2026-09-23 22:48,Liberty Harbor,The Regent,601,1 Bedroom,tracking_started,3415,,3415,,,10/1/2026,,673,,,2026-09-24,
2026-09-24T02:48,2026-09-23 22:48,Liberty Harbor,The Regent,610,1 Bedroom,tracking_started,3325,,3325,,,Now,,623,,,2026-09-24,
2026-09-24T02:48,2026-09-23 22:48,Liberty Harbor,The Regent,618,1 Bedroom,tracking_started,3450,,3450,,,Now,,628,,,2026-09-24,
2026-09-24T02:48,2026-09-23 22:48,Liberty Harbor,The Regent,702,1 Bedroom,tracking_started,3655,,3655,,,Now,,654,,,2026-09-24,
2026-09-24T02:48,2026-09-23 22:48,Liberty Harbor,The Regent,719,1 Bedroom,tracking_started,3485,,3485,,,Now,,654,,,2026-09-24,
2026-09-24T02:48,2026-09-23 22:48,Liberty Harbor,The Regent,902,1 Bedroom,tracking_started,3365,,3365,,,9/30/2026,,654,,,2026-09-24,
2026-09-24T02:48,2026-09-23 22:48,Liberty Harbor,The Regent,918,1 Bedroom,tracking_started,3500,,3500,,,Now,,628,,,2026-09-24,
2026-09-24T02:48,2026-09-23 22:48,Liberty Harbor,The Zenith,204,1 Bedroom,tracking_started,3638,,3638,,,9/30/2026,,849,,,2026-09-24,
2026-09-24T02:48,2026-09-23 22:48,Liberty Harbor,The Zenith,211,1 Bedroom,tracking_started,3430,,3430,,,Now,,600,,,2026-09-24,
2026-09-24T02:48,2026-09-23 22:48,Liberty Harbor,The Zenith,213,1 Bedroom,tracking_started,3400,,3400,,,Now,,871,,,2026-09-24,
2026-09-24T02:48,2026-09-23 22:48,Liberty Harbor,The Zenith,507,1 Bedroom,tracking_started,3285,,3285,,,Now,,664,,,2026-09-24,
2026-09-24T02:48,2026-09-23 22:48,Liberty Harbor,The Zenith,512,1 Bedroom,tracking_started,3550,,3550,,,Now,,731,,,2026-09-24,
2026-09-24T02:48,2026-09-23 22:48,Liberty Harbor,The Zenith,608,1 Bedroom,tracking_started,3360,,3360,,,Now,,702,,,2026-09-24,
2026-09-24T02:48,2026-09-23 22:48,Liberty Harbor,The Zenith,618,1 Bedroom,tracking_started,3638,,3638,,,9/30/2026,,700,,,2026-09-24,
2026-09-24T02:48,2026-09-23 22:48,Liberty Harbor,The Zenith,711,1 Bedroom,tracking_started,3575,,3575,,,Now,,736,,,2026-09-24,
2026-09-24T02:48,2026-09-23 22:48,Liberty Harbor,The Zenith,712,1 Bedroom,tracking_started,3510,,3510,,,Now,,731,,,2026-09-24,
2026-09-24T02:48,2026-09-23 22:48,Liberty Harbor,The Zenith,718,1 Bedroom,tracking_started,3675,,3675,,,Now,,700,,,2026-09-24,
2026-09-24T02:48,2026-09-23 22:48,Liberty Harbor,The Zenith,719,1 Bedroom,tracking_started,3550,,3550,,,Now,,662,,,2026-09-24,
2026-09-24T02:48,2026-09-23 22:48,Liberty Harbor,The Zenith,811,1 Bedroom,tracking_started,3580,,3580,,,Now,,736,,,2026-09-24,
2026-09-24T02:48,2026-09-23 22:48,Liberty Harbor,The Zenith,819,1 Bedroom,tracking_started,3575,,3575,,,Now,,662,,,2026-09-24,
2026-09-24T02:48,2026-09-23 22:48,Liberty Harbor,The Zenith,820,1 Bedroom,tracking_started,3625,,3625,,,Now,,669,,,2026-09-24,
2026-09-24T02:48,2026-09-23 22:48,18 Park,18 Park,0432,1 Bedroom,tracking_started,3680,,3680,,,10/30/2026,,,,,2026-09-24,
2026-09-24T02:48,2026-09-23 22:48,18 Park,18 Park,0610,1 Bedroom,tracking_started,3570,,3570,,,10/17/2026,,,,,2026-09-24,
2026-09-24T02:48,2026-09-23 22:48,18 Park,18 Park,0634,1 Bedroom,tracking_started,3690,,3690,,,12/7/2026,,,,,2026-09-24,
2026-09-24T02:48,2026-09-23 22:48,18 Park,18 Park,0743,1 Bedroom,tracking_started,3845,,3845,,,10/31/2026,,,,,2026-09-24,
2026-09-24T02:48,2026-09-23 22:48,18 Park,18 Park,0930,1 Bedroom,tracking_started,3715,,3715,,,12/7/2026,,,,,2026-09-24,
2026-09-24T02:48,2026-09-23 22:48,18 Park,18 Park,0945,1 Bedroom,tracking_started,3870,,3870,,,11/7/2026,,,,,2026-09-24,
2026-09-24T02:48,2026-09-23 22:48,18 Park,18 Park,1031,1 Bedroom,tracking_started,3600,,3600,,,10/13/2026,,,,,2026-09-24,
2026-09-24T02:48,2026-09-23 22:48,18 Park,18 Park,1035,1 Bedroom,tracking_started,3600,,3600,,,12/21/2026,,,,,2026-09-24,
2026-09-24T02:48,2026-09-23 22:48,18 Park,18 Park,PH18,1 Bedroom,tracking_started,3725,,3725,,,10/13/2026,,,,,2026-09-24,
2026-09-24T02:48,2026-09-23 22:48,235 Grand,235 Grand,4412,1 Bedroom,listed,4115,,4115,4555,,10/18/2026,,,Floor Plan Video,,2026-09-24,
2026-09-24T02:48,2026-09-23 22:48,235 Grand,235 Grand,0626,1 Bedroom,listed,3990,,3990,4430,,10/31/2026,,,Floor Plan Video,,2026-09-24,
2026-09-24T02:48,2026-09-23 22:48,235 Grand,235 Grand,0803,1 Bedroom,listed,3930,,3930,4365,,11/6/2026,,,Floor Plan Video,,2026-09-24,
2026-09-24T02:48,2026-09-23 22:48,235 Grand,235 Grand,0423,1 Bedroom,listed,3945,,3945,4375,,11/7/2026,,,Floor Plan Video,,2026-09-24,
2026-09-24T02:48,2026-09-23 22:48,235 Grand,235 Grand,1702,1 Bedroom,listed,3860,,3860,4285,,11/7/2026,,,Floor Plan Video,,2026-09-24,
2026-09-24T02:48,2026-09-23 22:48,235 Grand,235 Grand,4303,1 Bedroom,listed,4130,,4130,4575,,11/7/2026,,,Floor Plan Video,,2026-09-24,
2026-09-24T02:48,2026-09-23 22:48,235 Grand,235 Grand,2604,1 Bedroom,listed,3830,,3830,4250,,11/8/2026,,,Floor Plan Video,,2026-09-24,
2026-09-24T02:48,2026-09-23 22:48,235 Grand,235 Grand,2112,1 Bedroom,listed,3715,,3715,4130,,11/25/2026,,,Floor Plan Video,,2026-09-24,
2026-09-24T02:48,2026-09-23 22:48,235 Grand,235 Grand,2312,1 Bedroom,listed,3765,,3765,4200,,12/6/2026,,,Floor Plan Video,,2026-09-24,
2026-09-24T02:48,2026-09-23 22:48,235 Grand,235 Grand,3108,1 Bedroom,listed,3960,,3960,4405,,12/7/2026,,,Floor Plan Video,,2026-09-24,
2026-09-24T02:48,2026-09-23 22:48,235 Grand,235 Grand,3904,1 Bedroom,listed,3885,,3885,4295,,12/20/2026,,,Floor Plan Video,,2026-09-24,
2026-09-24T08:29,2026-09-24 04:29,Newport Rentals,Atlantic,2101,1 Bedroom,available_change,4314,,4266,,4314,Now,9/24/2026,860,,,2026-09-24,
2026-09-24T14:13,2026-09-24 10:13,Newport Rentals,Lincoln House,405,1 Bedroom,price_change,3073,3064,3060,,3073,10/18/2026,,700,,0.5 Month Free,2026-09-24,
2026-09-24T14:13,2026-09-24 10:13,Newport Rentals,Lincoln House,404,1 Bedroom,price_change,3098,3089,3085,,3098,Now,,716,,0.5 Month Free,2026-09-24,
2026-09-24T14:13,2026-09-24 10:13,Newport Rentals,Lincoln House,626,1 Bedroom,price_change,3108,3099,3095,,3108,Now,,725,,0.5 Month Free,2026-09-24,
2026-09-24T14:13,2026-09-24 10:13,Newport Rentals,Lincoln House,310,1 Bedroom,price_change,3128,3119,3115,,3128,Now,,645,,0.5 Month Free,2026-09-24,
2026-09-24T14:13,2026-09-24 10:13,Newport Rentals,Roosevelt House,201,1 Bedroom,price_change,3148,3143,3115,,3148,10/11/2026,,799,,,2026-09-24,
2026-09-24T14:13,2026-09-24 10:13,Newport Rentals,Lincoln House,324,1 Bedroom,price_change,3143,3134,3130,,3143,Now,,713,,0.5 Month Free,2026-09-24,
2026-09-24T14:13,2026-09-24 10:13,Newport Rentals,Roosevelt House,403,1 Bedroom,price_change,3248,3243,3215,,3248,10/14/2026,,720,,,2026-09-24,
2026-09-24T14:13,2026-09-24 10:13,Newport Rentals,Parkside West,1415,1 Bedroom,price_change,3371,3389,3358,,3371,Now,,767,,0.5 Month Free,2026-09-24,
2026-09-24T14:13,2026-09-24 10:13,Newport Rentals,Parkside East,2301,1 Bedroom,price_change,3376,3394,3363,,3376,11/6/2026,,771,,0.5 Month Free,2026-09-24,
2026-09-24T14:13,2026-09-24 10:13,Newport Rentals,Parkside West,1515,1 Bedroom,price_change,3376,3394,3363,,3376,Now,,767,,0.5 Month Free,2026-09-24,
2026-09-24T14:13,2026-09-24 10:13,Newport Rentals,Parkside West,2115,1 Bedroom,price_change,3406,3424,3393,,3406,Now,,767,,0.5 Month Free,2026-09-24,
2026-09-24T14:13,2026-09-24 10:13,Newport Rentals,Parkside East,3001,1 Bedroom,price_change,3461,3479,3448,,3461,10/11/2026,,771,,0.5 Month Free,2026-09-24,
2026-09-24T14:13,2026-09-24 10:13,Newport Rentals,Waterside Square North,906,1 Bedroom,price_change,3461,3479,3448,,3461,10/10/2026,,745,,0.5 Month Free,2026-09-24,
2026-09-24T14:13,2026-09-24 10:13,Newport Rentals,Waterside Square South,1116,1 Bedroom,price_change,3476,3494,3463,,3476,Now,,711,,0.5 Month Free,2026-09-24,
2026-09-24T14:13,2026-09-24 10:13,Newport Rentals,Waterside Square North,814,1 Bedroom,price_change,3546,3564,3533,,3546,Now,,752,,0.5 Month Free,2026-09-24,
2026-09-24T14:13,2026-09-24 10:13,Newport Rentals,Waterside Square North,2016,1 Bedroom,price_change,3551,3569,3538,,3551,Now,,711,,0.5 Month Free,2026-09-24,
2026-09-24T14:13,2026-09-24 10:13,Newport Rentals,Waterside Square North,1114,1 Bedroom,price_change,3561,3579,3548,,3561,Now,,752,,0.5 Month Free,2026-09-24,
2026-09-24T14:13,2026-09-24 10:13,Newport Rentals,Waterside Square North,1706,1 Bedroom,price_change,3581,3599,3568,,3581,10/11/2026,,745,,0.5 Month Free,2026-09-24,
2026-09-24T14:13,2026-09-24 10:13,Newport Rentals,Waterside Square North,2214,1 Bedroom,price_change,3611,3629,3598,,3611,Now,,752,,0.5 Month Free,2026-09-24,
2026-09-24T14:13,2026-09-24 10:13,Newport Rentals,Waterside Square North,1710,1 Bedroom,price_change,3611,3629,3598,,3611,12/2/2026,,696,,0.5 Month Free,2026-09-24,
2026-09-24T14:13,2026-09-24 10:13,Newport Rentals,East Hampton,1511,1 Bedroom,price_change,3648,3639,3600,,3648,Now,,743,,0.5 Month Free,2026-09-24,
2026-09-24T14:13,2026-09-24 10:13,Newport Rentals,Pacific,806,1 Bedroom,price_change,3653,3644,3640,,3653,10/16/2026,,799,,,2026-09-24,
2026-09-24T14:13,2026-09-24 10:13,Newport Rentals,Waterside Square North,407,1 Bedroom,price_change,3661,3679,3648,,3661,Now,,738,,0.5 Month Free,2026-09-24,
2026-09-24T14:13,2026-09-24 10:13,Newport Rentals,East Hampton,3011,1 Bedroom,price_change,3788,3779,3740,,3788,Now,,743,,0.5 Month Free,2026-09-24,
2026-09-24T14:13,2026-09-24 10:13,Newport Rentals,Riverside,612,1 Bedroom,price_change,3853,3844,3805,,3853,10/29/2026,,792,,0.5 Month Free,2026-09-24,
2026-09-24T14:13,2026-09-24 10:13,Newport Rentals,Pacific,2008,1 Bedroom,price_change,3833,3824,3820,,3833,Now,,808,,0.5 Month Free,2026-09-24,
2026-09-24T14:13,2026-09-24 10:13,Newport Rentals,Southampton,406,1 Bedroom,price_change,3868,3859,3820,,3868,10/5/2026,,796,,,2026-09-24,
2026-09-24T14:13,2026-09-24 10:13,Newport Rentals,Southampton,2108,1 Bedroom,price_change,3873,3864,3825,,3873,Now,,765,,,2026-09-24,
2026-09-24T14:13,2026-09-24 10:13,Newport Rentals,Southampton,508,1 Bedroom,price_change,3873,3864,3825,,3873,Now,,765,,0.5 Month Free,2026-09-24,
2026-09-24T14:13,2026-09-24 10:13,Newport Rentals,Atlantic,2210,1 Bedroom,price_change,3883,3874,3835,,3883,10/7/2026,,899,,0.5 Month Free,2026-09-24,
2026-09-24T14:13,2026-09-24 10:13,Newport Rentals,Riverside,1502,1 Bedroom,price_change,3893,3884,3845,,3893,Now,,818,,,2026-09-24,
2026-09-24T14:13,2026-09-24 10:13,Newport Rentals,Southampton,3307,1 Bedroom,price_change,3898,3889,3850,,3898,Now,,838,,0.5 Month Free,2026-09-24,
2026-09-24T14:13,2026-09-24 10:13,Newport Rentals,Atlantic,1006,1 Bedroom,price_change,3913,3904,3865,,3913,Now,,795,,0.5 Month Free,2026-09-24,
2026-09-24T14:13,2026-09-24 10:13,Newport Rentals,Atlantic,2810,1 Bedroom,price_change,3913,3904,3865,,3913,10/28/2026,,899,,,2026-09-24,
2026-09-24T14:13,2026-09-24 10:13,Newport Rentals,Beach,220,1 Bedroom,price_change,3923,3912,3865,,3923,10/10/2026,,662,,,2026-09-24,
2026-09-24T14:13,2026-09-24 10:13,Newport Rentals,Riverside,1511,1 Bedroom,price_change,3918,3909,3870,,3918,11/20/2026,,834,,,2026-09-24,
2026-09-24T14:13,2026-09-24 10:13,Newport Rentals,Pacific,506,1 Bedroom,price_change,3888,3879,3875,,3888,Now,,799,,,2026-09-24,
2026-09-24T14:13,2026-09-24 10:13,Newport Rentals,Southampton,3312,1 Bedroom,price_change,3943,3934,3895,,3943,11/3/2026,,798,,,2026-09-24,
2026-09-24T14:13,2026-09-24 10:13,Newport Rentals,Southampton,3004,1 Bedroom,price_change,3978,3969,3930,,3978,Now,,851,,,2026-09-24,
2026-09-24T14:13,2026-09-24 10:13,Newport Rentals,Southampton,2912,1 Bedroom,price_change,3988,3979,3940,,3988,Now,,798,,0.5 Month Free,2026-09-24,
2026-09-24T14:13,2026-09-24 10:13,Newport Rentals,Southampton,808,1 Bedroom,price_change,3988,3979,3940,,3988,10/31/2026,,765,,0.5 Month Free,2026-09-24,
2026-09-24T14:13,2026-09-24 10:13,Newport Rentals,Pacific,2006,1 Bedroom,price_change,3958,3949,3945,,3958,Now,,799,,0.5 Month Free,2026-09-24,
2026-09-24T14:13,2026-09-24 10:13,Newport Rentals,East Hampton,2809,1 Bedroom,price_change,3998,3989,3950,,3998,10/31/2026,,817,,0.5 Month Free,2026-09-24,
2026-09-24T14:13,2026-09-24 10:13,Newport Rentals,Riverside,1005,1 Bedroom,price_change,3998,3989,3950,,3998,Now,,813,,0.5 Month Free,2026-09-24,
2026-09-24T14:13,2026-09-24 10:13,Newport Rentals,East Hampton,415,1 Bedroom,price_change,4008,3999,3960,,4008,Now,,828,,0.5 Month Free,2026-09-24,
2026-09-24T14:13,2026-09-24 10:13,Newport Rentals,East Hampton,2601,1 Bedroom,price_change,4013,4004,3965,,4013,10/26/2026,,862,,,2026-09-24,
2026-09-24T14:13,2026-09-24 10:13,Newport Rentals,East Hampton,715,1 Bedroom,price_change,4048,4039,4000,,4048,9/29/2026,,828,,0.5 Month Free,2026-09-24,
2026-09-24T14:13,2026-09-24 10:13,Newport Rentals,Atlantic,912,1 Bedroom,price_change,4078,4069,4030,,4078,12/3/2026,,796,,0.5 Month Free,2026-09-24,
2026-09-24T14:13,2026-09-24 10:13,Newport Rentals,Atlantic,1508,1 Bedroom,price_change,4083,4074,4035,,4083,Now,,758,,0.5 Month Free,2026-09-24,
2026-09-24T14:13,2026-09-24 10:13,Newport Rentals,Pacific,1907,1 Bedroom,price_change,4053,4044,4040,,4053,Now,,841,,0.5 Month Free,2026-09-24,
2026-09-24T14:13,2026-09-24 10:13,Newport Rentals,Southampton,2407,1 Bedroom,price_change,4088,4079,4040,,4088,11/2/2026,,838,,0.5 Month Free,2026-09-24,
2026-09-24T14:13,2026-09-24 10:13,Newport Rentals,East Hampton,2206,1 Bedroom,price_change,4093,4084,4045,,4093,11/8/2026,,862,,0.5 Month Free,2026-09-24,
2026-09-24T14:13,2026-09-24 10:13,Newport Rentals,Southampton,2008,1 Bedroom,price_change,4093,4084,4045,,4093,Now,,765,,0.5 Month Free,2026-09-24,
2026-09-24T14:13,2026-09-24 10:13,Newport Rentals,Aquablu,418,1 Bedroom,price_change,4093,4082,4050,,4093,9/30/2026,,811,,,2026-09-24,
2026-09-24T14:13,2026-09-24 10:13,Newport Rentals,East Hampton,701,1 Bedroom,price_change,4098,4089,4050,,4098,10/2/2026,,862,,0.5 Month Free,2026-09-24,
2026-09-24T14:13,2026-09-24 10:13,Newport Rentals,Southampton,2202,1 Bedroom,price_change,4103,4094,4055,,4103,10/9/2026,,821,,0.5 Month Free,2026-09-24,
2026-09-24T14:13,2026-09-24 10:13,Newport Rentals,Atlantic,2806,1 Bedroom,price_change,4108,4099,4060,,4108,Now,,795,,0.5 Month Free,2026-09-24,
2026-09-24T14:13,2026-09-24 10:13,Newport Rentals,Riverside,2111,1 Bedroom,price_change,4123,4114,4075,,4123,10/16/2026,,834,,0.5 Month Free,2026-09-24,
2026-09-24T14:13,2026-09-24 10:13,Newport Rentals,East Hampton,809,1 Bedroom,price_change,4143,4134,4095,,4143,10/8/2026,,817,,0.5 Month Free,2026-09-24,
2026-09-24T14:13,2026-09-24 10:13,Newport Rentals,Riverside,505,1 Bedroom,price_change,4148,4139,4100,,4148,Now,,828,,,2026-09-24,
2026-09-24T14:13,2026-09-24 10:13,Newport Rentals,Riverside,905,1 Bedroom,price_change,4168,4159,4120,,4168,10/22/2026,,813,,0.5 Month Free,2026-09-24,
2026-09-24T14:13,2026-09-24 10:13,Newport Rentals,Atlantic,2701,1 Bedroom,price_change,4178,4169,4130,,4178,10/25/2026,,860,,,2026-09-24,
2026-09-24T14:13,2026-09-24 10:13,Newport Rentals,Atlantic,1404,1 Bedroom,price_change,4188,4179,4140,,4188,Now,,880,,0.5 Month Free,2026-09-24,
2026-09-24T14:13,2026-09-24 10:13,Newport Rentals,East Hampton,1808,1 Bedroom,price_change,4188,4179,4140,,4188,Now,,832,,0.5 Month Free,2026-09-24,
2026-09-24T14:13,2026-09-24 10:13,Newport Rentals,Riverside,2107,1 Bedroom,price_change,4198,4189,4150,,4198,10/28/2026,,815,,,2026-09-24,
2026-09-24T14:13,2026-09-24 10:13,Newport Rentals,Atlantic,3406,1 Bedroom,price_change,4203,4194,4155,,4203,Now,,795,,0.5 Month Free,2026-09-24,
2026-09-24T14:13,2026-09-24 10:13,Newport Rentals,Southampton,3108,1 Bedroom,price_change,4213,4204,4165,,4213,Now,,765,,,2026-09-24,
2026-09-24T14:13,2026-09-24 10:13,Newport Rentals,Atlantic,111,1 Bedroom,price_change,4218,4209,4170,,4218,12/4/2026,,1000,,,2026-09-24,
2026-09-24T14:13,2026-09-24 10:13,Newport Rentals,Riverside,2607,1 Bedroom,price_change,4223,4214,4175,,4223,9/25/2026,,815,,0.5 Month Free,2026-09-24,
2026-09-24T14:13,2026-09-24 10:13,Newport Rentals,Aquablu,621,1 Bedroom,price_change,4228,4217,4185,,4228,Now,,816,,0.5 Month Free,2026-09-24,
2026-09-24T14:13,2026-09-24 10:13,Newport Rentals,East Hampton,706,1 Bedroom,price_change,4248,4239,4200,,4248,Now,,862,,0.5 Month Free,2026-09-24,
2026-09-24T14:13,2026-09-24 10:13,Newport Rentals,Aquablu,624,1 Bedroom,price_change,4303,4292,4260,,4303,Now,,812,,0.5 Month Free,2026-09-24,
2026-09-24T14:13,2026-09-24 10:13,Newport Rentals,Atlantic,2101,1 Bedroom,price_change,4323,4314,4275,,4323,Now,,860,,,2026-09-24,
2026-09-24T14:13,2026-09-24 10:13,Newport Rentals,Atlantic,1202,1 Bedroom,price_change,4343,4334,4295,,4343,Now,,794,,0.5 Month Free,2026-09-24,
2026-09-24T14:13,2026-09-24 10:13,Newport Rentals,Atlantic,3412,1 Bedroom,price_change,4373,4364,4325,,4373,10/16/2026,,796,,0.5 Month Free,2026-09-24,
2026-09-24T14:13,2026-09-24 10:13,Newport Rentals,Atlantic,3401,1 Bedroom,price_change,4388,4379,4340,,4388,10/21/2026,,860,,0.5 Month Free,2026-09-24,
2026-09-24T14:13,2026-09-24 10:13,Newport Rentals,Atlantic,2302,1 Bedroom,price_change,4393,4384,4345,,4393,11/5/2026,,794,,,2026-09-24,
2026-09-24T14:13,2026-09-24 10:13,Newport Rentals,Aquablu,2404,1 Bedroom,price_change,4463,4452,4420,,4463,Now,,790,,0.5 Month Free,2026-09-24,
2026-09-24T14:13,2026-09-24 10:13,Newport Rentals,Bisby,207,1 Bedroom,price_change,4478,4467,4420,,4478,Now,,780,,0.5 Month Free,2026-09-24,
2026-09-24T14:13,2026-09-24 10:13,Newport Rentals,Beach,708,1 Bedroom,price_change,4543,4532,4485,,4543,Now,,552,,0.5 Month Free,2026-09-24,
2026-09-24T14:13,2026-09-24 10:13,Newport Rentals,Laguna,210,1 Bedroom,price_change,4578,4567,4520,,4578,Now,,838,,0.5 Month Free,2026-09-24,
2026-09-24T14:13,2026-09-24 10:13,Newport Rentals,Aquablu,1604,1 Bedroom,price_change,4623,4612,4580,,4623,Now,,790,,0.5 Month Free,2026-09-24,
2026-09-24T14:13,2026-09-24 10:13,Newport Rentals,Bisby,505,1 Bedroom,price_change,4693,4682,4635,,4693,11/4/2026,,773,,,2026-09-24,
2026-09-24T14:13,2026-09-24 10:13,Newport Rentals,Bisby,1806,1 Bedroom,price_change,4693,4682,4635,,4693,11/19/2026,,795,,1 Month Free,2026-09-24,
2026-09-24T14:13,2026-09-24 10:13,Newport Rentals,Aquablu,2804,1 Bedroom,price_change,4683,4672,4640,,4683,Now,,790,,0.5 Month Free,2026-09-24,
2026-09-24T14:13,2026-09-24 10:13,Newport Rentals,Ellipse,306,1 Bedroom,price_change,4698,4687,4640,,4698,11/6/2026,,742,,,2026-09-24,
2026-09-24T14:13,2026-09-24 10:13,Newport Rentals,Bisby,705,1 Bedroom,price_change,4728,4717,4670,,4728,Now,,773,,0.5 Month Free,2026-09-24,
2026-09-24T14:13,2026-09-24 10:13,Newport Rentals,Bisby,407,1 Bedroom,price_change,4738,4727,4680,,4738,12/7/2026,,780,,,2026-09-24,
2026-09-24T14:13,2026-09-24 10:13,Newport Rentals,Bisby,507,1 Bedroom,price_change,4743,4732,4685,,4743,Now,,780,,1 Month Free,2026-09-24,
2026-09-24T14:13,2026-09-24 10:13,Newport Rentals,Ellipse,1606,1 Bedroom,price_change,4758,4747,4700,,4758,Now,,742,,0.5 Month Free,2026-09-24,
2026-09-24T14:13,2026-09-24 10:13,Newport Rentals,Ellipse,2806,1 Bedroom,price_change,4818,4807,4760,,4818,Now,,742,,0.5 Month Free,2026-09-24,
2026-09-24T14:13,2026-09-24 10:13,Newport Rentals,Ellipse,910,1 Bedroom,price_change,4828,4817,4770,,4828,Now,,759,,0.5 Month Free,2026-09-24,
2026-09-24T14:13,2026-09-24 10:13,Newport Rentals,Ellipse,3506,1 Bedroom,price_change,4853,4842,4795,,4853,9/28/2026,,752,,,2026-09-24,
2026-09-24T14:13,2026-09-24 10:13,Newport Rentals,Ellipse,2202,1 Bedroom,price_change,4853,4842,4795,,4853,10/6/2026,,753,,0.5 Month Free,2026-09-24,
2026-09-24T14:13,2026-09-24 10:13,Newport Rentals,Bisby,409,1 Bedroom,price_change,4863,4852,4805,,4863,10/24/2026,,827,,0.5 Month Free,2026-09-24,
2026-09-24T14:13,2026-09-24 10:13,Newport Rentals,Ellipse,3706,1 Bedroom,price_change,4863,4852,4805,,4863,12/6/2026,,752,,,2026-09-24,
2026-09-24T14:13,2026-09-24 10:13,Newport Rentals,Ellipse,3806,1 Bedroom,price_change,4868,4857,4810,,4868,Now,,752,,0.5 Month Free,2026-09-24,
2026-09-24T14:13,2026-09-24 10:13,Newport Rentals,Bisby,2905,1 Bedroom,price_change,4873,4862,4815,,4873,9/30/2026,,773,,,2026-09-24,
2026-09-24T14:13,2026-09-24 10:13,Newport Rentals,Bisby,2405,1 Bedroom,price_change,4873,4862,4815,,4873,10/22/2026,,773,,0.5 Month Free,2026-09-24,
2026-09-24T14:13,2026-09-24 10:13,Newport Rentals,Ellipse,1910,1 Bedroom,price_change,4873,4862,4815,,4873,Now,,759,,,2026-09-24,
2026-09-24T14:13,2026-09-24 10:13,Newport Rentals,Ellipse,2702,1 Bedroom,price_change,4878,4867,4820,,4878,10/4/2026,,753,,0.5 Month Free,2026-09-24,
2026-09-24T14:13,2026-09-24 10:13,Newport Rentals,Beach,1227,1 Bedroom,listed,4948,,4890,,4948,11/15/2026,,727,,,2026-09-24,
2026-09-24T14:13,2026-09-24 10:13,Newport Rentals,Bisby,503,1 Bedroom,price_change,4993,4982,4935,,4993,Now,,835,,0.5 Month Free,2026-09-24,
2026-09-24T14:13,2026-09-24 10:13,Newport Rentals,Beach,322,1 Bedroom,price_change,5018,5007,4960,,5018,Now,,723,,0.5 Month Free,2026-09-24,
2026-09-24T14:13,2026-09-24 10:13,Newport Rentals,Beach,722,1 Bedroom,price_change,5038,5027,4980,,5038,Now,,723,,0.5 Month Free,2026-09-24,
2026-09-24T14:13,2026-09-24 10:13,Newport Rentals,Beach,311,1 Bedroom,price_change,5078,5067,5020,,5078,Now,,761,,0.5 Month Free,2026-09-24,
2026-09-24T14:13,2026-09-24 10:13,Newport Rentals,Bisby,803,1 Bedroom,price_change,5083,5072,5025,,5083,10/25/2026,,835,,,2026-09-24,
2026-09-24T14:13,2026-09-24 10:13,Newport Rentals,Beach,1223,1 Bedroom,price_change,5103,5092,5045,,5103,9/30/2026,,730,,0.5 Month Free,2026-09-24,
2026-09-24T14:13,2026-09-24 10:13,Liberty Harbor,333 Grand,906,1 Bedroom,price_change,3725,,3725,,,10/2/2026,,646,PLAN AS,,2026-09-24,
2026-09-24T14:13,2026-09-24 10:13,Liberty Harbor,50 Regent,212,1 Bedroom,delisted,3500,,3500,,,Now,,667,PLAN H,,2026-09-24,
2026-09-24T14:13,2026-09-24 10:13,235 Grand,235 Grand,4412,1 Bedroom,price_change,4130,4115,4130,4565,,10/18/2026,,,Floor Plan Video,,2026-09-24,
2026-09-24T14:13,2026-09-24 10:13,235 Grand,235 Grand,0626,1 Bedroom,price_change,4005,3990,4005,4445,,10/31/2026,,,Floor Plan Video,,2026-09-24,
2026-09-24T14:13,2026-09-24 10:13,235 Grand,235 Grand,0803,1 Bedroom,price_change,3940,3930,3940,4380,,11/6/2026,,,Floor Plan Video,,2026-09-24,
2026-09-24T14:13,2026-09-24 10:13,235 Grand,235 Grand,0423,1 Bedroom,price_change,3955,3945,3955,4390,,11/7/2026,,,Floor Plan Video,,2026-09-24,
2026-09-24T14:13,2026-09-24 10:13,235 Grand,235 Grand,1702,1 Bedroom,price_change,3870,3860,3870,4300,,11/7/2026,,,Floor Plan Video,,2026-09-24,
2026-09-24T14:13,2026-09-24 10:13,235 Grand,235 Grand,4303,1 Bedroom,price_change,4140,4130,4140,4590,,11/7/2026,,,Floor Plan Video,,2026-09-24,
2026-09-24T14:13,2026-09-24 10:13,235 Grand,235 Grand,2604,1 Bedroom,price_change,3840,3830,3840,4260,,11/8/2026,,,Floor Plan Video,,2026-09-24,
2026-09-24T14:13,2026-09-24 10:13,235 Grand,235 Grand,2112,1 Bedroom,price_change,3730,3715,3730,4145,,11/25/2026,,,Floor Plan Video,,2026-09-24,
2026-09-24T14:13,2026-09-24 10:13,235 Grand,235 Grand,2312,1 Bedroom,price_change,3780,3765,3780,4215,,12/6/2026,,,Floor Plan Video,,2026-09-24,
2026-09-24T14:13,2026-09-24 10:13,235 Grand,235 Grand,3108,1 Bedroom,price_change,3975,3960,3975,4415,,12/7/2026,,,Floor Plan Video,,2026-09-24,
2026-09-24T14:13,2026-09-24 10:13,235 Grand,235 Grand,3904,1 Bedroom,price_change,3900,3885,3900,4310,,12/20/2026,,,Floor Plan Video,,2026-09-24,
2026-09-24T14:13,2026-09-24 10:13,18 Park,18 Park,1031,1 Bedroom,price_change,3610,3600,3610,3980,,10/13/2026,,651,Floor Plan Video,,2026-09-24,
2026-09-24T14:13,2026-09-24 10:13,18 Park,18 Park,PH18,1 Bedroom,price_change,3735,3725,3735,4115,,10/13/2026,,651,Floor Plan Video,,2026-09-24,
2026-09-24T14:13,2026-09-24 10:13,18 Park,18 Park,0610,1 Bedroom,price_change,3580,3570,3580,3930,,10/17/2026,,651,Floor Plan Video,,2026-09-24,
2026-09-24T14:13,2026-09-24 10:13,18 Park,18 Park,0432,1 Bedroom,price_change,3690,3680,3690,4055,,10/30/2026,,651,Floor Plan Video,,2026-09-24,
2026-09-24T14:13,2026-09-24 10:13,18 Park,18 Park,0743,1 Bedroom,price_change,3855,3845,3855,4230,,10/31/2026,,651,Floor Plan Video,,2026-09-24,
2026-09-24T14:13,2026-09-24 10:13,18 Park,18 Park,0945,1 Bedroom,price_change,3880,3870,3880,4255,,11/7/2026,,651,Floor Plan Video,,2026-09-24,
2026-09-24T14:13,2026-09-24 10:13,18 Park,18 Park,0634,1 Bedroom,price_change,3700,3690,3700,4080,,12/7/2026,,651,Floor Plan Video,,2026-09-24,
2026-09-24T14:13,2026-09-24 10:13,18 Park,18 Park,0930,1 Bedroom,price_change,3725,3715,3725,4105,,12/7/2026,,637,Floor Plan Video,,2026-09-24,
2026-09-24T14:13,2026-09-24 10:13,18 Park,18 Park,1035,1 Bedroom,price_change,3610,3600,3610,3955,,12/21/2026,,651,Floor Plan Video,,2026-09-24,
2026-09-24T16:21,2026-09-24 12:21,Newport Rentals,Waterside Square North,2014,1 Bedroom,listed,3560,,3547,,3560,10/11/2026,,752,,,2026-09-24,
2026-09-24T16:21,2026-09-24 12:21,BLVD Collection,BLVD 425,PH205,1 Bedroom,available_change,3600,,3600,,,Now,9/24/2026,786,B425 A6PH,,2026-09-24,
2026-09-24T16:21,2026-09-24 12:21,65 Bay Street,65 Bay Street,30-09,1 Bedroom,listed,4016,,4016,,,Now,,685,Apartment: # 30-09,,2026-09-24,first run
2026-09-24T16:21,2026-09-24 12:21,65 Bay Street,65 Bay Street,18-09,1 Bedroom,listed,3871,,3871,,,Now,,685,Apartment: # 18-09,,2026-09-24,first run
2026-09-24T16:21,2026-09-24 12:21,65 Bay Street,65 Bay Street,08-01,1 Bedroom,listed,3796,,3796,,,Now,,685,Apartment: # 08-01,,2026-09-24,first run
2026-09-24T16:21,2026-09-24 12:21,65 Bay Street,65 Bay Street,25-08,1 Bedroom,listed,4458,,4458,,,Now,,794,Apartment: # 25-08,,2026-09-24,first run
2026-09-24T16:21,2026-09-24 12:21,65 Bay Street,65 Bay Street,27-02,1 Bedroom,listed,4398,,4398,,,Now,,794,Apartment: # 27-02,,2026-09-24,first run
2026-09-24T16:21,2026-09-24 12:21,65 Bay Street,65 Bay Street,17-02,1 Bedroom,listed,4218,,4218,,,Now,,794,Apartment: # 17-02,,2026-09-24,first run
2026-09-24T16:21,2026-09-24 12:21,65 Bay Street,65 Bay Street,22-07,1 Bedroom,listed,4913,,4913,,,Now,,,Apartment: # 22-07,,2026-09-24,first run
2026-09-24T16:21,2026-09-24 12:21,65 Bay Street,65 Bay Street,30-07,1 Bedroom,listed,4950,,4950,,,Now,,,Apartment: # 30-07,,2026-09-24,first run
2026-09-24T16:21,2026-09-24 12:21,65 Bay Street,65 Bay Street,06-05,1 Bedroom,listed,5050,,5050,,,Now,,1058,Apartment: # 06-05,,2026-09-24,first run
2026-09-24T16:21,2026-09-24 12:21,65 Bay Street,65 Bay Street,03-06,1 Bedroom,listed,4850,,4850,,,Now,,911,Apartment: # 03-06,,2026-09-24,first run
2026-09-24T16:26,2026-09-24 12:26,Avalon Cove,Avalon Cove,5221,1 Bedroom,listed,3645,,3645,,,10/31/2026,,693,A2,10-month lease,2026-09-24,first run
2026-09-24T16:26,2026-09-24 12:26,Avalon Cove,Avalon Cove,2219,1 Bedroom,listed,3815,,3815,,,12/3/2026,,693,A2,20-month lease,2026-09-24,first run
2026-09-24T16:26,2026-09-24 12:26,Avalon Cove,Avalon Cove,4409,1 Bedroom,listed,4210,,4210,,,11/14/2026,,752,A3,21-month lease,2026-09-24,first run
2026-09-24T16:26,2026-09-24 12:26,Avalon Cove,Avalon Cove,6455,1 Bedroom,listed,3930,,3930,,,11/11/2026,,752,A3,10-month lease,2026-09-24,first run
2026-09-24T16:26,2026-09-24 12:26,Avalon Cove,Avalon Cove,4117,1 Bedroom,listed,4165,,4165,,,10/10/2026,,778,A18,22-month lease,2026-09-24,first run
2026-09-24T16:26,2026-09-24 12:26,Avalon Cove,Avalon Cove,3143,1 Bedroom,listed,4035,,4035,,,11/18/2026,,778,A18,21-month lease,2026-09-24,first run
2026-09-24T16:26,2026-09-24 12:26,Avalon Cove,Avalon Cove,3138,1 Bedroom,listed,4285,,4285,,,11/9/2026,,778,A5,21-month lease,2026-09-24,first run
2026-09-24T16:26,2026-09-24 12:26,Avalon Cove,Avalon Cove,2125,1 Bedroom,listed,3885,,3885,,,10/17/2026,,805,A7,10-month lease,2026-09-24,first run
2026-09-24T16:26,2026-09-24 12:26,Avalon Cove,Avalon Cove,3330,1 Bedroom,listed,3775,,3775,,,11/5/2026,,817,A8,21-month lease,2026-09-24,first run
2026-09-24T16:26,2026-09-24 12:26,Avalon Cove,Avalon Cove,2128,1 Bedroom,listed,4110,,4110,,,11/19/2026,,817,A8,21-month lease,2026-09-24,first run
2026-09-24T16:26,2026-09-24 12:26,Avalon Cove,Avalon Cove,5327,1 Bedroom,listed,4015,,4015,,,11/28/2026,,818,A9,10-month lease,2026-09-24,first run
2026-09-24T19:11,2026-09-24 15:11,Liberty Harbor,88 Regent,914,1 Bedroom,listed,3563,,3563,,,9/30/2026,,594,Regent-1Bed A14,,2026-09-24,
2026-09-24T19:11,2026-09-24 15:11,Liberty Harbor,88 Regent,3208,1 Bedroom,delisted,3900,,3900,,,Now,,594,Regent-1Bed A14,,2026-09-24,
2026-09-24T23:53,2026-09-24 19:53,Newport Rentals,Waterside Square South,1710,1 Bedroom,listed,3550,,3537,,3550,10/16/2026,,696,,,2026-09-24,
2026-09-24T23:53,2026-09-24 19:53,Newport Rentals,Ellipse,1710,1 Bedroom,listed,4863,,4805,,4863,9/25/2026,,759,,,2026-09-24,
2026-09-24T23:53,2026-09-24 19:53,Newport Rentals,Ellipse,1910,1 Bedroom,delisted,4873,,4815,,4873,Now,,759,,,2026-09-24,
2026-09-25T03:08,2026-09-24 23:08,Newport Rentals,Laguna,210,1 Bedroom,delisted,4578,,4520,,4578,Now,,838,,0.5 Month Free,2026-09-24,
2026-09-25T04:59,2026-09-25 00:59,Newport Rentals,Riverside,2607,1 Bedroom,available_change,4223,,4175,,4223,Now,9/25/2026,815,,0.5 Month Free,2026-09-24,
2026-09-25T04:59,2026-09-25 00:59,Newport Rentals,Ellipse,1710,1 Bedroom,available_change,4863,,4805,,4863,Now,9/25/2026,759,,,2026-09-24,
2026-09-25T11:53,2026-09-25 07:53,Newport Rentals,Southampton,2108,1 Bedroom,delisted,3873,,3825,,3873,Now,,765,,,2026-09-24,
2026-09-25T11:53,2026-09-25 07:53,Liberty Harbor,333 Grand,309,1 Bedroom,listed,3390,,3390,,,Now,,661,PLAN AF,,2026-09-25,
2026-09-25T11:53,2026-09-25 07:53,Liberty Harbor,333 Grand,1007,1 Bedroom,listed,3610,,3610,,,Now,,671,PLAN AN,,2026-09-25,
2026-09-25T11:53,2026-09-25 07:53,Liberty Harbor,88 Regent,3201,1 Bedroom,delisted,4250,,4250,,,Now,,661,Regent-1Bed A11,,2026-09-24,
2026-09-25T11:53,2026-09-25 07:53,235 Grand,235 Grand,4412,1 Bedroom,price_change,4140,4130,4140,4580,,10/18/2026,,,Floor Plan Video,,2026-09-24,
2026-09-25T11:53,2026-09-25 07:53,235 Grand,235 Grand,0626,1 Bedroom,price_change,4015,4005,4015,4455,,10/31/2026,,,Floor Plan Video,,2026-09-24,
2026-09-25T11:53,2026-09-25 07:53,235 Grand,235 Grand,0803,1 Bedroom,price_change,3955,3940,3955,4390,,11/6/2026,,,Floor Plan Video,,2026-09-24,
2026-09-25T11:53,2026-09-25 07:53,235 Grand,235 Grand,0423,1 Bedroom,price_change,3970,3955,3970,4405,,11/7/2026,,,Floor Plan Video,,2026-09-24,
2026-09-25T11:53,2026-09-25 07:53,235 Grand,235 Grand,1702,1 Bedroom,price_change,3885,3870,3885,4310,,11/7/2026,,,Floor Plan Video,,2026-09-24,
2026-09-25T11:53,2026-09-25 07:53,235 Grand,235 Grand,4303,1 Bedroom,price_change,4155,4140,4155,4600,,11/7/2026,,,Floor Plan Video,,2026-09-24,
2026-09-25T11:53,2026-09-25 07:53,235 Grand,235 Grand,2604,1 Bedroom,price_change,3855,3840,3855,4275,,11/8/2026,,,Floor Plan Video,,2026-09-24,
2026-09-25T11:53,2026-09-25 07:53,235 Grand,235 Grand,2112,1 Bedroom,price_change,3740,3730,3740,4155,,11/25/2026,,,Floor Plan Video,,2026-09-24,
2026-09-25T11:53,2026-09-25 07:53,235 Grand,235 Grand,2312,1 Bedroom,price_change,3790,3780,3790,4225,,12/6/2026,,,Floor Plan Video,,2026-09-24,
2026-09-25T11:53,2026-09-25 07:53,235 Grand,235 Grand,3108,1 Bedroom,price_change,3985,3975,3985,4430,,12/7/2026,,,Floor Plan Video,,2026-09-24,
2026-09-25T11:53,2026-09-25 07:53,235 Grand,235 Grand,3904,1 Bedroom,price_change,3910,3900,3910,4320,,12/20/2026,,,Floor Plan Video,,2026-09-24,
2026-09-25T11:53,2026-09-25 07:53,18 Park,18 Park,1031,1 Bedroom,price_change,3620,3610,3620,3990,,10/13/2026,,651,Floor Plan Video,,2026-09-24,
2026-09-25T11:53,2026-09-25 07:53,18 Park,18 Park,PH18,1 Bedroom,price_change,3745,3735,3745,4125,,10/13/2026,,651,Floor Plan Video,,2026-09-24,
2026-09-25T11:53,2026-09-25 07:53,18 Park,18 Park,0610,1 Bedroom,price_change,3590,3580,3590,3940,,10/17/2026,,651,Floor Plan Video,,2026-09-24,
2026-09-25T11:53,2026-09-25 07:53,18 Park,18 Park,0432,1 Bedroom,price_change,3700,3690,3700,4065,,10/30/2026,,651,Floor Plan Video,,2026-09-24,
2026-09-25T11:53,2026-09-25 07:53,18 Park,18 Park,0743,1 Bedroom,price_change,3865,3855,3865,4240,,10/31/2026,,651,Floor Plan Video,,2026-09-24,
2026-09-25T11:53,2026-09-25 07:53,18 Park,18 Park,0945,1 Bedroom,price_change,3890,3880,3890,4265,,11/7/2026,,651,Floor Plan Video,,2026-09-24,
2026-09-25T11:53,2026-09-25 07:53,18 Park,18 Park,0634,1 Bedroom,price_change,3710,3700,3710,4090,,12/7/2026,,651,Floor Plan Video,,2026-09-24,
2026-09-25T11:53,2026-09-25 07:53,18 Park,18 Park,0930,1 Bedroom,price_change,3735,3725,3735,4115,,12/7/2026,,637,Floor Plan Video,,2026-09-24,
2026-09-25T11:53,2026-09-25 07:53,18 Park,18 Park,1035,1 Bedroom,price_change,3620,3610,3620,3970,,12/21/2026,,651,Floor Plan Video,,2026-09-24,
2026-09-25T11:53,2026-09-25 07:53,65 Bay Street,65 Bay Street,30-09,1 Bedroom,price_change,4028,4016,4028,,,Now,,685,Apartment: # 30-09,,2026-09-24,
2026-09-25T11:53,2026-09-25 07:53,65 Bay Street,65 Bay Street,18-09,1 Bedroom,price_change,3883,3871,3883,,,Now,,685,Apartment: # 18-09,,2026-09-24,
2026-09-25T11:53,2026-09-25 07:53,65 Bay Street,65 Bay Street,08-01,1 Bedroom,price_change,3808,3796,3808,,,Now,,685,Apartment: # 08-01,,2026-09-24,
2026-09-25T11:53,2026-09-25 07:53,65 Bay Street,65 Bay Street,25-08,1 Bedroom,price_change,4472,4458,4472,,,Now,,794,Apartment: # 25-08,,2026-09-24,
2026-09-25T11:53,2026-09-25 07:53,65 Bay Street,65 Bay Street,27-02,1 Bedroom,price_change,4412,4398,4412,,,Now,,794,Apartment: # 27-02,,2026-09-24,
2026-09-25T11:53,2026-09-25 07:53,65 Bay Street,65 Bay Street,17-02,1 Bedroom,price_change,4232,4218,4232,,,Now,,794,Apartment: # 17-02,,2026-09-24,
2026-09-25T11:53,2026-09-25 07:53,65 Bay Street,65 Bay Street,22-07,1 Bedroom,price_change,4898,4913,4898,,,Now,,,Apartment: # 22-07,,2026-09-24,
2026-09-25T11:53,2026-09-25 07:53,65 Bay Street,65 Bay Street,30-07,1 Bedroom,price_change,4938,4950,4938,,,Now,,,Apartment: # 30-07,,2026-09-24,
2026-09-25T11:53,2026-09-25 07:53,Avalon Cove,Avalon Cove,4117,1 Bedroom,price_change,4160,4165,4160,,,10/10/2026,,778,A18,22-month lease,2026-09-24,
2026-09-25T11:53,2026-09-25 07:53,Avalon Cove,Avalon Cove,2125,1 Bedroom,price_change,3880,3885,3880,,,10/17/2026,,805,A7,10-month lease,2026-09-24,
2026-09-25T14:39,2026-09-25 10:39,Newport Rentals,Lincoln House,405,1 Bedroom,price_change,3068,3073,3055,,3068,10/18/2026,,700,,0.5 Month Free,2026-09-24,
2026-09-25T14:39,2026-09-25 10:39,Newport Rentals,Lincoln House,404,1 Bedroom,price_change,3093,3098,3080,,3093,Now,,716,,0.5 Month Free,2026-09-24,
2026-09-25T14:39,2026-09-25 10:39,Newport Rentals,Lincoln House,626,1 Bedroom,price_change,3103,3108,3090,,3103,Now,,725,,0.5 Month Free,2026-09-24,
2026-09-25T14:39,2026-09-25 10:39,Newport Rentals,Lincoln House,310,1 Bedroom,price_change,3123,3128,3110,,3123,Now,,645,,0.5 Month Free,2026-09-24,
2026-09-25T14:39,2026-09-25 10:39,Newport Rentals,Roosevelt House,201,1 Bedroom,price_change,3143,3148,3110,,3143,10/11/2026,,799,,,2026-09-24,
2026-09-25T14:39,2026-09-25 10:39,Newport Rentals,Lincoln House,324,1 Bedroom,price_change,3138,3143,3125,,3138,Now,,713,,0.5 Month Free,2026-09-24,
2026-09-25T14:39,2026-09-25 10:39,Newport Rentals,Roosevelt House,403,1 Bedroom,price_change,3243,3248,3210,,3243,10/14/2026,,720,,,2026-09-24,
2026-09-25T14:39,2026-09-25 10:39,Newport Rentals,Parkside West,1415,1 Bedroom,price_change,3347,3371,3334,,3347,Now,,767,,0.5 Month Free,2026-09-24,
2026-09-25T14:39,2026-09-25 10:39,Newport Rentals,Parkside East,2301,1 Bedroom,price_change,3352,3376,3339,,3352,11/6/2026,,771,,0.5 Month Free,2026-09-24,
2026-09-25T14:39,2026-09-25 10:39,Newport Rentals,Parkside West,1515,1 Bedroom,price_change,3352,3376,3339,,3352,Now,,767,,0.5 Month Free,2026-09-24,
2026-09-25T14:39,2026-09-25 10:39,Newport Rentals,Parkside West,2115,1 Bedroom,price_change,3382,3406,3369,,3382,Now,,767,,0.5 Month Free,2026-09-24,
2026-09-25T14:39,2026-09-25 10:39,Newport Rentals,Parkside East,3001,1 Bedroom,price_change,3437,3461,3424,,3437,10/11/2026,,771,,0.5 Month Free,2026-09-24,
2026-09-25T14:39,2026-09-25 10:39,Newport Rentals,Waterside Square North,906,1 Bedroom,price_change,3437,3461,3424,,3437,10/10/2026,,745,,0.5 Month Free,2026-09-24,
2026-09-25T14:39,2026-09-25 10:39,Newport Rentals,Waterside Square South,1116,1 Bedroom,price_change,3452,3476,3439,,3452,Now,,711,,0.5 Month Free,2026-09-24,
2026-09-25T14:39,2026-09-25 10:39,Newport Rentals,Waterside Square North,814,1 Bedroom,price_change,3522,3546,3509,,3522,Now,,752,,0.5 Month Free,2026-09-24,
2026-09-25T14:39,2026-09-25 10:39,Newport Rentals,Waterside Square North,2016,1 Bedroom,price_change,3527,3551,3514,,3527,Now,,711,,0.5 Month Free,2026-09-24,
2026-09-25T14:39,2026-09-25 10:39,Newport Rentals,Waterside Square South,1710,1 Bedroom,price_change,3527,3550,3514,,3527,10/16/2026,,696,,0.5 Month Free,2026-09-24,
2026-09-25T14:39,2026-09-25 10:39,Newport Rentals,Waterside Square North,1114,1 Bedroom,price_change,3537,3561,3524,,3537,Now,,752,,0.5 Month Free,2026-09-24,
2026-09-25T14:39,2026-09-25 10:39,Newport Rentals,Waterside Square North,2014,1 Bedroom,price_change,3537,3560,3524,,3537,10/11/2026,,752,,0.5 Month Free,2026-09-24,
2026-09-25T14:39,2026-09-25 10:39,Newport Rentals,Waterside Square North,1706,1 Bedroom,price_change,3557,3581,3544,,3557,10/11/2026,,745,,0.5 Month Free,2026-09-24,
2026-09-25T14:39,2026-09-25 10:39,Newport Rentals,Waterside Square North,2214,1 Bedroom,price_change,3587,3611,3574,,3587,Now,,752,,0.5 Month Free,2026-09-24,
2026-09-25T14:39,2026-09-25 10:39,Newport Rentals,Waterside Square North,1710,1 Bedroom,price_change,3587,3611,3574,,3587,12/2/2026,,696,,0.5 Month Free,2026-09-24,
2026-09-25T14:39,2026-09-25 10:39,Newport Rentals,East Hampton,1511,1 Bedroom,price_change,3653,3648,3605,,3653,Now,,743,,0.5 Month Free,2026-09-24,
2026-09-25T14:39,2026-09-25 10:39,Newport Rentals,East Hampton,1711,1 Bedroom,listed,3663,,3615,,3663,10/7/2026,,743,,0.5 Month Free,2026-09-25,
2026-09-25T14:39,2026-09-25 10:39,Newport Rentals,Waterside Square North,407,1 Bedroom,price_change,3637,3661,3624,,3637,Now,,738,,0.5 Month Free,2026-09-24,
2026-09-25T14:39,2026-09-25 10:39,Newport Rentals,Pacific,806,1 Bedroom,price_change,3658,3653,3645,,3658,10/16/2026,,799,,0.5 Month Free,2026-09-24,
2026-09-25T14:39,2026-09-25 10:39,Newport Rentals,East Hampton,3011,1 Bedroom,price_change,3793,3788,3745,,3793,Now,,743,,0.5 Month Free,2026-09-24,
2026-09-25T14:39,2026-09-25 10:39,Newport Rentals,Riverside,612,1 Bedroom,price_change,3858,3853,3810,,3858,10/29/2026,,792,,0.5 Month Free,2026-09-24,
2026-09-25T14:39,2026-09-25 10:39,Newport Rentals,Pacific,2008,1 Bedroom,price_change,3838,3833,3825,,3838,Now,,808,,0.5 Month Free,2026-09-24,
2026-09-25T14:39,2026-09-25 10:39,Newport Rentals,Southampton,406,1 Bedroom,price_change,3873,3868,3825,,3873,10/5/2026,,796,,0.5 Month Free,2026-09-24,
2026-09-25T14:39,2026-09-25 10:39,Newport Rentals,Southampton,508,1 Bedroom,price_change,3878,3873,3830,,3878,Now,,765,,0.5 Month Free,2026-09-24,
2026-09-25T14:39,2026-09-25 10:39,Newport Rentals,Atlantic,2210,1 Bedroom,price_change,3888,3883,3840,,3888,10/7/2026,,899,,0.5 Month Free,2026-09-24,
2026-09-25T14:39,2026-09-25 10:39,Newport Rentals,Riverside,1502,1 Bedroom,price_change,3898,3893,3850,,3898,Now,,818,,0.5 Month Free,2026-09-24,
2026-09-25T14:39,2026-09-25 10:39,Newport Rentals,Southampton,3307,1 Bedroom,price_change,3903,3898,3855,,3903,Now,,838,,0.5 Month Free,2026-09-24,
2026-09-25T14:39,2026-09-25 10:39,Newport Rentals,Atlantic,1006,1 Bedroom,price_change,3918,3913,3870,,3918,Now,,795,,0.5 Month Free,2026-09-24,
2026-09-25T14:39,2026-09-25 10:39,Newport Rentals,Atlantic,2810,1 Bedroom,price_change,3918,3913,3870,,3918,10/28/2026,,899,,0.5 Month Free,2026-09-24,
2026-09-25T14:39,2026-09-25 10:39,Newport Rentals,Riverside,1511,1 Bedroom,price_change,3923,3918,3875,,3923,11/20/2026,,834,,0.5 Month Free,2026-09-24,
2026-09-25T14:39,2026-09-25 10:39,Newport Rentals,Pacific,506,1 Bedroom,price_change,3893,3888,3880,,3893,Now,,799,,0.5 Month Free,2026-09-24,
2026-09-25T14:39,2026-09-25 10:39,Newport Rentals,Beach,220,1 Bedroom,price_change,3944,3923,3886,,3944,10/10/2026,,662,,0.5 Month Free,2026-09-24,
2026-09-25T14:39,2026-09-25 10:39,Newport Rentals,Southampton,3312,1 Bedroom,price_change,3948,3943,3900,,3948,11/3/2026,,798,,0.5 Month Free,2026-09-24,
2026-09-25T14:39,2026-09-25 10:39,Newport Rentals,Southampton,3004,1 Bedroom,price_change,3983,3978,3935,,3983,Now,,851,,0.5 Month Free,2026-09-24,
2026-09-25T14:39,2026-09-25 10:39,Newport Rentals,Southampton,2912,1 Bedroom,price_change,3993,3988,3945,,3993,Now,,798,,0.5 Month Free,2026-09-24,
2026-09-25T14:39,2026-09-25 10:39,Newport Rentals,Southampton,808,1 Bedroom,price_change,3993,3988,3945,,3993,10/31/2026,,765,,0.5 Month Free,2026-09-24,
2026-09-25T14:39,2026-09-25 10:39,Newport Rentals,Pacific,2006,1 Bedroom,price_change,3963,3958,3950,,3963,Now,,799,,0.5 Month Free,2026-09-24,
2026-09-25T14:39,2026-09-25 10:39,Newport Rentals,East Hampton,2809,1 Bedroom,price_change,4003,3998,3955,,4003,10/31/2026,,817,,0.5 Month Free,2026-09-24,
2026-09-25T14:39,2026-09-25 10:39,Newport Rentals,Riverside,1005,1 Bedroom,price_change,4003,3998,3955,,4003,Now,,813,,0.5 Month Free,2026-09-24,
2026-09-25T14:39,2026-09-25 10:39,Newport Rentals,East Hampton,415,1 Bedroom,price_change,4013,4008,3965,,4013,Now,,828,,0.5 Month Free,2026-09-24,
2026-09-25T14:39,2026-09-25 10:39,Newport Rentals,East Hampton,2601,1 Bedroom,price_change,4018,4013,3970,,4018,10/26/2026,,862,,0.5 Month Free,2026-09-24,
2026-09-25T14:39,2026-09-25 10:39,Newport Rentals,East Hampton,715,1 Bedroom,price_change,4053,4048,4005,,4053,9/29/2026,,828,,0.5 Month Free,2026-09-24,
2026-09-25T14:39,2026-09-25 10:39,Newport Rentals,Atlantic,912,1 Bedroom,price_change,4083,4078,4035,,4083,12/3/2026,,796,,0.5 Month Free,2026-09-24,
2026-09-25T14:39,2026-09-25 10:39,Newport Rentals,Atlantic,1508,1 Bedroom,price_change,4088,4083,4040,,4088,Now,,758,,0.5 Month Free,2026-09-24,
2026-09-25T14:39,2026-09-25 10:39,Newport Rentals,Pacific,1907,1 Bedroom,price_change,4058,4053,4045,,4058,Now,,841,,0.5 Month Free,2026-09-24,
2026-09-25T14:39,2026-09-25 10:39,Newport Rentals,Southampton,2407,1 Bedroom,price_change,4093,4088,4045,,4093,11/2/2026,,838,,0.5 Month Free,2026-09-24,
2026-09-25T14:39,2026-09-25 10:39,Newport Rentals,East Hampton,2206,1 Bedroom,price_change,4098,4093,4050,,4098,11/8/2026,,862,,0.5 Month Free,2026-09-24,
2026-09-25T14:39,2026-09-25 10:39,Newport Rentals,Southampton,2008,1 Bedroom,price_change,4098,4093,4050,,4098,Now,,765,,0.5 Month Free,2026-09-24,
2026-09-25T14:39,2026-09-25 10:39,Newport Rentals,East Hampton,701,1 Bedroom,price_change,4103,4098,4055,,4103,10/2/2026,,862,,0.5 Month Free,2026-09-24,
2026-09-25T14:39,2026-09-25 10:39,Newport Rentals,Southampton,2202,1 Bedroom,price_change,4108,4103,4060,,4108,10/9/2026,,821,,0.5 Month Free,2026-09-24,
2026-09-25T14:39,2026-09-25 10:39,Newport Rentals,Atlantic,2806,1 Bedroom,price_change,4113,4108,4065,,4113,Now,,795,,0.5 Month Free,2026-09-24,
2026-09-25T14:39,2026-09-25 10:39,Newport Rentals,Aquablu,418,1 Bedroom,price_change,4114,4093,4071,,4114,9/30/2026,,811,,0.5 Month Free,2026-09-24,
2026-09-25T14:39,2026-09-25 10:39,Newport Rentals,Riverside,2111,1 Bedroom,price_change,4128,4123,4080,,4128,10/16/2026,,834,,0.5 Month Free,2026-09-24,
2026-09-25T14:39,2026-09-25 10:39,Newport Rentals,East Hampton,809,1 Bedroom,price_change,4148,4143,4100,,4148,10/8/2026,,817,,0.5 Month Free,2026-09-24,
2026-09-25T14:39,2026-09-25 10:39,Newport Rentals,Riverside,505,1 Bedroom,price_change,4153,4148,4105,,4153,Now,,828,,0.5 Month Free,2026-09-24,
2026-09-25T14:39,2026-09-25 10:39,Newport Rentals,Riverside,905,1 Bedroom,price_change,4173,4168,4125,,4173,10/22/2026,,813,,0.5 Month Free,2026-09-24,
2026-09-25T14:39,2026-09-25 10:39,Newport Rentals,Atlantic,2701,1 Bedroom,price_change,4183,4178,4135,,4183,10/25/2026,,860,,0.5 Month Free,2026-09-24,
2026-09-25T14:39,2026-09-25 10:39,Newport Rentals,Atlantic,1404,1 Bedroom,price_change,4193,4188,4145,,4193,Now,,880,,0.5 Month Free,2026-09-24,
2026-09-25T14:39,2026-09-25 10:39,Newport Rentals,East Hampton,1808,1 Bedroom,price_change,4193,4188,4145,,4193,Now,,832,,0.5 Month Free,2026-09-24,
2026-09-25T14:39,2026-09-25 10:39,Newport Rentals,Riverside,2107,1 Bedroom,price_change,4203,4198,4155,,4203,10/28/2026,,815,,0.5 Month Free,2026-09-24,
2026-09-25T14:39,2026-09-25 10:39,Newport Rentals,Atlantic,3406,1 Bedroom,price_change,4208,4203,4160,,4208,Now,,795,,0.5 Month Free,2026-09-24,
2026-09-25T14:39,2026-09-25 10:39,Newport Rentals,Southampton,3108,1 Bedroom,price_change,4218,4213,4170,,4218,Now,,765,,0.5 Month Free,2026-09-24,
2026-09-25T14:39,2026-09-25 10:39,Newport Rentals,Atlantic,111,1 Bedroom,price_change,4223,4218,4175,,4223,12/4/2026,,1000,,0.5 Month Free,2026-09-24,
2026-09-25T14:39,2026-09-25 10:39,Newport Rentals,Riverside,2607,1 Bedroom,price_change,4228,4223,4180,,4228,Now,,815,,0.5 Month Free,2026-09-24,
2026-09-25T14:39,2026-09-25 10:39,Newport Rentals,East Hampton,706,1 Bedroom,price_change,4253,4248,4205,,4253,Now,,862,,0.5 Month Free,2026-09-24,
2026-09-25T14:39,2026-09-25 10:39,Newport Rentals,Aquablu,621,1 Bedroom,price_change,4249,4228,4206,,4249,Now,,816,,0.5 Month Free,2026-09-24,
2026-09-25T14:39,2026-09-25 10:39,Newport Rentals,Atlantic,2101,1 Bedroom,price_change,4328,4323,4280,,4328,Now,,860,,0.5 Month Free,2026-09-24,
2026-09-25T14:39,2026-09-25 10:39,Newport Rentals,Aquablu,624,1 Bedroom,price_change,4324,4303,4281,,4324,Now,,812,,0.5 Month Free,2026-09-24,
2026-09-25T14:39,2026-09-25 10:39,Newport Rentals,Atlantic,1202,1 Bedroom,price_change,4348,4343,4300,,4348,Now,,794,,0.5 Month Free,2026-09-24,
2026-09-25T14:39,2026-09-25 10:39,Newport Rentals,Atlantic,3412,1 Bedroom,price_change,4378,4373,4330,,4378,10/16/2026,,796,,0.5 Month Free,2026-09-24,
2026-09-25T14:39,2026-09-25 10:39,Newport Rentals,Atlantic,3401,1 Bedroom,price_change,4393,4388,4345,,4393,10/21/2026,,860,,0.5 Month Free,2026-09-24,
2026-09-25T14:39,2026-09-25 10:39,Newport Rentals,Atlantic,2302,1 Bedroom,price_change,4398,4393,4350,,4398,11/5/2026,,794,,0.5 Month Free,2026-09-24,
2026-09-25T14:39,2026-09-25 10:39,Newport Rentals,Aquablu,2404,1 Bedroom,price_change,4484,4463,4441,,4484,Now,,790,,0.5 Month Free,2026-09-24,
2026-09-25T14:39,2026-09-25 10:39,Newport Rentals,Bisby,207,1 Bedroom,price_change,4499,4478,4441,,4499,Now,,780,,0.5 Month Free,2026-09-24,
2026-09-25T14:39,2026-09-25 10:39,Newport Rentals,Beach,708,1 Bedroom,price_change,4564,4543,4506,,4564,Now,,552,,0.5 Month Free,2026-09-24,
2026-09-25T14:39,2026-09-25 10:39,Newport Rentals,Aquablu,1604,1 Bedroom,price_change,4644,4623,4601,,4644,Now,,790,,0.5 Month Free,2026-09-24,
2026-09-25T14:39,2026-09-25 10:39,Newport Rentals,Bisby,505,1 Bedroom,price_change,4714,4693,4656,,4714,11/4/2026,,773,,0.5 Month Free,2026-09-24,
2026-09-25T14:39,2026-09-25 10:39,Newport Rentals,Bisby,1806,1 Bedroom,price_change,4714,4693,4656,,4714,11/19/2026,,795,,1 Month Free,2026-09-24,
2026-09-25T14:39,2026-09-25 10:39,Newport Rentals,Aquablu,2804,1 Bedroom,price_change,4704,4683,4661,,4704,Now,,790,,0.5 Month Free,2026-09-24,
2026-09-25T14:39,2026-09-25 10:39,Newport Rentals,Ellipse,306,1 Bedroom,price_change,4719,4698,4661,,4719,11/6/2026,,742,,0.5 Month Free,2026-09-24,
2026-09-25T14:39,2026-09-25 10:39,Newport Rentals,Bisby,705,1 Bedroom,price_change,4749,4728,4691,,4749,Now,,773,,0.5 Month Free,2026-09-24,
2026-09-25T14:39,2026-09-25 10:39,Newport Rentals,Bisby,407,1 Bedroom,price_change,4759,4738,4701,,4759,12/7/2026,,780,,0.5 Month Free,2026-09-24,
2026-09-25T14:39,2026-09-25 10:39,Newport Rentals,Bisby,507,1 Bedroom,price_change,4764,4743,4706,,4764,Now,,780,,1 Month Free,2026-09-24,
2026-09-25T14:39,2026-09-25 10:39,Newport Rentals,Ellipse,1606,1 Bedroom,price_change,4779,4758,4721,,4779,Now,,742,,0.5 Month Free,2026-09-24,
2026-09-25T14:39,2026-09-25 10:39,Newport Rentals,Ellipse,2806,1 Bedroom,price_change,4839,4818,4781,,4839,Now,,742,,0.5 Month Free,2026-09-24,
2026-09-25T14:39,2026-09-25 10:39,Newport Rentals,Ellipse,910,1 Bedroom,price_change,4849,4828,4791,,4849,Now,,759,,0.5 Month Free,2026-09-24,
2026-09-25T14:39,2026-09-25 10:39,Newport Rentals,Ellipse,3506,1 Bedroom,price_change,4874,4853,4816,,4874,9/28/2026,,752,,0.5 Month Free,2026-09-24,
2026-09-25T14:39,2026-09-25 10:39,Newport Rentals,Ellipse,2202,1 Bedroom,price_change,4874,4853,4816,,4874,10/6/2026,,753,,0.5 Month Free,2026-09-24,
2026-09-25T14:39,2026-09-25 10:39,Newport Rentals,Bisby,409,1 Bedroom,price_change,4884,4863,4826,,4884,10/24/2026,,827,,0.5 Month Free,2026-09-24,
2026-09-25T14:39,2026-09-25 10:39,Newport Rentals,Ellipse,1710,1 Bedroom,price_change,4884,4863,4826,,4884,Now,,759,,0.5 Month Free,2026-09-24,
2026-09-25T14:39,2026-09-25 10:39,Newport Rentals,Ellipse,3706,1 Bedroom,price_change,4884,4863,4826,,4884,12/6/2026,,752,,0.5 Month Free,2026-09-24,
2026-09-25T14:39,2026-09-25 10:39,Newport Rentals,Ellipse,3806,1 Bedroom,price_change,4889,4868,4831,,4889,Now,,752,,0.5 Month Free,2026-09-24,
2026-09-25T14:39,2026-09-25 10:39,Newport Rentals,Bisby,2905,1 Bedroom,price_change,4894,4873,4836,,4894,9/30/2026,,773,,0.5 Month Free,2026-09-24,
2026-09-25T14:39,2026-09-25 10:39,Newport Rentals,Bisby,2405,1 Bedroom,price_change,4894,4873,4836,,4894,10/22/2026,,773,,0.5 Month Free,2026-09-24,
2026-09-25T14:39,2026-09-25 10:39,Newport Rentals,Ellipse,2702,1 Bedroom,price_change,4899,4878,4841,,4899,10/4/2026,,753,,0.5 Month Free,2026-09-24,
2026-09-25T14:39,2026-09-25 10:39,Newport Rentals,Beach,1227,1 Bedroom,price_change,4969,4948,4911,,4969,11/15/2026,,727,,0.5 Month Free,2026-09-24,
2026-09-25T14:39,2026-09-25 10:39,Newport Rentals,Bisby,503,1 Bedroom,price_change,5014,4993,4956,,5014,Now,,835,,0.5 Month Free,2026-09-24,
2026-09-25T14:39,2026-09-25 10:39,Newport Rentals,Beach,322,1 Bedroom,price_change,5039,5018,4981,,5039,Now,,723,,0.5 Month Free,2026-09-24,
2026-09-25T14:39,2026-09-25 10:39,Newport Rentals,Beach,722,1 Bedroom,price_change,5059,5038,5001,,5059,Now,,723,,0.5 Month Free,2026-09-24,
2026-09-25T14:39,2026-09-25 10:39,Newport Rentals,Beach,311,1 Bedroom,price_change,5099,5078,5041,,5099,Now,,761,,0.5 Month Free,2026-09-24,
2026-09-25T14:39,2026-09-25 10:39,Newport Rentals,Bisby,803,1 Bedroom,price_change,5104,5083,5046,,5104,10/25/2026,,835,,0.5 Month Free,2026-09-24,
2026-09-25T14:39,2026-09-25 10:39,Newport Rentals,Beach,1223,1 Bedroom,price_change,5124,5103,5066,,5124,9/30/2026,,730,,0.5 Month Free,2026-09-24,
2026-09-25T17:13,2026-09-25 13:13,Newport Rentals,Ellipse,2702,1 Bedroom,available_change,4899,,4841,,4899,10/11/2026,10/4/2026,753,,0.5 Month Free,2026-09-24,
2026-09-25T17:13,2026-09-25 13:13,Newport Rentals,Beach,1227,1 Bedroom,delisted,4969,,4911,,4969,11/15/2026,,727,,0.5 Month Free,2026-09-24,
2026-09-25T17:13,2026-09-25 13:13,Newport Rentals,East Hampton,2601,1 Bedroom,delisted,4018,,3970,,4018,10/26/2026,,862,,0.5 Month Free,2026-09-24,
2026-09-25T17:13,2026-09-25 13:13,65 Bay Street,65 Bay Street,17-02,1 Bedroom,delisted,4232,,4232,,,Now,,794,Apartment: # 17-02,,2026-09-24,
2026-09-25T20:39,2026-09-25 16:39,Newport Rentals,Southampton,1801,1 Bedroom,listed,3912,,3864,,3912,10/19/2026,,849,,,2026-09-25,
2026-09-25T20:39,2026-09-25 16:39,Newport Rentals,Bisby,2405,1 Bedroom,delisted,4894,,4836,,4894,10/22/2026,,773,,0.5 Month Free,2026-09-24,
2026-09-25T20:39,2026-09-25 16:39,Newport Rentals,Lincoln House,404,1 Bedroom,delisted,3093,,3080,,3093,Now,,716,,0.5 Month Free,2026-09-24,
2026-09-25T20:39,2026-09-25 16:39,Newport Rentals,Parkside West,1415,1 Bedroom,delisted,3347,,3334,,3347,Now,,767,,0.5 Month Free,2026-09-24,
2026-09-25T20:39,2026-09-25 16:39,Liberty Harbor,The Regent,918,1 Bedroom,delisted,3500,,3500,,,Now,,628,PLAN S,,2026-09-24,
2026-09-26T05:00,2026-09-26 01:00,Newport Rentals,Bisby,2403,1 Bedroom,listed,5244,,5186,,5244,10/12/2026,,835,,,2026-09-26,
2026-09-26T05:00,2026-09-26 01:00,Avalon Cove,Avalon Cove,6132,1 Bedroom,listed,4245,,4245,,,12/31/2026,,817,A8,19-month lease,2026-09-26,
2026-09-26T11:27,2026-09-26 07:27,Newport Rentals,Lincoln House,405,1 Bedroom,price_change,3093,3068,3080,,3093,10/18/2026,,700,,0.5 Month Free,2026-09-24,
2026-09-26T11:27,2026-09-26 07:27,Newport Rentals,Lincoln House,626,1 Bedroom,price_change,3128,3103,3115,,3128,Now,,725,,0.5 Month Free,2026-09-24,
2026-09-26T11:27,2026-09-26 07:27,Newport Rentals,Lincoln House,310,1 Bedroom,price_change,3148,3123,3135,,3148,Now,,645,,0.5 Month Free,2026-09-24,
2026-09-26T11:27,2026-09-26 07:27,Newport Rentals,Roosevelt House,201,1 Bedroom,price_change,3168,3143,3135,,3168,10/11/2026,,799,,,2026-09-24,
2026-09-26T11:27,2026-09-26 07:27,Newport Rentals,Lincoln House,324,1 Bedroom,price_change,3163,3138,3150,,3163,Now,,713,,0.5 Month Free,2026-09-24,
2026-09-26T11:27,2026-09-26 07:27,Newport Rentals,Roosevelt House,403,1 Bedroom,price_change,3268,3243,3235,,3268,10/14/2026,,720,,,2026-09-24,
2026-09-26T11:27,2026-09-26 07:27,Newport Rentals,Parkside East,2301,1 Bedroom,price_change,3367,3352,3354,,3367,11/6/2026,,771,,0.5 Month Free,2026-09-24,
2026-09-26T11:27,2026-09-26 07:27,Newport Rentals,Parkside West,1515,1 Bedroom,price_change,3367,3352,3354,,3367,Now,,767,,0.5 Month Free,2026-09-24,
2026-09-26T11:27,2026-09-26 07:27,Newport Rentals,Parkside West,2115,1 Bedroom,price_change,3397,3382,3384,,3397,Now,,767,,0.5 Month Free,2026-09-24,
2026-09-26T11:27,2026-09-26 07:27,Newport Rentals,Parkside East,3001,1 Bedroom,price_change,3452,3437,3439,,3452,10/11/2026,,771,,0.5 Month Free,2026-09-24,
2026-09-26T11:27,2026-09-26 07:27,Newport Rentals,Waterside Square North,906,1 Bedroom,price_change,3452,3437,3439,,3452,10/10/2026,,745,,0.5 Month Free,2026-09-24,
2026-09-26T11:27,2026-09-26 07:27,Newport Rentals,Waterside Square South,1116,1 Bedroom,price_change,3467,3452,3454,,3467,Now,,711,,0.5 Month Free,2026-09-24,
2026-09-26T11:27,2026-09-26 07:27,Newport Rentals,Waterside Square North,814,1 Bedroom,price_change,3537,3522,3524,,3537,Now,,752,,0.5 Month Free,2026-09-24,
2026-09-26T11:27,2026-09-26 07:27,Newport Rentals,Waterside Square North,2016,1 Bedroom,price_change,3542,3527,3529,,3542,Now,,711,,0.5 Month Free,2026-09-24,
2026-09-26T11:27,2026-09-26 07:27,Newport Rentals,Waterside Square South,1710,1 Bedroom,price_change,3542,3527,3529,,3542,10/16/2026,,696,,0.5 Month Free,2026-09-24,
2026-09-26T11:27,2026-09-26 07:27,Newport Rentals,Waterside Square North,1114,1 Bedroom,price_change,3552,3537,3539,,3552,Now,,752,,0.5 Month Free,2026-09-24,
2026-09-26T11:27,2026-09-26 07:27,Newport Rentals,Waterside Square North,2014,1 Bedroom,price_change,3552,3537,3539,,3552,10/11/2026,,752,,0.5 Month Free,2026-09-24,
2026-09-26T11:27,2026-09-26 07:27,Newport Rentals,Waterside Square North,1706,1 Bedroom,price_change,3572,3557,3559,,3572,10/11/2026,,745,,0.5 Month Free,2026-09-24,
2026-09-26T11:27,2026-09-26 07:27,Newport Rentals,Waterside Square North,2214,1 Bedroom,price_change,3602,3587,3589,,3602,Now,,752,,0.5 Month Free,2026-09-24,
2026-09-26T11:27,2026-09-26 07:27,Newport Rentals,Waterside Square North,1710,1 Bedroom,price_change,3602,3587,3589,,3602,12/2/2026,,696,,0.5 Month Free,2026-09-24,
2026-09-26T11:27,2026-09-26 07:27,Newport Rentals,East Hampton,1511,1 Bedroom,price_change,3654,3653,3606,,3654,Now,,743,,0.5 Month Free,2026-09-24,
2026-09-26T11:27,2026-09-26 07:27,Newport Rentals,East Hampton,1711,1 Bedroom,price_change,3664,3663,3616,,3664,10/7/2026,,743,,0.5 Month Free,2026-09-25,
2026-09-26T11:27,2026-09-26 07:27,Newport Rentals,Waterside Square North,407,1 Bedroom,price_change,3652,3637,3639,,3652,Now,,738,,0.5 Month Free,2026-09-24,
2026-09-26T11:27,2026-09-26 07:27,Newport Rentals,Pacific,806,1 Bedroom,price_change,3659,3658,3646,,3659,10/16/2026,,799,,0.5 Month Free,2026-09-24,
2026-09-26T11:27,2026-09-26 07:27,Newport Rentals,East Hampton,3011,1 Bedroom,price_change,3794,3793,3746,,3794,Now,,743,,0.5 Month Free,2026-09-24,
2026-09-26T11:27,2026-09-26 07:27,Newport Rentals,Riverside,612,1 Bedroom,price_change,3859,3858,3811,,3859,10/29/2026,,792,,0.5 Month Free,2026-09-24,
2026-09-26T11:27,2026-09-26 07:27,Newport Rentals,Pacific,2008,1 Bedroom,price_change,3839,3838,3826,,3839,Now,,808,,0.5 Month Free,2026-09-24,
2026-09-26T11:27,2026-09-26 07:27,Newport Rentals,Southampton,406,1 Bedroom,price_change,3874,3873,3826,,3874,10/5/2026,,796,,0.5 Month Free,2026-09-24,
2026-09-26T11:27,2026-09-26 07:27,Newport Rentals,Southampton,508,1 Bedroom,price_change,3879,3878,3831,,3879,Now,,765,,0.5 Month Free,2026-09-24,
2026-09-26T11:27,2026-09-26 07:27,Newport Rentals,Atlantic,2210,1 Bedroom,price_change,3889,3888,3841,,3889,10/7/2026,,899,,0.5 Month Free,2026-09-24,
2026-09-26T11:27,2026-09-26 07:27,Newport Rentals,Riverside,1502,1 Bedroom,price_change,3899,3898,3851,,3899,Now,,818,,0.5 Month Free,2026-09-24,
2026-09-26T11:27,2026-09-26 07:27,Newport Rentals,Southampton,3307,1 Bedroom,price_change,3904,3903,3856,,3904,Now,,838,,0.5 Month Free,2026-09-24,
2026-09-26T11:27,2026-09-26 07:27,Newport Rentals,Southampton,1801,1 Bedroom,price_change,3914,3912,3866,,3914,10/19/2026,,849,,,2026-09-25,
2026-09-26T11:27,2026-09-26 07:27,Newport Rentals,Atlantic,1006,1 Bedroom,price_change,3919,3918,3871,,3919,Now,,795,,0.5 Month Free,2026-09-24,
2026-09-26T11:27,2026-09-26 07:27,Newport Rentals,Atlantic,2810,1 Bedroom,price_change,3919,3918,3871,,3919,10/28/2026,,899,,0.5 Month Free,2026-09-24,
2026-09-26T11:27,2026-09-26 07:27,Newport Rentals,Riverside,1511,1 Bedroom,price_change,3924,3923,3876,,3924,11/20/2026,,834,,0.5 Month Free,2026-09-24,
2026-09-26T11:27,2026-09-26 07:27,Newport Rentals,Pacific,506,1 Bedroom,price_change,3894,3893,3881,,3894,Now,,799,,0.5 Month Free,2026-09-24,
2026-09-26T11:27,2026-09-26 07:27,Newport Rentals,Beach,220,1 Bedroom,price_change,3952,3944,3894,,3952,10/10/2026,,662,,0.5 Month Free,2026-09-24,
2026-09-26T11:27,2026-09-26 07:27,Newport Rentals,Southampton,3312,1 Bedroom,price_change,3949,3948,3901,,3949,11/3/2026,,798,,0.5 Month Free,2026-09-24,
2026-09-26T11:27,2026-09-26 07:27,Newport Rentals,Southampton,3004,1 Bedroom,price_change,3984,3983,3936,,3984,Now,,851,,0.5 Month Free,2026-09-24,
2026-09-26T11:27,2026-09-26 07:27,Newport Rentals,Southampton,2912,1 Bedroom,price_change,3994,3993,3946,,3994,Now,,798,,0.5 Month Free,2026-09-24,
2026-09-26T11:27,2026-09-26 07:27,Newport Rentals,Southampton,808,1 Bedroom,price_change,3994,3993,3946,,3994,10/31/2026,,765,,0.5 Month Free,2026-09-24,
2026-09-26T11:27,2026-09-26 07:27,Newport Rentals,Pacific,2006,1 Bedroom,price_change,3964,3963,3951,,3964,Now,,799,,0.5 Month Free,2026-09-24,
2026-09-26T11:27,2026-09-26 07:27,Newport Rentals,East Hampton,2809,1 Bedroom,price_change,4004,4003,3956,,4004,10/31/2026,,817,,0.5 Month Free,2026-09-24,
2026-09-26T11:27,2026-09-26 07:27,Newport Rentals,Riverside,1005,1 Bedroom,price_change,4004,4003,3956,,4004,Now,,813,,0.5 Month Free,2026-09-24,
2026-09-26T11:27,2026-09-26 07:27,Newport Rentals,East Hampton,415,1 Bedroom,price_change,4014,4013,3966,,4014,Now,,828,,0.5 Month Free,2026-09-24,
2026-09-26T11:27,2026-09-26 07:27,Newport Rentals,East Hampton,715,1 Bedroom,price_change,4054,4053,4006,,4054,9/29/2026,,828,,0.5 Month Free,2026-09-24,
2026-09-26T11:27,2026-09-26 07:27,Newport Rentals,Atlantic,912,1 Bedroom,price_change,4084,4083,4036,,4084,12/3/2026,,796,,0.5 Month Free,2026-09-24,
2026-09-26T11:27,2026-09-26 07:27,Newport Rentals,Atlantic,1508,1 Bedroom,price_change,4089,4088,4041,,4089,Now,,758,,0.5 Month Free,2026-09-24,
2026-09-26T11:27,2026-09-26 07:27,Newport Rentals,Pacific,1907,1 Bedroom,price_change,4059,4058,4046,,4059,Now,,841,,0.5 Month Free,2026-09-24,
2026-09-26T11:27,2026-09-26 07:27,Newport Rentals,Southampton,2407,1 Bedroom,price_change,4094,4093,4046,,4094,11/2/2026,,838,,0.5 Month Free,2026-09-24,
2026-09-26T11:27,2026-09-26 07:27,Newport Rentals,East Hampton,2206,1 Bedroom,price_change,4099,4098,4051,,4099,11/8/2026,,862,,0.5 Month Free,2026-09-24,
2026-09-26T11:27,2026-09-26 07:27,Newport Rentals,Southampton,2008,1 Bedroom,price_change,4099,4098,4051,,4099,Now,,765,,0.5 Month Free,2026-09-24,
2026-09-26T11:27,2026-09-26 07:27,Newport Rentals,East Hampton,701,1 Bedroom,price_change,4104,4103,4056,,4104,10/2/2026,,862,,0.5 Month Free,2026-09-24,
2026-09-26T11:27,2026-09-26 07:27,Newport Rentals,Southampton,2202,1 Bedroom,price_change,4109,4108,4061,,4109,10/9/2026,,821,,0.5 Month Free,2026-09-24,
2026-09-26T11:27,2026-09-26 07:27,Newport Rentals,Atlantic,2806,1 Bedroom,price_change,4114,4113,4066,,4114,Now,,795,,0.5 Month Free,2026-09-24,
2026-09-26T11:27,2026-09-26 07:27,Newport Rentals,Aquablu,418,1 Bedroom,price_change,4122,4114,4079,,4122,9/30/2026,,811,,0.5 Month Free,2026-09-24,
2026-09-26T11:27,2026-09-26 07:27,Newport Rentals,Riverside,2111,1 Bedroom,price_change,4129,4128,4081,,4129,10/16/2026,,834,,0.5 Month Free,2026-09-24,
2026-09-26T11:27,2026-09-26 07:27,Newport Rentals,East Hampton,809,1 Bedroom,price_change,4149,4148,4101,,4149,10/8/2026,,817,,0.5 Month Free,2026-09-24,
2026-09-26T11:27,2026-09-26 07:27,Newport Rentals,Riverside,505,1 Bedroom,price_change,4154,4153,4106,,4154,Now,,828,,0.5 Month Free,2026-09-24,
2026-09-26T11:27,2026-09-26 07:27,Newport Rentals,Riverside,905,1 Bedroom,price_change,4174,4173,4126,,4174,10/22/2026,,813,,0.5 Month Free,2026-09-24,
2026-09-26T11:27,2026-09-26 07:27,Newport Rentals,Atlantic,2701,1 Bedroom,price_change,4184,4183,4136,,4184,10/25/2026,,860,,0.5 Month Free,2026-09-24,
2026-09-26T11:27,2026-09-26 07:27,Newport Rentals,Atlantic,1404,1 Bedroom,price_change,4194,4193,4146,,4194,Now,,880,,0.5 Month Free,2026-09-24,
2026-09-26T11:27,2026-09-26 07:27,Newport Rentals,East Hampton,1808,1 Bedroom,price_change,4194,4193,4146,,4194,Now,,832,,0.5 Month Free,2026-09-24,
2026-09-26T11:27,2026-09-26 07:27,Newport Rentals,Riverside,2107,1 Bedroom,price_change,4204,4203,4156,,4204,10/28/2026,,815,,0.5 Month Free,2026-09-24,
2026-09-26T11:27,2026-09-26 07:27,Newport Rentals,Atlantic,3406,1 Bedroom,price_change,4209,4208,4161,,4209,Now,,795,,0.5 Month Free,2026-09-24,
2026-09-26T11:27,2026-09-26 07:27,Newport Rentals,Southampton,3108,1 Bedroom,price_change,4219,4218,4171,,4219,Now,,765,,0.5 Month Free,2026-09-24,
2026-09-26T11:27,2026-09-26 07:27,Newport Rentals,Atlantic,111,1 Bedroom,price_change,4224,4223,4176,,4224,12/4/2026,,1000,,0.5 Month Free,2026-09-24,
2026-09-26T11:27,2026-09-26 07:27,Newport Rentals,Riverside,2607,1 Bedroom,price_change,4229,4228,4181,,4229,Now,,815,,0.5 Month Free,2026-09-24,
2026-09-26T11:27,2026-09-26 07:27,Newport Rentals,East Hampton,706,1 Bedroom,price_change,4254,4253,4206,,4254,Now,,862,,0.5 Month Free,2026-09-24,
2026-09-26T11:27,2026-09-26 07:27,Newport Rentals,Aquablu,621,1 Bedroom,price_change,4257,4249,4214,,4257,Now,,816,,0.5 Month Free,2026-09-24,
2026-09-26T11:27,2026-09-26 07:27,Newport Rentals,Atlantic,2101,1 Bedroom,price_change,4329,4328,4281,,4329,Now,,860,,0.5 Month Free,2026-09-24,
2026-09-26T11:27,2026-09-26 07:27,Newport Rentals,Aquablu,624,1 Bedroom,price_change,4332,4324,4289,,4332,Now,,812,,0.5 Month Free,2026-09-24,
2026-09-26T11:27,2026-09-26 07:27,Newport Rentals,Atlantic,1202,1 Bedroom,price_change,4349,4348,4301,,4349,Now,,794,,0.5 Month Free,2026-09-24,
2026-09-26T11:27,2026-09-26 07:27,Newport Rentals,Atlantic,3412,1 Bedroom,price_change,4379,4378,4331,,4379,10/16/2026,,796,,0.5 Month Free,2026-09-24,
2026-09-26T11:27,2026-09-26 07:27,Newport Rentals,Atlantic,3401,1 Bedroom,price_change,4394,4393,4346,,4394,10/21/2026,,860,,0.5 Month Free,2026-09-24,
2026-09-26T11:27,2026-09-26 07:27,Newport Rentals,Atlantic,2302,1 Bedroom,price_change,4399,4398,4351,,4399,11/5/2026,,794,,0.5 Month Free,2026-09-24,
2026-09-26T11:27,2026-09-26 07:27,Newport Rentals,Aquablu,2404,1 Bedroom,price_change,4492,4484,4449,,4492,Now,,790,,0.5 Month Free,2026-09-24,
2026-09-26T11:27,2026-09-26 07:27,Newport Rentals,Bisby,207,1 Bedroom,price_change,4507,4499,4449,,4507,Now,,780,,0.5 Month Free,2026-09-24,
2026-09-26T11:27,2026-09-26 07:27,Newport Rentals,Beach,708,1 Bedroom,price_change,4572,4564,4514,,4572,Now,,552,,0.5 Month Free,2026-09-24,
2026-09-26T11:27,2026-09-26 07:27,Newport Rentals,Aquablu,1604,1 Bedroom,price_change,4652,4644,4609,,4652,Now,,790,,0.5 Month Free,2026-09-24,
2026-09-26T11:27,2026-09-26 07:27,Newport Rentals,Bisby,505,1 Bedroom,price_change,4722,4714,4664,,4722,11/4/2026,,773,,0.5 Month Free,2026-09-24,
2026-09-26T11:27,2026-09-26 07:27,Newport Rentals,Bisby,1806,1 Bedroom,price_change,4722,4714,4664,,4722,11/19/2026,,795,,1 Month Free,2026-09-24,
2026-09-26T11:27,2026-09-26 07:27,Newport Rentals,Aquablu,2804,1 Bedroom,price_change,4712,4704,4669,,4712,Now,,790,,0.5 Month Free,2026-09-24,
2026-09-26T11:27,2026-09-26 07:27,Newport Rentals,Ellipse,306,1 Bedroom,price_change,4727,4719,4669,,4727,11/6/2026,,742,,0.5 Month Free,2026-09-24,
2026-09-26T11:27,2026-09-26 07:27,Newport Rentals,Bisby,705,1 Bedroom,price_change,4757,4749,4699,,4757,Now,,773,,0.5 Month Free,2026-09-24,
2026-09-26T11:27,2026-09-26 07:27,Newport Rentals,Bisby,407,1 Bedroom,price_change,4767,4759,4709,,4767,12/7/2026,,780,,0.5 Month Free,2026-09-24,
2026-09-26T11:27,2026-09-26 07:27,Newport Rentals,Bisby,507,1 Bedroom,price_change,4772,4764,4714,,4772,Now,,780,,1 Month Free,2026-09-24,
2026-09-26T11:27,2026-09-26 07:27,Newport Rentals,Ellipse,1606,1 Bedroom,price_change,4787,4779,4729,,4787,Now,,742,,0.5 Month Free,2026-09-24,
2026-09-26T11:27,2026-09-26 07:27,Newport Rentals,Ellipse,2806,1 Bedroom,price_change,4847,4839,4789,,4847,Now,,742,,0.5 Month Free,2026-09-24,
2026-09-26T11:27,2026-09-26 07:27,Newport Rentals,Ellipse,910,1 Bedroom,price_change,4857,4849,4799,,4857,Now,,759,,0.5 Month Free,2026-09-24,
2026-09-26T11:27,2026-09-26 07:27,Newport Rentals,Ellipse,3506,1 Bedroom,price_change,4882,4874,4824,,4882,9/28/2026,,752,,0.5 Month Free,2026-09-24,
2026-09-26T11:27,2026-09-26 07:27,Newport Rentals,Ellipse,2202,1 Bedroom,price_change,4882,4874,4824,,4882,10/6/2026,,753,,0.5 Month Free,2026-09-24,
2026-09-26T11:27,2026-09-26 07:27,Newport Rentals,Bisby,409,1 Bedroom,price_change,4892,4884,4834,,4892,10/24/2026,,827,,0.5 Month Free,2026-09-24,
2026-09-26T11:27,2026-09-26 07:27,Newport Rentals,Ellipse,1710,1 Bedroom,price_change,4892,4884,4834,,4892,Now,,759,,0.5 Month Free,2026-09-24,
2026-09-26T11:27,2026-09-26 07:27,Newport Rentals,Ellipse,3706,1 Bedroom,price_change,4892,4884,4834,,4892,12/6/2026,,752,,0.5 Month Free,2026-09-24,
2026-09-26T11:27,2026-09-26 07:27,Newport Rentals,Ellipse,3806,1 Bedroom,price_change,4897,4889,4839,,4897,Now,,752,,0.5 Month Free,2026-09-24,
2026-09-26T11:27,2026-09-26 07:27,Newport Rentals,Bisby,2905,1 Bedroom,price_change,4902,4894,4844,,4902,9/30/2026,,773,,0.5 Month Free,2026-09-24,
2026-09-26T11:27,2026-09-26 07:27,Newport Rentals,Ellipse,2702,1 Bedroom,price_change,4907,4899,4849,,4907,10/11/2026,,753,,0.5 Month Free,2026-09-24,
2026-09-26T11:27,2026-09-26 07:27,Newport Rentals,Bisby,503,1 Bedroom,price_change,5022,5014,4964,,5022,Now,,835,,0.5 Month Free,2026-09-24,
2026-09-26T11:27,2026-09-26 07:27,Newport Rentals,Bisby,603,1 Bedroom,listed,5027,,4969,,5027,Now,,835,,,2026-09-26,
2026-09-26T11:27,2026-09-26 07:27,Newport Rentals,Beach,322,1 Bedroom,price_change,5047,5039,4989,,5047,Now,,723,,0.5 Month Free,2026-09-24,
2026-09-26T11:27,2026-09-26 07:27,Newport Rentals,Beach,722,1 Bedroom,price_change,5067,5059,5009,,5067,Now,,723,,0.5 Month Free,2026-09-24,
2026-09-26T11:27,2026-09-26 07:27,Newport Rentals,Beach,311,1 Bedroom,price_change,5107,5099,5049,,5107,Now,,761,,0.5 Month Free,2026-09-24,
2026-09-26T11:27,2026-09-26 07:27,Newport Rentals,Bisby,803,1 Bedroom,price_change,5112,5104,5054,,5112,10/25/2026,,835,,0.5 Month Free,2026-09-24,
2026-09-26T11:27,2026-09-26 07:27,Newport Rentals,Beach,1223,1 Bedroom,price_change,5132,5124,5074,,5132,9/30/2026,,730,,0.5 Month Free,2026-09-24,
2026-09-26T11:27,2026-09-26 07:27,Newport Rentals,Bisby,2403,1 Bedroom,price_change,5252,5244,5194,,5252,10/12/2026,,835,,,2026-09-26,
2026-09-26T11:27,2026-09-26 07:27,Liberty Harbor,333 Grand,309,1 Bedroom,delisted,3390,,3390,,,Now,,661,PLAN AF,,2026-09-25,
2026-09-26T11:27,2026-09-26 07:27,235 Grand,235 Grand,4412,1 Bedroom,price_change,4155,4140,4155,4590,,10/18/2026,,,Floor Plan Video,,2026-09-24,
2026-09-26T11:27,2026-09-26 07:27,235 Grand,235 Grand,0626,1 Bedroom,price_change,4030,4015,4030,4470,,10/31/2026,,,Floor Plan Video,,2026-09-24,
2026-09-26T11:27,2026-09-26 07:27,235 Grand,235 Grand,0803,1 Bedroom,price_change,3965,3955,3965,4405,,11/6/2026,,,Floor Plan Video,,2026-09-24,
2026-09-26T11:27,2026-09-26 07:27,235 Grand,235 Grand,0423,1 Bedroom,price_change,3980,3970,3980,4415,,11/7/2026,,,Floor Plan Video,,2026-09-24,
2026-09-26T11:27,2026-09-26 07:27,235 Grand,235 Grand,1702,1 Bedroom,price_change,3895,3885,3895,4325,,11/7/2026,,,Floor Plan Video,,2026-09-24,
2026-09-26T11:27,2026-09-26 07:27,235 Grand,235 Grand,4303,1 Bedroom,price_change,4165,4155,4165,4615,,11/7/2026,,,Floor Plan Video,,2026-09-24,
2026-09-26T11:27,2026-09-26 07:27,235 Grand,235 Grand,2604,1 Bedroom,price_change,3865,3855,3865,4285,,11/8/2026,,,Floor Plan Video,,2026-09-24,
2026-09-26T11:27,2026-09-26 07:27,235 Grand,235 Grand,2112,1 Bedroom,price_change,3755,3740,3755,4170,,11/25/2026,,,Floor Plan Video,,2026-09-24,
2026-09-26T11:27,2026-09-26 07:27,235 Grand,235 Grand,2312,1 Bedroom,price_change,3805,3790,3805,4240,,12/6/2026,,,Floor Plan Video,,2026-09-24,
2026-09-26T11:27,2026-09-26 07:27,235 Grand,235 Grand,3108,1 Bedroom,price_change,4000,3985,4000,4445,,12/7/2026,,,Floor Plan Video,,2026-09-24,
2026-09-26T11:27,2026-09-26 07:27,235 Grand,235 Grand,3904,1 Bedroom,price_change,3925,3910,3925,4335,,12/20/2026,,,Floor Plan Video,,2026-09-24,
2026-09-26T11:27,2026-09-26 07:27,18 Park,18 Park,1031,1 Bedroom,price_change,3630,3620,3630,4005,,10/13/2026,,651,Floor Plan Video,,2026-09-24,
2026-09-26T11:27,2026-09-26 07:27,18 Park,18 Park,PH18,1 Bedroom,price_change,3755,3745,3755,4140,,10/13/2026,,651,Floor Plan Video,,2026-09-24,
2026-09-26T11:27,2026-09-26 07:27,18 Park,18 Park,0610,1 Bedroom,price_change,3600,3590,3600,3950,,10/17/2026,,651,Floor Plan Video,,2026-09-24,
2026-09-26T11:27,2026-09-26 07:27,18 Park,18 Park,0432,1 Bedroom,price_change,3710,3700,3710,4080,,10/30/2026,,651,Floor Plan Video,,2026-09-24,
2026-09-26T11:27,2026-09-26 07:27,18 Park,18 Park,0743,1 Bedroom,price_change,3875,3865,3875,4250,,10/31/2026,,651,Floor Plan Video,,2026-09-24,
2026-09-26T11:27,2026-09-26 07:27,18 Park,18 Park,0945,1 Bedroom,price_change,3900,3890,3900,4275,,11/7/2026,,651,Floor Plan Video,,2026-09-24,
2026-09-26T11:27,2026-09-26 07:27,18 Park,18 Park,0634,1 Bedroom,price_change,3720,3710,3720,4100,,12/7/2026,,651,Floor Plan Video,,2026-09-24,
2026-09-26T11:27,2026-09-26 07:27,18 Park,18 Park,0930,1 Bedroom,price_change,3745,3735,3745,4130,,12/7/2026,,637,Floor Plan Video,,2026-09-24,
2026-09-26T11:27,2026-09-26 07:27,18 Park,18 Park,1035,1 Bedroom,price_change,3630,3620,3630,3980,,12/21/2026,,651,Floor Plan Video,,2026-09-24,
2026-09-26T11:27,2026-09-26 07:27,65 Bay Street,65 Bay Street,30-09,1 Bedroom,price_change,4044,4028,4044,,,Now,,685,Apartment: # 30-09,,2026-09-24,
2026-09-26T11:27,2026-09-26 07:27,65 Bay Street,65 Bay Street,18-09,1 Bedroom,price_change,3899,3883,3899,,,Now,,685,Apartment: # 18-09,,2026-09-24,
2026-09-26T11:27,2026-09-26 07:27,65 Bay Street,65 Bay Street,08-01,1 Bedroom,price_change,3824,3808,3824,,,Now,,685,Apartment: # 08-01,,2026-09-24,
2026-09-26T11:27,2026-09-26 07:27,65 Bay Street,65 Bay Street,25-08,1 Bedroom,price_change,4489,4472,4489,,,Now,,794,Apartment: # 25-08,,2026-09-24,
2026-09-26T11:27,2026-09-26 07:27,65 Bay Street,65 Bay Street,27-02,1 Bedroom,price_change,4429,4412,4429,,,Now,,794,Apartment: # 27-02,,2026-09-24,
2026-09-26T11:27,2026-09-26 07:27,65 Bay Street,65 Bay Street,22-07,1 Bedroom,price_change,4883,4898,4883,,,Now,,,Apartment: # 22-07,,2026-09-24,
2026-09-26T11:27,2026-09-26 07:27,65 Bay Street,65 Bay Street,30-07,1 Bedroom,price_change,4923,4938,4923,,,Now,,,Apartment: # 30-07,,2026-09-24,
2026-09-26T11:27,2026-09-26 07:27,Avalon Cove,Avalon Cove,5221,1 Bedroom,price_change,3640,3645,3640,,,10/31/2026,,693,A2,10-month lease,2026-09-24,
2026-09-26T11:27,2026-09-26 07:27,Avalon Cove,Avalon Cove,4117,1 Bedroom,price_change,4135,4160,4135,,,10/10/2026,,778,A18,22-month lease,2026-09-24,
2026-09-26T11:27,2026-09-26 07:27,Avalon Cove,Avalon Cove,2125,1 Bedroom,price_change,3855,3880,3855,,,10/17/2026,,805,A7,10-month lease,2026-09-24,
2026-09-26T16:25,2026-09-26 12:25,Newport Rentals,Roosevelt House,201,1 Bedroom,delisted,3168,,3135,,3168,10/11/2026,,799,,,2026-09-24,
2026-09-26T18:39,2026-09-26 14:39,Liberty Harbor,88 Regent,2404,1 Bedroom,available_change,4009,,4009,,,10/11/2026,9/30/2026,636,,,2026-09-24,
2026-09-26T18:39,2026-09-26 14:39,Liberty Harbor,88 Regent,1504,1 Bedroom,available_change,3950,,3950,,,11/11/2026,10/31/2026,636,,,2026-09-24,
2026-09-26T18:39,2026-09-26 14:39,Liberty Harbor,88 Regent,2804,1 Bedroom,listed,4010,,4010,,,11/11/2026,,636,,,2026-09-26,
2026-09-26T18:39,2026-09-26 14:39,Liberty Harbor,88 Regent,908,1 Bedroom,price_change,3685,4020,3685,,,Now,,653,,discounted,2026-09-24,
2026-09-26T18:39,2026-09-26 14:39,Liberty Harbor,88 Regent,307,1 Bedroom,available_change,3695,,3695,,,11/11/2026,10/31/2026,653,,,2026-09-24,
2026-09-26T18:39,2026-09-26 14:39,Liberty Harbor,88 Regent,2011,1 Bedroom,available_change,4186,,4186,,,11/11/2026,10/31/2026,660,,,2026-09-24,
2026-09-26T18:39,2026-09-26 14:39,Liberty Harbor,88 Regent,3001,1 Bedroom,available_change,4133,,4133,,,11/11/2026,10/31/2026,661,,,2026-09-24,
2026-09-26T18:39,2026-09-26 14:39,Liberty Harbor,88 Regent,1708,1 Bedroom,price_change,3470,3785,3470,,,Now,,594,,discounted,2026-09-24,
2026-09-26T18:39,2026-09-26 14:39,Liberty Harbor,88 Regent,914,1 Bedroom,available_change,3563,,3563,,,10/11/2026,9/30/2026,594,,,2026-09-24,
2026-09-26T18:39,2026-09-26 14:39,Liberty Harbor,88 Regent,1905,1 Bedroom,available_change,3911,,3911,,,10/11/2026,9/30/2026,636,,,2026-09-24,
2026-09-26T18:39,2026-09-26 14:39,Liberty Harbor,88 Regent,PH3305,1 Bedroom,listed,3960,,3960,,,10/11/2026,,636,,,2026-09-26,
2026-09-26T18:39,2026-09-26 14:39,Liberty Harbor,88 Regent,811,1 Bedroom,available_change,3960,,3960,,,10/11/2026,9/30/2026,653,,,2026-09-24,
2026-09-26T18:39,2026-09-26 14:39,Liberty Harbor,88 Regent,504,1 Bedroom,available_change,3761,,3761,,,10/11/2026,9/30/2026,663,,,2026-09-24,
2026-09-26T18:39,2026-09-26 14:39,Liberty Harbor,50 Regent,304,1 Bedroom,listed,3378,,3378,,,10/2/2026,,741,,discounted,2026-09-26,
2026-09-26T18:39,2026-09-26 14:39,Liberty Harbor,50 Regent,504,1 Bedroom,available_change,3815,,3815,,,11/11/2026,10/31/2026,741,,,2026-09-24,
2026-09-26T18:39,2026-09-26 14:39,Liberty Harbor,50 Regent,915,1 Bedroom,available_change,3613,,3613,,,10/11/2026,9/30/2026,667,,,2026-09-24,
2026-09-26T18:39,2026-09-26 14:39,Liberty Harbor,50 Regent,620,1 Bedroom,price_change,3231,3525,3231,,,Now,,667,,discounted,2026-09-24,
2026-09-26T18:39,2026-09-26 14:39,Liberty Harbor,50 Regent,808,1 Bedroom,available_change,3610,,3610,,,11/11/2026,10/31/2026,667,,,2026-09-24,
2026-09-26T18:39,2026-09-26 14:39,Liberty Harbor,The Zenith,213,1 Bedroom,price_change,3117,3400,3117,,,Now,,871,,discounted,2026-09-24,
2026-09-26T18:39,2026-09-26 14:39,Liberty Harbor,The Zenith,204,1 Bedroom,available_change,3638,,3638,,,10/11/2026,9/30/2026,849,,,2026-09-24,
2026-09-26T18:39,2026-09-26 14:39,Liberty Harbor,The Zenith,811,1 Bedroom,price_change,3282,3580,3282,,,Now,,736,,discounted,2026-09-24,
2026-09-26T18:39,2026-09-26 14:39,Liberty Harbor,The Zenith,711,1 Bedroom,price_change,3277,3575,3277,,,9/30/2026,,736,,discounted,2026-09-24,
2026-09-26T18:39,2026-09-26 14:39,Liberty Harbor,The Zenith,711,1 Bedroom,available_change,3277,,3277,,,9/30/2026,Now,736,,discounted,2026-09-24,
2026-09-26T18:39,2026-09-26 14:39,Liberty Harbor,The Zenith,512,1 Bedroom,price_change,3254,3550,3254,,,Now,,731,,discounted,2026-09-24,
2026-09-26T18:39,2026-09-26 14:39,Liberty Harbor,The Zenith,712,1 Bedroom,price_change,3218,3510,3218,,,Now,,731,,discounted,2026-09-24,
2026-09-26T18:39,2026-09-26 14:39,Liberty Harbor,The Zenith,812,1 Bedroom,listed,3687,,3687,,,10/11/2026,,731,,,2026-09-26,
2026-09-26T18:39,2026-09-26 14:39,Liberty Harbor,The Zenith,608,1 Bedroom,price_change,3080,3360,3080,,,Now,,702,,discounted,2026-09-24,
2026-09-26T18:39,2026-09-26 14:39,Liberty Harbor,The Zenith,718,1 Bedroom,price_change,3369,3675,3369,,,Now,,700,,discounted,2026-09-24,
2026-09-26T18:39,2026-09-26 14:39,Liberty Harbor,The Zenith,618,1 Bedroom,available_change,3638,,3638,,,10/11/2026,9/30/2026,700,,,2026-09-24,
2026-09-26T18:39,2026-09-26 14:39,Liberty Harbor,The Zenith,820,1 Bedroom,price_change,3323,3625,3323,,,Now,,669,,discounted,2026-09-24,
2026-09-26T18:39,2026-09-26 14:39,Liberty Harbor,The Zenith,507,1 Bedroom,price_change,3011,3285,3011,,,Now,,664,,discounted,2026-09-24,
2026-09-26T18:39,2026-09-26 14:39,Liberty Harbor,The Zenith,719,1 Bedroom,price_change,3254,3550,3254,,,Now,,662,,discounted,2026-09-24,
2026-09-26T18:39,2026-09-26 14:39,Liberty Harbor,The Zenith,819,1 Bedroom,price_change,3277,3575,3277,,,Now,,662,,discounted,2026-09-24,
2026-09-26T18:39,2026-09-26 14:39,Liberty Harbor,The Zenith,211,1 Bedroom,price_change,3144,3430,3144,,,Now,,600,,discounted,2026-09-24,
2026-09-26T18:39,2026-09-26 14:39,Liberty Harbor,The Regent,221,1 Bedroom,price_change,3112,3395,3112,,,Now,,628,,discounted,2026-09-24,
2026-09-26T18:39,2026-09-26 14:39,Liberty Harbor,The Regent,521,1 Bedroom,price_change,3291,3590,3291,,,10/4/2026,,628,,discounted,2026-09-24,
2026-09-26T18:39,2026-09-26 14:39,Liberty Harbor,The Regent,521,1 Bedroom,available_change,3291,,3291,,,10/4/2026,Now,628,,discounted,2026-09-24,
2026-09-26T18:39,2026-09-26 14:39,Liberty Harbor,The Regent,702,1 Bedroom,price_change,3350,3655,3350,,,10/4/2026,,654,,discounted,2026-09-24,
2026-09-26T18:39,2026-09-26 14:39,Liberty Harbor,The Regent,702,1 Bedroom,available_change,3350,,3350,,,10/4/2026,Now,654,,discounted,2026-09-24,
2026-09-26T18:39,2026-09-26 14:39,Liberty Harbor,The Regent,902,1 Bedroom,available_change,3365,,3365,,,10/11/2026,9/30/2026,654,,,2026-09-24,
2026-09-26T18:39,2026-09-26 14:39,Liberty Harbor,The Regent,211,1 Bedroom,price_change,3218,3510,3218,,,9/29/2026,,748,,discounted,2026-09-24,
2026-09-26T18:39,2026-09-26 14:39,Liberty Harbor,The Regent,211,1 Bedroom,available_change,3218,,3218,,,9/29/2026,Now,748,,discounted,2026-09-24,
2026-09-26T18:39,2026-09-26 14:39,Liberty Harbor,The Regent,411,1 Bedroom,available_change,3625,,3625,,,11/11/2026,10/31/2026,748,,,2026-09-24,
2026-09-26T18:39,2026-09-26 14:39,Liberty Harbor,The Regent,610,1 Bedroom,price_change,3048,3325,3048,,,Now,,623,,discounted,2026-09-24,
2026-09-26T18:39,2026-09-26 14:39,Liberty Harbor,The Regent,203,1 Bedroom,available_change,3490,,3490,,,10/16/2026,10/5/2026,628,,,2026-09-24,
2026-09-26T18:39,2026-09-26 14:39,Liberty Harbor,The Regent,618,1 Bedroom,price_change,3163,3450,3163,,,Now,,628,,discounted,2026-09-24,
2026-09-26T18:39,2026-09-26 14:39,Liberty Harbor,The Regent,719,1 Bedroom,price_change,3195,3485,3195,,,Now,,654,,discounted,2026-09-24,
2026-09-26T18:39,2026-09-26 14:39,Liberty Harbor,The Regent,601,1 Bedroom,available_change,3415,,3415,,,10/12/2026,10/1/2026,673,,,2026-09-24,
2026-09-26T18:39,2026-09-26 14:39,Liberty Harbor,The Regent,406,1 Bedroom,available_change,3563,,3563,,,10/11/2026,9/30/2026,789,,,2026-09-24,
2026-09-26T18:39,2026-09-26 14:39,Liberty Harbor,The Junction,402,1 Bedroom,price_change,3227,3520,3227,,,Now,,674,,discounted,2026-09-24,
2026-09-26T18:39,2026-09-26 14:39,Liberty Harbor,333 Grand,612,1 Bedroom,available_change,3737,,3737,,,10/17/2026,10/6/2026,746,,,2026-09-24,
2026-09-26T18:39,2026-09-26 14:39,Liberty Harbor,333 Grand,305,1 Bedroom,price_change,3369,3675,3369,,,Now,,686,,discounted,2026-09-24,
2026-09-26T18:39,2026-09-26 14:39,Liberty Harbor,333 Grand,1007,1 Bedroom,price_change,3309,3610,3309,,,Now,,671,,discounted,2026-09-25,
2026-09-26T18:39,2026-09-26 14:39,Liberty Harbor,333 Grand,304,1 Bedroom,price_change,3231,3525,3231,,,9/29/2026,,671,,discounted,2026-09-24,
2026-09-26T18:39,2026-09-26 14:39,Liberty Harbor,333 Grand,304,1 Bedroom,available_change,3231,,3231,,,9/29/2026,Now,671,,discounted,2026-09-24,
2026-09-26T18:39,2026-09-26 14:39,Liberty Harbor,333 Grand,813,1 Bedroom,available_change,3535,,3535,,,10/9/2026,9/28/2026,661,,,2026-09-24,
2026-09-26T18:39,2026-09-26 14:39,Liberty Harbor,333 Grand,314,1 Bedroom,price_change,3158,3445,3158,,,Now,,650,,discounted,2026-09-24,
2026-09-26T18:39,2026-09-26 14:39,Liberty Harbor,333 Grand,1218,1 Bedroom,price_change,3426,3737,3426,,,10/11/2026,,650,,discounted,2026-09-24,
2026-09-26T18:39,2026-09-26 14:39,Liberty Harbor,333 Grand,1218,1 Bedroom,available_change,3426,,3426,,,10/11/2026,9/30/2026,650,,discounted,2026-09-24,
2026-09-26T18:39,2026-09-26 14:39,Liberty Harbor,333 Grand,906,1 Bedroom,available_change,3725,,3725,,,10/13/2026,10/2/2026,646,,,2026-09-24,
2026-09-26T18:39,2026-09-26 14:39,Liberty Harbor,333 Grand,703,1 Bedroom,price_change,3218,3510,3218,,,Now,,643,,discounted,2026-09-24,
2026-09-26T18:39,2026-09-26 14:39,Liberty Harbor,333 Grand,1203,1 Bedroom,price_change,3318,3620,3318,,,9/29/2026,,643,,discounted,2026-09-24,
2026-09-26T18:39,2026-09-26 14:39,Liberty Harbor,333 Grand,1203,1 Bedroom,available_change,3318,,3318,,,9/29/2026,Now,643,,discounted,2026-09-24,
2026-09-26T18:39,2026-09-26 14:39,Liberty Harbor,333 Grand,1204,1 Bedroom,available_change,3775,,3775,,,11/11/2026,10/31/2026,620,,,2026-09-24,
2026-09-26T23:39,2026-09-26 19:39,Newport Rentals,Bisby,2403,1 Bedroom,delisted,5252,,5194,,5252,10/12/2026,,835,,,2026-09-26,
2026-09-27T01:40,2026-09-26 21:40,Equity Apartments,,,,site_failed,,,,,,,,,,,,"GET https://www.equityapartments.com/new-york-city/jersey-city/hudson-point-apartments -> HTTP 403, 5,945 bytes"
2026-09-27T01:40,2026-09-26 21:40,IronState Properties,50 Columbus,5255677,1 Bedroom,listed,3535,,3535,,,10/21/2026,,678,5255677,,2026-09-27,first run
2026-09-27T01:40,2026-09-26 21:40,IronState Properties,50 Columbus,4775281,1 Bedroom,listed,3810,,3810,,,10/09/2026,,781,4775281,,2026-09-27,first run
2026-09-27T01:40,2026-09-26 21:40,IronState Properties,50 Columbus,4775840,1 Bedroom,listed,4370,,4370,,,10/10/2026,,837,4775840,,2026-09-27,first run
2026-09-27T01:40,2026-09-26 21:40,IronState Properties,50 Columbus,4775841,1 Bedroom,listed,4245,,4245,,,12/03/2026,,840,4775841,,2026-09-27,first run
2026-09-27T01:40,2026-09-26 21:40,IronState Properties,The Gotham,5059848,1 Bedroom,listed,3405,,3405,,,,,680,5059848,,2026-09-27,first run
2026-09-27T01:40,2026-09-26 21:40,IronState Properties,The Gotham,5059868,1 Bedroom,listed,3425,,3425,,,10/14/2026,,708,5059868,,2026-09-27,first run
2026-09-27T01:40,2026-09-26 21:40,IronState Properties,The Gotham,5059872,1 Bedroom,listed,3625,,3625,,,,,715,5059872,,2026-09-27,first run
2026-09-27T01:40,2026-09-26 21:40,IronState Properties,The Gotham,5059882,1 Bedroom,listed,3610,,3610,,,10/29/2026,,799,5059882,,2026-09-27,first run
2026-09-27T01:40,2026-09-26 21:40,IronState Properties,70 Columbus,2042222,1 Bedroom,listed,3760,,3760,,,10/21/2026,,660,2042222,,2026-09-27,first run
2026-09-27T01:40,2026-09-26 21:40,IronState Properties,90 Columbus,2442555,1 Bedroom,listed,4050,,4050,,,11/30/2026,,676,2442555,,2026-09-27,first run
2026-09-27T01:40,2026-09-26 21:40,IronState Properties,90 Columbus,2442623,1 Bedroom,listed,3800,,3800,,,11/08/2026,,692,2442623,,2026-09-27,first run
2026-09-27T01:40,2026-09-26 21:40,IronState Properties,90 Columbus,2442655,1 Bedroom,listed,4295,,4295,,,11/04/2026,,694,2442655,,2026-09-27,first run
2026-09-27T01:40,2026-09-26 21:40,IronState Properties,90 Columbus,2442631,1 Bedroom,listed,4290,,4290,,,11/15/2026,,708,2442631,,2026-09-27,first run
2026-09-27T01:44,2026-09-26 21:44,Liberty Harbor,,,,site_failed,,,,,,,,,,,,UNITS_DYNAMIC not found in page - the site's layout may have changed
2026-09-27T01:44,2026-09-26 21:44,Equity Apartments,,,,site_failed,,,,,,,,,,,,"GET https://www.equityapartments.com/new-york-city/jersey-city/hudson-point-apartments -> HTTP 403, 6,223 bytes"
2026-09-27T01:44,2026-09-26 21:44,IronState Properties,,,,site_failed,,,,,,,,,,,,no units parsed
2026-09-27T01:50,2026-09-26 21:50,Equity Apartments,,,,site_failed,,,,,,,,,,,,"GET https://www.equityapartments.com/new-york-city/jersey-city/hudson-point-apartments (via proxy) -> HTTP 500, 579 bytes"
2026-09-27T01:55,2026-09-26 21:55,Equity Apartments,,,,site_failed,,,,,,,,,,,,"HTTPSConnectionPool(host='thingproxy.freeboard.io', port=443): Max retries exceeded with url: /fetch/https://www.equityapartments.com/new-york-city/jersey-city/hudson-point-apartments (Caused by NameR"
2026-09-27T12:05,2026-09-27 08:05,Newport Rentals,Lincoln House,405,1 Bedroom,price_change,3114,3093,3101,,3114,10/18/2026,,700,,0.5 Month Free,2026-09-24,
2026-09-27T12:05,2026-09-27 08:05,Newport Rentals,Lincoln House,626,1 Bedroom,price_change,3149,3128,3136,,3149,Now,,725,,0.5 Month Free,2026-09-24,
2026-09-27T12:05,2026-09-27 08:05,Newport Rentals,Lincoln House,310,1 Bedroom,price_change,3169,3148,3156,,3169,Now,,645,,0.5 Month Free,2026-09-24,
2026-09-27T12:05,2026-09-27 08:05,Newport Rentals,Lincoln House,324,1 Bedroom,price_change,3184,3163,3171,,3184,Now,,713,,0.5 Month Free,2026-09-24,
2026-09-27T12:05,2026-09-27 08:05,Newport Rentals,Roosevelt House,403,1 Bedroom,price_change,3289,3268,3256,,3289,10/14/2026,,720,,,2026-09-24,
2026-09-27T12:05,2026-09-27 08:05,Newport Rentals,Parkside East,2301,1 Bedroom,price_change,3358,3367,3345,,3358,11/6/2026,,771,,0.5 Month Free,2026-09-24,
2026-09-27T12:05,2026-09-27 08:05,Newport Rentals,Parkside West,1515,1 Bedroom,price_change,3358,3367,3345,,3358,Now,,767,,0.5 Month Free,2026-09-24,
2026-09-27T12:05,2026-09-27 08:05,Newport Rentals,Parkside West,2115,1 Bedroom,price_change,3388,3397,3375,,3388,Now,,767,,0.5 Month Free,2026-09-24,
2026-09-27T12:05,2026-09-27 08:05,Newport Rentals,Parkside East,3001,1 Bedroom,price_change,3443,3452,3430,,3443,10/11/2026,,771,,0.5 Month Free,2026-09-24,
2026-09-27T12:05,2026-09-27 08:05,Newport Rentals,Waterside Square North,906,1 Bedroom,price_change,3443,3452,3430,,3443,10/10/2026,,745,,0.5 Month Free,2026-09-24,
2026-09-27T12:05,2026-09-27 08:05,Newport Rentals,Waterside Square South,1116,1 Bedroom,price_change,3458,3467,3445,,3458,Now,,711,,0.5 Month Free,2026-09-24,
2026-09-27T12:05,2026-09-27 08:05,Newport Rentals,Waterside Square North,814,1 Bedroom,price_change,3528,3537,3515,,3528,Now,,752,,0.5 Month Free,2026-09-24,
2026-09-27T12:05,2026-09-27 08:05,Newport Rentals,Waterside Square North,2016,1 Bedroom,price_change,3533,3542,3520,,3533,Now,,711,,0.5 Month Free,2026-09-24,
2026-09-27T12:05,2026-09-27 08:05,Newport Rentals,Waterside Square South,1710,1 Bedroom,price_change,3533,3542,3520,,3533,10/16/2026,,696,,0.5 Month Free,2026-09-24,
2026-09-27T12:05,2026-09-27 08:05,Newport Rentals,Waterside Square North,1114,1 Bedroom,price_change,3543,3552,3530,,3543,Now,,752,,0.5 Month Free,2026-09-24,
2026-09-27T12:05,2026-09-27 08:05,Newport Rentals,Waterside Square North,2014,1 Bedroom,price_change,3543,3552,3530,,3543,10/11/2026,,752,,0.5 Month Free,2026-09-24,
2026-09-27T12:05,2026-09-27 08:05,Newport Rentals,Waterside Square North,1706,1 Bedroom,price_change,3563,3572,3550,,3563,10/11/2026,,745,,0.5 Month Free,2026-09-24,
2026-09-27T12:05,2026-09-27 08:05,Newport Rentals,Waterside Square North,2214,1 Bedroom,price_change,3593,3602,3580,,3593,Now,,752,,0.5 Month Free,2026-09-24,
2026-09-27T12:05,2026-09-27 08:05,Newport Rentals,Waterside Square North,1710,1 Bedroom,price_change,3593,3602,3580,,3593,12/2/2026,,696,,0.5 Month Free,2026-09-24,
2026-09-27T12:05,2026-09-27 08:05,Newport Rentals,East Hampton,1511,1 Bedroom,price_change,3651,3654,3603,,3651,Now,,743,,0.5 Month Free,2026-09-24,
2026-09-27T12:05,2026-09-27 08:05,Newport Rentals,East Hampton,1711,1 Bedroom,price_change,3661,3664,3613,,3661,10/7/2026,,743,,0.5 Month Free,2026-09-25,
2026-09-27T12:05,2026-09-27 08:05,Newport Rentals,Waterside Square North,407,1 Bedroom,price_change,3643,3652,3630,,3643,Now,,738,,0.5 Month Free,2026-09-24,
2026-09-27T12:05,2026-09-27 08:05,Newport Rentals,East Hampton,3011,1 Bedroom,price_change,3791,3794,3743,,3791,Now,,743,,0.5 Month Free,2026-09-24,
2026-09-27T12:05,2026-09-27 08:05,Newport Rentals,Riverside,612,1 Bedroom,price_change,3856,3859,3808,,3856,10/29/2026,,792,,0.5 Month Free,2026-09-24,
2026-09-27T12:05,2026-09-27 08:05,Newport Rentals,Southampton,406,1 Bedroom,price_change,3871,3874,3823,,3871,10/5/2026,,796,,0.5 Month Free,2026-09-24,
2026-09-27T12:05,2026-09-27 08:05,Newport Rentals,Southampton,508,1 Bedroom,price_change,3876,3879,3828,,3876,Now,,765,,0.5 Month Free,2026-09-24,
2026-09-27T12:05,2026-09-27 08:05,Newport Rentals,Atlantic,2210,1 Bedroom,price_change,3886,3889,3838,,3886,10/7/2026,,899,,0.5 Month Free,2026-09-24,
2026-09-27T12:05,2026-09-27 08:05,Newport Rentals,Riverside,1502,1 Bedroom,price_change,3896,3899,3848,,3896,Now,,818,,0.5 Month Free,2026-09-24,
2026-09-27T12:05,2026-09-27 08:05,Newport Rentals,Southampton,3307,1 Bedroom,price_change,3901,3904,3853,,3901,Now,,838,,0.5 Month Free,2026-09-24,
2026-09-27T12:05,2026-09-27 08:05,Newport Rentals,Southampton,1801,1 Bedroom,price_change,3911,3914,3863,,3911,10/19/2026,,849,,,2026-09-25,
2026-09-27T12:05,2026-09-27 08:05,Newport Rentals,Atlantic,1006,1 Bedroom,price_change,3916,3919,3868,,3916,Now,,795,,0.5 Month Free,2026-09-24,
2026-09-27T12:05,2026-09-27 08:05,Newport Rentals,Atlantic,2810,1 Bedroom,price_change,3916,3919,3868,,3916,10/28/2026,,899,,0.5 Month Free,2026-09-24,
2026-09-27T12:05,2026-09-27 08:05,Newport Rentals,Riverside,1511,1 Bedroom,price_change,3921,3924,3873,,3921,11/20/2026,,834,,0.5 Month Free,2026-09-24,
2026-09-27T12:05,2026-09-27 08:05,Newport Rentals,Southampton,3312,1 Bedroom,price_change,3946,3949,3898,,3946,11/3/2026,,798,,0.5 Month Free,2026-09-24,
2026-09-27T12:05,2026-09-27 08:05,Newport Rentals,Southampton,3004,1 Bedroom,price_change,3981,3984,3933,,3981,Now,,851,,0.5 Month Free,2026-09-24,
2026-09-27T12:05,2026-09-27 08:05,Newport Rentals,Southampton,2912,1 Bedroom,price_change,3991,3994,3943,,3991,Now,,798,,0.5 Month Free,2026-09-24,
2026-09-27T12:05,2026-09-27 08:05,Newport Rentals,Southampton,808,1 Bedroom,price_change,3991,3994,3943,,3991,10/31/2026,,765,,0.5 Month Free,2026-09-24,
2026-09-27T12:05,2026-09-27 08:05,Newport Rentals,East Hampton,2809,1 Bedroom,price_change,4001,4004,3953,,4001,10/31/2026,,817,,0.5 Month Free,2026-09-24,
2026-09-27T12:05,2026-09-27 08:05,Newport Rentals,Riverside,1005,1 Bedroom,price_change,4001,4004,3953,,4001,Now,,813,,0.5 Month Free,2026-09-24,
2026-09-27T12:05,2026-09-27 08:05,Newport Rentals,East Hampton,415,1 Bedroom,price_change,4011,4014,3963,,4011,Now,,828,,0.5 Month Free,2026-09-24,
2026-09-27T12:05,2026-09-27 08:05,Newport Rentals,East Hampton,715,1 Bedroom,price_change,4051,4054,4003,,4051,9/29/2026,,828,,0.5 Month Free,2026-09-24,
2026-09-27T12:05,2026-09-27 08:05,Newport Rentals,Atlantic,912,1 Bedroom,price_change,4081,4084,4033,,4081,12/3/2026,,796,,0.5 Month Free,2026-09-24,
2026-09-27T12:05,2026-09-27 08:05,Newport Rentals,Atlantic,1508,1 Bedroom,price_change,4086,4089,4038,,4086,Now,,758,,0.5 Month Free,2026-09-24,
2026-09-27T12:05,2026-09-27 08:05,Newport Rentals,Southampton,2407,1 Bedroom,price_change,4091,4094,4043,,4091,11/2/2026,,838,,0.5 Month Free,2026-09-24,
2026-09-27T12:05,2026-09-27 08:05,Newport Rentals,East Hampton,2206,1 Bedroom,price_change,4096,4099,4048,,4096,11/8/2026,,862,,0.5 Month Free,2026-09-24,
2026-09-27T12:05,2026-09-27 08:05,Newport Rentals,Southampton,2008,1 Bedroom,price_change,4096,4099,4048,,4096,Now,,765,,0.5 Month Free,2026-09-24,
2026-09-27T12:05,2026-09-27 08:05,Newport Rentals,East Hampton,701,1 Bedroom,price_change,4101,4104,4053,,4101,10/2/2026,,862,,0.5 Month Free,2026-09-24,
2026-09-27T12:05,2026-09-27 08:05,Newport Rentals,Southampton,2202,1 Bedroom,price_change,4106,4109,4058,,4106,10/9/2026,,821,,0.5 Month Free,2026-09-24,
2026-09-27T12:05,2026-09-27 08:05,Newport Rentals,Atlantic,2806,1 Bedroom,price_change,4111,4114,4063,,4111,Now,,795,,0.5 Month Free,2026-09-24,
2026-09-27T12:05,2026-09-27 08:05,Newport Rentals,Riverside,2111,1 Bedroom,price_change,4126,4129,4078,,4126,10/16/2026,,834,,0.5 Month Free,2026-09-24,
2026-09-27T12:05,2026-09-27 08:05,Newport Rentals,Aquablu,418,1 Bedroom,price_change,4134,4122,4091,,4134,9/30/2026,,811,,0.5 Month Free,2026-09-24,
2026-09-27T12:05,2026-09-27 08:05,Newport Rentals,East Hampton,809,1 Bedroom,price_change,4146,4149,4098,,4146,10/8/2026,,817,,0.5 Month Free,2026-09-24,
2026-09-27T12:05,2026-09-27 08:05,Newport Rentals,Riverside,505,1 Bedroom,price_change,4151,4154,4103,,4151,Now,,828,,0.5 Month Free,2026-09-24,
2026-09-27T12:05,2026-09-27 08:05,Newport Rentals,Riverside,905,1 Bedroom,price_change,4171,4174,4123,,4171,10/22/2026,,813,,0.5 Month Free,2026-09-24,
2026-09-27T12:05,2026-09-27 08:05,Newport Rentals,Atlantic,2701,1 Bedroom,price_change,4181,4184,4133,,4181,10/25/2026,,860,,0.5 Month Free,2026-09-24,
2026-09-27T12:05,2026-09-27 08:05,Newport Rentals,Atlantic,1404,1 Bedroom,price_change,4191,4194,4143,,4191,Now,,880,,0.5 Month Free,2026-09-24,
2026-09-27T12:05,2026-09-27 08:05,Newport Rentals,East Hampton,1808,1 Bedroom,price_change,4191,4194,4143,,4191,Now,,832,,0.5 Month Free,2026-09-24,
2026-09-27T12:05,2026-09-27 08:05,Newport Rentals,Riverside,2107,1 Bedroom,price_change,4201,4204,4153,,4201,10/28/2026,,815,,0.5 Month Free,2026-09-24,
2026-09-27T12:05,2026-09-27 08:05,Newport Rentals,Atlantic,3406,1 Bedroom,price_change,4206,4209,4158,,4206,Now,,795,,0.5 Month Free,2026-09-24,
2026-09-27T12:05,2026-09-27 08:05,Newport Rentals,Southampton,3108,1 Bedroom,price_change,4216,4219,4168,,4216,Now,,765,,0.5 Month Free,2026-09-24,
2026-09-27T12:05,2026-09-27 08:05,Newport Rentals,Atlantic,111,1 Bedroom,price_change,4221,4224,4173,,4221,12/4/2026,,1000,,0.5 Month Free,2026-09-24,
2026-09-27T12:05,2026-09-27 08:05,Newport Rentals,Riverside,2607,1 Bedroom,price_change,4226,4229,4178,,4226,Now,,815,,0.5 Month Free,2026-09-24,
2026-09-27T12:05,2026-09-27 08:05,Newport Rentals,East Hampton,706,1 Bedroom,price_change,4251,4254,4203,,4251,Now,,862,,0.5 Month Free,2026-09-24,
2026-09-27T12:05,2026-09-27 08:05,Newport Rentals,Aquablu,621,1 Bedroom,price_change,4269,4257,4226,,4269,Now,,816,,0.5 Month Free,2026-09-24,
2026-09-27T12:05,2026-09-27 08:05,Newport Rentals,Atlantic,2101,1 Bedroom,price_change,4326,4329,4278,,4326,Now,,860,,0.5 Month Free,2026-09-24,
2026-09-27T12:05,2026-09-27 08:05,Newport Rentals,Atlantic,1202,1 Bedroom,price_change,4346,4349,4298,,4346,Now,,794,,0.5 Month Free,2026-09-24,
2026-09-27T12:05,2026-09-27 08:05,Newport Rentals,Aquablu,624,1 Bedroom,price_change,4344,4332,4301,,4344,Now,,812,,0.5 Month Free,2026-09-24,
2026-09-27T12:05,2026-09-27 08:05,Newport Rentals,Atlantic,3412,1 Bedroom,price_change,4376,4379,4328,,4376,10/16/2026,,796,,0.5 Month Free,2026-09-24,
2026-09-27T12:05,2026-09-27 08:05,Newport Rentals,Atlantic,3401,1 Bedroom,price_change,4391,4394,4343,,4391,10/21/2026,,860,,0.5 Month Free,2026-09-24,
2026-09-27T12:05,2026-09-27 08:05,Newport Rentals,Atlantic,2302,1 Bedroom,price_change,4396,4399,4348,,4396,11/5/2026,,794,,0.5 Month Free,2026-09-24,
2026-09-27T12:05,2026-09-27 08:05,Newport Rentals,Aquablu,2404,1 Bedroom,price_change,4504,4492,4461,,4504,Now,,790,,0.5 Month Free,2026-09-24,
2026-09-27T12:05,2026-09-27 08:05,Newport Rentals,Bisby,207,1 Bedroom,price_change,4519,4507,4461,,4519,Now,,780,,0.5 Month Free,2026-09-24,
2026-09-27T12:05,2026-09-27 08:05,Newport Rentals,Aquablu,1604,1 Bedroom,price_change,4664,4652,4621,,4664,Now,,790,,0.5 Month Free,2026-09-24,
2026-09-27T12:05,2026-09-27 08:05,Newport Rentals,Bisby,505,1 Bedroom,price_change,4734,4722,4676,,4734,11/4/2026,,773,,0.5 Month Free,2026-09-24,
2026-09-27T12:05,2026-09-27 08:05,Newport Rentals,Bisby,1806,1 Bedroom,price_change,4734,4722,4676,,4734,11/19/2026,,795,,1 Month Free,2026-09-24,
2026-09-27T12:05,2026-09-27 08:05,Newport Rentals,Aquablu,2804,1 Bedroom,price_change,4724,4712,4681,,4724,Now,,790,,0.5 Month Free,2026-09-24,
2026-09-27T12:05,2026-09-27 08:05,Newport Rentals,Ellipse,306,1 Bedroom,price_change,4739,4727,4681,,4739,11/6/2026,,742,,0.5 Month Free,2026-09-24,
2026-09-27T12:05,2026-09-27 08:05,Newport Rentals,Bisby,705,1 Bedroom,price_change,4769,4757,4711,,4769,Now,,773,,0.5 Month Free,2026-09-24,
2026-09-27T12:05,2026-09-27 08:05,Newport Rentals,Bisby,407,1 Bedroom,price_change,4779,4767,4721,,4779,12/7/2026,,780,,0.5 Month Free,2026-09-24,
2026-09-27T12:05,2026-09-27 08:05,Newport Rentals,Bisby,507,1 Bedroom,price_change,4784,4772,4726,,4784,Now,,780,,1 Month Free,2026-09-24,
2026-09-27T12:05,2026-09-27 08:05,Newport Rentals,Ellipse,1606,1 Bedroom,price_change,4799,4787,4741,,4799,Now,,742,,0.5 Month Free,2026-09-24,
2026-09-27T12:05,2026-09-27 08:05,Newport Rentals,Ellipse,2806,1 Bedroom,price_change,4859,4847,4801,,4859,Now,,742,,0.5 Month Free,2026-09-24,
2026-09-27T12:05,2026-09-27 08:05,Newport Rentals,Ellipse,910,1 Bedroom,price_change,4869,4857,4811,,4869,Now,,759,,0.5 Month Free,2026-09-24,
2026-09-27T12:05,2026-09-27 08:05,Newport Rentals,Ellipse,3506,1 Bedroom,price_change,4894,4882,4836,,4894,9/28/2026,,752,,0.5 Month Free,2026-09-24,
2026-09-27T12:05,2026-09-27 08:05,Newport Rentals,Ellipse,2202,1 Bedroom,price_change,4894,4882,4836,,4894,10/6/2026,,753,,0.5 Month Free,2026-09-24,
2026-09-27T12:05,2026-09-27 08:05,Newport Rentals,Bisby,409,1 Bedroom,price_change,4904,4892,4846,,4904,10/24/2026,,827,,0.5 Month Free,2026-09-24,
2026-09-27T12:05,2026-09-27 08:05,Newport Rentals,Ellipse,1710,1 Bedroom,price_change,4904,4892,4846,,4904,Now,,759,,0.5 Month Free,2026-09-24,
2026-09-27T12:05,2026-09-27 08:05,Newport Rentals,Ellipse,3706,1 Bedroom,price_change,4904,4892,4846,,4904,12/6/2026,,752,,0.5 Month Free,2026-09-24,
2026-09-27T12:05,2026-09-27 08:05,Newport Rentals,Ellipse,3806,1 Bedroom,price_change,4909,4897,4851,,4909,Now,,752,,0.5 Month Free,2026-09-24,
2026-09-27T12:05,2026-09-27 08:05,Newport Rentals,Bisby,2905,1 Bedroom,price_change,4914,4902,4856,,4914,9/30/2026,,773,,0.5 Month Free,2026-09-24,
2026-09-27T12:05,2026-09-27 08:05,Newport Rentals,Ellipse,2702,1 Bedroom,price_change,4919,4907,4861,,4919,10/11/2026,,753,,0.5 Month Free,2026-09-24,
2026-09-27T12:05,2026-09-27 08:05,Newport Rentals,Bisby,503,1 Bedroom,price_change,5034,5022,4976,,5034,Now,,835,,0.5 Month Free,2026-09-24,
2026-09-27T12:05,2026-09-27 08:05,Newport Rentals,Bisby,603,1 Bedroom,price_change,5039,5027,4981,,5039,Now,,835,,,2026-09-26,
2026-09-27T12:05,2026-09-27 08:05,Newport Rentals,Bisby,803,1 Bedroom,price_change,5124,5112,5066,,5124,10/25/2026,,835,,0.5 Month Free,2026-09-24,
2026-09-27T12:05,2026-09-27 08:05,Newport Rentals,Beach,220,1 Bedroom,delisted,3952,,3894,,3952,10/10/2026,,662,,0.5 Month Free,2026-09-24,
2026-09-27T12:05,2026-09-27 08:05,Newport Rentals,Pacific,806,1 Bedroom,delisted,3659,,3646,,3659,10/16/2026,,799,,0.5 Month Free,2026-09-24,
2026-09-27T12:05,2026-09-27 08:05,235 Grand,235 Grand,4412,1 Bedroom,price_change,4165,4155,4165,4605,,10/18/2026,,,Floor Plan Video,,2026-09-24,
2026-09-27T12:05,2026-09-27 08:05,235 Grand,235 Grand,0626,1 Bedroom,price_change,4040,4030,4040,4480,,10/31/2026,,,Floor Plan Video,,2026-09-24,
2026-09-27T12:05,2026-09-27 08:05,235 Grand,235 Grand,0803,1 Bedroom,price_change,3980,3965,3980,4420,,11/6/2026,,,Floor Plan Video,,2026-09-24,
2026-09-27T12:05,2026-09-27 08:05,235 Grand,235 Grand,0423,1 Bedroom,price_change,3995,3980,3995,4430,,11/7/2026,,,Floor Plan Video,,2026-09-24,
2026-09-27T12:05,2026-09-27 08:05,235 Grand,235 Grand,1702,1 Bedroom,price_change,3910,3895,3910,4335,,11/7/2026,,,Floor Plan Video,,2026-09-24,
2026-09-27T12:05,2026-09-27 08:05,235 Grand,235 Grand,4303,1 Bedroom,price_change,4180,4165,4180,4625,,11/7/2026,,,Floor Plan Video,,2026-09-24,
2026-09-27T12:05,2026-09-27 08:05,235 Grand,235 Grand,2604,1 Bedroom,price_change,3880,3865,3880,4300,,11/8/2026,,,Floor Plan Video,,2026-09-24,
2026-09-27T12:05,2026-09-27 08:05,235 Grand,235 Grand,2112,1 Bedroom,price_change,3765,3755,3765,4180,,11/25/2026,,,Floor Plan Video,,2026-09-24,
2026-09-27T12:05,2026-09-27 08:05,235 Grand,235 Grand,2312,1 Bedroom,price_change,3815,3805,3815,4250,,12/6/2026,,,Floor Plan Video,,2026-09-24,
2026-09-27T12:05,2026-09-27 08:05,235 Grand,235 Grand,3108,1 Bedroom,price_change,4010,4000,4010,4455,,12/7/2026,,,Floor Plan Video,,2026-09-24,
2026-09-27T12:05,2026-09-27 08:05,235 Grand,235 Grand,3904,1 Bedroom,price_change,3935,3925,3935,4345,,12/20/2026,,,Floor Plan Video,,2026-09-24,
2026-09-27T12:05,2026-09-27 08:05,18 Park,18 Park,1031,1 Bedroom,price_change,3640,3630,3640,4015,,10/13/2026,,651,Floor Plan Video,,2026-09-24,
2026-09-27T12:05,2026-09-27 08:05,18 Park,18 Park,PH18,1 Bedroom,price_change,3765,3755,3765,4150,,10/13/2026,,651,Floor Plan Video,,2026-09-24,
2026-09-27T12:05,2026-09-27 08:05,18 Park,18 Park,0610,1 Bedroom,price_change,3610,3600,3610,3960,,10/17/2026,,651,Floor Plan Video,,2026-09-24,
2026-09-27T12:05,2026-09-27 08:05,18 Park,18 Park,0432,1 Bedroom,price_change,3720,3710,3720,4090,,10/30/2026,,651,Floor Plan Video,,2026-09-24,
2026-09-27T12:05,2026-09-27 08:05,18 Park,18 Park,0743,1 Bedroom,price_change,3885,3875,3885,4260,,10/31/2026,,651,Floor Plan Video,,2026-09-24,
2026-09-27T12:05,2026-09-27 08:05,18 Park,18 Park,0945,1 Bedroom,price_change,3910,3900,3910,4285,,11/7/2026,,651,Floor Plan Video,,2026-09-24,
2026-09-27T12:05,2026-09-27 08:05,18 Park,18 Park,0634,1 Bedroom,price_change,3730,3720,3730,4110,,12/7/2026,,651,Floor Plan Video,,2026-09-24,
2026-09-27T12:05,2026-09-27 08:05,18 Park,18 Park,0930,1 Bedroom,price_change,3755,3745,3755,4140,,12/7/2026,,637,Floor Plan Video,,2026-09-24,
2026-09-27T12:05,2026-09-27 08:05,18 Park,18 Park,1035,1 Bedroom,price_change,3640,3630,3640,3990,,12/21/2026,,651,Floor Plan Video,,2026-09-24,
2026-09-27T12:05,2026-09-27 08:05,65 Bay Street,65 Bay Street,30-09,1 Bedroom,price_change,4060,4044,4060,,,Now,,685,Apartment: # 30-09,,2026-09-24,
2026-09-27T12:05,2026-09-27 08:05,65 Bay Street,65 Bay Street,18-09,1 Bedroom,price_change,3915,3899,3915,,,Now,,685,Apartment: # 18-09,,2026-09-24,
2026-09-27T12:05,2026-09-27 08:05,65 Bay Street,65 Bay Street,08-01,1 Bedroom,price_change,3840,3824,3840,,,Now,,685,Apartment: # 08-01,,2026-09-24,
2026-09-27T12:05,2026-09-27 08:05,65 Bay Street,65 Bay Street,25-08,1 Bedroom,price_change,4506,4489,4506,,,Now,,794,Apartment: # 25-08,,2026-09-24,
2026-09-27T12:05,2026-09-27 08:05,65 Bay Street,65 Bay Street,27-02,1 Bedroom,price_change,4446,4429,4446,,,Now,,794,Apartment: # 27-02,,2026-09-24,
2026-09-27T12:05,2026-09-27 08:05,Avalon Cove,Avalon Cove,5221,1 Bedroom,price_change,3655,3640,3655,,,10/31/2026,,693,A2,10-month lease,2026-09-24,
2026-09-27T12:05,2026-09-27 08:05,Avalon Cove,Avalon Cove,6455,1 Bedroom,price_change,3955,3930,3955,,,11/11/2026,,752,A3,10-month lease,2026-09-24,
2026-09-27T12:05,2026-09-27 08:05,Avalon Cove,Avalon Cove,4117,1 Bedroom,price_change,4130,4135,4130,,,10/10/2026,,778,A18,22-month lease,2026-09-24,
2026-09-27T12:05,2026-09-27 08:05,Avalon Cove,Avalon Cove,3143,1 Bedroom,price_change,4040,4035,4040,,,11/18/2026,,778,A18,21-month lease,2026-09-24,
2026-09-27T12:05,2026-09-27 08:05,Avalon Cove,Avalon Cove,3138,1 Bedroom,price_change,4310,4285,4310,,,11/9/2026,,778,A5,21-month lease,2026-09-24,
2026-09-27T12:05,2026-09-27 08:05,Avalon Cove,Avalon Cove,2125,1 Bedroom,price_change,3850,3855,3850,,,10/17/2026,,805,A7,10-month lease,2026-09-24,
2026-09-27T12:05,2026-09-27 08:05,Avalon Cove,Avalon Cove,2128,1 Bedroom,price_change,4115,4110,4115,,,11/19/2026,,817,A8,21-month lease,2026-09-24,
2026-09-27T12:05,2026-09-27 08:05,Avalon Cove,Avalon Cove,4409,1 Bedroom,delisted,4210,,4210,,,11/14/2026,,752,A3,21-month lease,2026-09-24,
2026-09-27T12:28,2026-09-27 08:28,Equity Apartments,,,,site_failed,,,,,,,,,,,,HTTP 403
2026-09-27T12:50,2026-09-27 08:50,Equity Apartments,Hudson Point,302,1 Bedroom,listed,3443,,3443,,,10/9/2026,,726,Hudson (A1),,2026-09-27,first run
2026-09-27T12:50,2026-09-27 08:50,Equity Apartments,Hudson Point,130,1 Bedroom,listed,3718,,3718,,,11/6/2026,,824,Morris (A2),,2026-09-27,first run
2026-09-27T12:50,2026-09-27 08:50,Equity Apartments,Hudson Point,520,1 Bedroom,listed,3403,,3403,,,10/1/2026,,726,Hudson (A13),,2026-09-27,first run
2026-09-27T12:50,2026-09-27 08:50,Equity Apartments,Hudson Point,405,1 Bedroom,listed,3403,,3403,,,Now,,726,Hudson (A13),,2026-09-27,first run
2026-09-27T12:50,2026-09-27 08:50,Equity Apartments,Hudson Point,316,1 Bedroom,listed,3353,,3353,,,Now,,726,Hudson (A13),,2026-09-27,first run
2026-09-27T12:50,2026-09-27 08:50,Equity Apartments,Portside Towers,212,1 Bedroom,listed,3347,,3347,,,Now,,700,L,,2026-09-27,first run
2026-09-27T12:50,2026-09-27 08:50,Equity Apartments,Portside Towers,2006,1 Bedroom,listed,3966,,3966,,,10/8/2026,,913,E1 & J1,,2026-09-27,first run
2026-09-27T12:50,2026-09-27 08:50,Equity Apartments,Portside Towers,808,1 Bedroom,listed,3923,,3923,,,10/17/2026,,889,D1 & K1,,2026-09-27,first run
2026-09-27T12:50,2026-09-27 08:50,Equity Apartments,Madox,418,1 Bedroom,listed,3505,,3505,,,Now,,689,A3-9,,2026-09-27,first run
2026-09-27T12:50,2026-09-27 08:50,Equity Apartments,Madox,416,1 Bedroom,listed,3485,,3485,,,10/14/2026,,665,A3-2,,2026-09-27,first run
2026-09-27T12:50,2026-09-27 08:50,Equity Apartments,The Pier,1-531,1 Bedroom,listed,4004,,4004,,,10/23/2026,,830,A8,,2026-09-27,first run
2026-09-27T12:50,2026-09-27 08:50,Equity Apartments,The Pier,1-318,1 Bedroom,listed,3826,,3826,,,Now,,703,A3,,2026-09-27,first run
2026-09-27T12:50,2026-09-27 08:50,Equity Apartments,The Pier,1-414,1 Bedroom,listed,3788,,3788,,,Now,,703,A3,,2026-09-27,first run
2026-09-27T12:50,2026-09-27 08:50,Equity Apartments,The Pier,1-542,1 Bedroom,listed,3798,,3798,,,Now,,703,A3,,2026-09-27,first run
2026-09-27T12:50,2026-09-27 08:50,Equity Apartments,The Pier,1-245,1 Bedroom,listed,3996,,3996,,,10/2/2026,,741,A5,,2026-09-27,first run
2026-09-27T12:50,2026-09-27 08:50,Equity Apartments,The Pier,1-533,1 Bedroom,listed,3925,,3925,,,12/18/2026,,741,A5,,2026-09-27,first run
2026-09-27T12:50,2026-09-27 08:50,Equity Apartments,The Pier,1-633,1 Bedroom,listed,3884,,3884,,,10/7/2026,,741,A5,,2026-09-27,first run
2026-09-27T13:08,2026-09-27 09:08,Equity Apartments,The Pier,1-602,1 Bedroom,listed,3736,,3736,,,Now,,825,A7,,2026-09-27,
2026-09-27T13:08,2026-09-27 09:08,VYV,,S-2659,1 Bedroom,listed,3795,,3795,,,10/14/2026,,759,A15,,2026-09-27,first run
2026-09-27T13:08,2026-09-27 09:08,VYV,,S-1559,1 Bedroom,listed,3665,,3665,,,11/22/2026,,759,A15,,2026-09-27,first run
2026-09-27T13:08,2026-09-27 09:08,VYV,,S-0453,1 Bedroom,listed,3711,,3711,,,Now,,733,A10,,2026-09-27,first run
2026-09-27T13:08,2026-09-27 09:08,VYV,,N-3312,1 Bedroom,listed,3722,,3722,,,11/17/2026,,720,A07,,2026-09-27,first run
2026-09-27T13:08,2026-09-27 09:08,VYV,,N-2204,1 Bedroom,listed,3728,,3728,,,12/22/2026,,739,A13,,2026-09-27,first run
2026-09-27T13:08,2026-09-27 09:08,VYV,,N-3504,1 Bedroom,listed,3908,,3908,,,11/7/2026,,739,A13,,2026-09-27,first run
2026-09-27T13:08,2026-09-27 09:08,VYV,,N-2701,1 Bedroom,listed,3880,,3880,,,Now,,763,A16,,2026-09-27,first run
2026-09-27T13:08,2026-09-27 09:08,VYV,,N-3401,1 Bedroom,listed,3965,,3965,,,Now,,763,A16,,2026-09-27,first run
2026-09-27T13:08,2026-09-27 09:08,VYV,,S-0256,1 Bedroom,listed,3862,,3862,,,Now,,787,A19,,2026-09-27,first run
2026-09-27T13:08,2026-09-27 09:08,VYV,,N-1508,1 Bedroom,listed,3979,,3979,,,12/5/2026,,879,A24,,2026-09-27,first run
2026-09-27T13:08,2026-09-27 09:08,VYV,,S-1955,1 Bedroom,listed,3677,,3677,,,11/5/2026,,703,A05,,2026-09-27,first run
2026-09-27T13:08,2026-09-27 09:08,VYV,,S-2055,1 Bedroom,listed,3687,,3687,,,12/2/2026,,703,A05,,2026-09-27,first run
2026-09-27T13:08,2026-09-27 09:08,VYV,,S-3255,1 Bedroom,listed,3827,,3827,,,Now,,703,A05,,2026-09-27,first run
2026-09-27T13:08,2026-09-27 09:08,VYV,,S-1855,1 Bedroom,listed,3677,,3677,,,12/22/2026,,703,A05,,2026-09-27,first run
2026-09-27T13:08,2026-09-27 09:08,VYV,,S-2161,1 Bedroom,listed,3825,,3825,,,10/12/2026,,734,A11,,2026-09-27,first run
2026-09-27T13:08,2026-09-27 09:08,VYV,,S-2261,1 Bedroom,listed,3835,,3835,,,11/23/2026,,734,A11,,2026-09-27,first run
2026-09-27T13:08,2026-09-27 09:08,VYV,,S-3561,1 Bedroom,listed,4015,,4015,,,11/27/2026,,734,A11,,2026-09-27,first run
2026-09-27T13:08,2026-09-27 09:08,VYV,,S-1361,1 Bedroom,listed,3835,,3835,,,Now,,734,A11,,2026-09-27,first run
2026-09-27T13:08,2026-09-27 09:08,VYV,,S-1961,1 Bedroom,listed,3815,,3815,,,1/8/2027,,734,A11,,2026-09-27,first run
2026-09-27T13:08,2026-09-27 09:08,VYV,,S-3258,1 Bedroom,listed,3913,,3913,,,11/1/2026,,769,A17,,2026-09-27,first run
2026-09-27T13:08,2026-09-27 09:08,VYV,,S-1858,1 Bedroom,listed,3813,,3813,,,10/7/2026,,769,A17,,2026-09-27,first run
2026-09-27T13:08,2026-09-27 09:08,VYV,,S-1058,1 Bedroom,listed,3703,,3703,,,Now,,769,A17,,2026-09-27,first run
2026-09-27T13:08,2026-09-27 09:08,VYV,,N-0309,1 Bedroom,listed,3933,,3933,,,10/7/2026,,836,A22,,2026-09-27,first run
2026-09-27T13:08,2026-09-27 09:08,Lenox,,626,1 Bedroom,listed,3590,,3590,,,10/6/2026,,643,A12,,2026-09-27,first run
2026-09-27T13:08,2026-09-27 09:08,Lenox,,804,1 Bedroom,listed,3875,,3875,,,10/3/2026,,718,A1a,,2026-09-27,first run
2026-09-27T16:59,2026-09-27 12:59,Newport Rentals,Pacific,2008,1 Bedroom,price_change,3836,3839,3823,,3836,Now,,808,,0.5 Month Free,2026-09-24,
2026-09-27T16:59,2026-09-27 12:59,Newport Rentals,Pacific,506,1 Bedroom,price_change,3891,3894,3878,,3891,Now,,799,,0.5 Month Free,2026-09-24,
2026-09-27T16:59,2026-09-27 12:59,Newport Rentals,Pacific,2006,1 Bedroom,price_change,3961,3964,3948,,3961,Now,,799,,0.5 Month Free,2026-09-24,
2026-09-27T16:59,2026-09-27 12:59,Newport Rentals,Pacific,1907,1 Bedroom,price_change,4056,4059,4043,,4056,Now,,841,,0.5 Month Free,2026-09-24,
2026-09-27T16:59,2026-09-27 12:59,Newport Rentals,Beach,708,1 Bedroom,price_change,4584,4572,4526,,4584,Now,,552,,0.5 Month Free,2026-09-24,
2026-09-27T16:59,2026-09-27 12:59,Newport Rentals,Beach,322,1 Bedroom,price_change,5059,5047,5001,,5059,Now,,723,,0.5 Month Free,2026-09-24,
2026-09-27T16:59,2026-09-27 12:59,Newport Rentals,Beach,722,1 Bedroom,price_change,5079,5067,5021,,5079,Now,,723,,0.5 Month Free,2026-09-24,
2026-09-27T16:59,2026-09-27 12:59,Newport Rentals,Beach,311,1 Bedroom,price_change,5119,5107,5061,,5119,Now,,761,,0.5 Month Free,2026-09-24,
2026-09-27T16:59,2026-09-27 12:59,Newport Rentals,Beach,1223,1 Bedroom,price_change,5144,5132,5086,,5144,9/30/2026,,730,,0.5 Month Free,2026-09-24,
2026-09-27T16:59,2026-09-27 12:59,Newport Rentals,Bisby,803,1 Bedroom,delisted,5124,,5066,,5124,10/25/2026,,835,,0.5 Month Free,2026-09-24,
2026-09-27T16:59,2026-09-27 12:59,BLVD Collection,BLVD 475 South,4805S,1 Bedroom,price_change,3905,4010,3905,,,Now,,733,B475S A1,,2026-09-24,
2026-09-27T16:59,2026-09-27 12:59,BLVD Collection,BLVD 475 South,4602S,1 Bedroom,price_change,4005,4130,4005,,,Now,,768,B475S A2,,2026-09-24,
2026-09-27T16:59,2026-09-27 12:59,BLVD Collection,BLVD 475 North,4607N,1 Bedroom,price_change,4185,4270,4185,,,Now,,824,B475N A4,,2026-09-24,
2026-09-27T16:59,2026-09-27 12:59,BLVD Collection,BLVD 425,1010,1 Bedroom,price_change,3505,3825,3505,,,Now,,689,B425 A01,,2026-09-24,
2026-09-27T16:59,2026-09-27 12:59,BLVD Collection,BLVD 425,2311,1 Bedroom,price_change,3620,3990,3620,,,Now,,723,B425 A03,,2026-09-24,
2026-09-27T16:59,2026-09-27 12:59,BLVD Collection,BLVD 401,1907,1 Bedroom,price_change,4020,4340,4020,,,Now,,805,B401 A6,,2026-09-24,
2026-09-27T16:59,2026-09-27 12:59,Equity Apartments,The Pier,1-602,1 Bedroom,delisted,3736,,3736,,,Now,,825,A7,,2026-09-27,
2026-09-27T20:43,2026-09-27 16:43,Liberty Harbor,The Zenith,712,1 Bedroom,available_change,3218,,3218,,,10/7/2026,Now,731,,discounted,2026-09-24,
2026-09-27T20:43,2026-09-27 16:43,Liberty Harbor,The Zenith,812,1 Bedroom,price_change,3380,3687,3380,,,10/7/2026,,731,,discounted,2026-09-26,
2026-09-27T20:43,2026-09-27 16:43,Liberty Harbor,The Zenith,812,1 Bedroom,available_change,3380,,3380,,,10/7/2026,10/11/2026,731,,discounted,2026-09-26,
2026-09-27T20:43,2026-09-27 16:43,IronState Properties,The Gotham,5059882,1 Bedroom,delisted,3610,,3610,,,10/29/2026,,799,5059882,,2026-09-27,
2026-09-27T21:22,2026-09-27 17:22,Equity Apartments,The Pier,1-602,1 Bedroom,listed,3736,,3736,,,Now,,825,A7,,2026-09-27,
2026-09-27T21:22,2026-09-27 17:22,Equity Apartments,The Pier,1-633,1 Bedroom,available_change,3884,,3884,,,10/8/2026,10/7/2026,741,A5,,2026-09-27,
2026-09-27T23:59,2026-09-27 19:59,Newport Rentals,Lincoln House,402,1 Bedroom,listed,3189,,3176,,3189,10/31/2026,,725,,,2026-09-27,
2026-09-27T23:59,2026-09-27 19:59,Equity Apartments,Portside Towers,2006,1 Bedroom,available_change,3966,,3966,,,10/7/2026,10/8/2026,913,E1 & J1,,2026-09-27,
2026-09-27T23:59,2026-09-27 19:59,Equity Apartments,Portside Towers,808,1 Bedroom,available_change,3923,,3923,,,10/16/2026,10/17/2026,889,D1 & K1,,2026-09-27,
2026-09-27T23:59,2026-09-27 19:59,Equity Apartments,The Pier,1-633,1 Bedroom,available_change,3884,,3884,,,10/7/2026,10/8/2026,741,A5,,2026-09-27,
2026-09-27T23:59,2026-09-27 19:59,Equity Apartments,The Pier,1-602,1 Bedroom,delisted,3736,,3736,,,Now,,825,A7,,2026-09-27,
2026-09-28T01:36,2026-09-27 21:36,Newport Rentals,Lincoln House,405,1 Bedroom,delisted,3114,,3101,,3114,10/18/2026,,700,,0.5 Month Free,2026-09-24,
2026-09-28T01:36,2026-09-27 21:36,Liberty Harbor,333 Grand,204,1 Bedroom,listed,3839,,3839,,,10/11/2026,,737,,,2026-09-28,
2026-09-28T01:36,2026-09-27 21:36,Equity Apartments,Portside Towers,2006,1 Bedroom,available_change,3966,,3966,,,10/8/2026,10/7/2026,913,E1 & J1,,2026-09-27,
2026-09-28T01:36,2026-09-27 21:36,Equity Apartments,Portside Towers,908,1 Bedroom,listed,3874,,3874,,,9/29/2026,,960,G,,2026-09-28,
2026-09-28T01:36,2026-09-27 21:36,Equity Apartments,Portside Towers,808,1 Bedroom,available_change,3923,,3923,,,10/17/2026,10/16/2026,889,D1 & K1,,2026-09-27,
2026-09-28T05:26,2026-09-28 01:26,Newport Rentals,Ellipse,3506,1 Bedroom,available_change,4894,,4836,,4894,Now,9/28/2026,752,,0.5 Month Free,2026-09-24,
2026-09-28T05:26,2026-09-28 01:26,Equity Apartments,Portside Towers,908,1 Bedroom,delisted,3874,,3874,,,9/29/2026,,960,G,,2026-09-28,
2026-09-28T13:58,2026-09-28 09:58,Newport Rentals,Lincoln House,626,1 Bedroom,price_change,3167,3149,3154,,3167,Now,,725,,0.5 Month Free,2026-09-24,
2026-09-28T13:58,2026-09-28 09:58,Newport Rentals,Lincoln House,310,1 Bedroom,price_change,3187,3169,3174,,3187,Now,,645,,0.5 Month Free,2026-09-24,
2026-09-28T13:58,2026-09-28 09:58,Newport Rentals,Lincoln House,324,1 Bedroom,price_change,3202,3184,3189,,3202,Now,,713,,0.5 Month Free,2026-09-24,
2026-09-28T13:58,2026-09-28 09:58,Newport Rentals,Lincoln House,402,1 Bedroom,price_change,3207,3189,3194,,3207,10/31/2026,,725,,,2026-09-27,
2026-09-28T13:58,2026-09-28 09:58,Newport Rentals,Roosevelt House,403,1 Bedroom,price_change,3307,3289,3274,,3307,10/14/2026,,720,,,2026-09-24,
2026-09-28T13:58,2026-09-28 09:58,Newport Rentals,Parkside East,2301,1 Bedroom,price_change,3349,3358,3336,,3349,11/6/2026,,771,,0.5 Month Free,2026-09-24,
2026-09-28T13:58,2026-09-28 09:58,Newport Rentals,Parkside West,1515,1 Bedroom,price_change,3349,3358,3336,,3349,Now,,767,,0.5 Month Free,2026-09-24,
2026-09-28T13:58,2026-09-28 09:58,Newport Rentals,Parkside West,2115,1 Bedroom,price_change,3379,3388,3366,,3379,Now,,767,,0.5 Month Free,2026-09-24,
2026-09-28T13:58,2026-09-28 09:58,Newport Rentals,Parkside East,3001,1 Bedroom,price_change,3434,3443,3421,,3434,10/11/2026,,771,,0.5 Month Free,2026-09-24,
2026-09-28T13:58,2026-09-28 09:58,Newport Rentals,Waterside Square North,906,1 Bedroom,price_change,3434,3443,3421,,3434,10/10/2026,,745,,0.5 Month Free,2026-09-24,
2026-09-28T13:58,2026-09-28 09:58,Newport Rentals,Waterside Square South,1116,1 Bedroom,price_change,3449,3458,3436,,3449,Now,,711,,0.5 Month Free,2026-09-24,
2026-09-28T13:58,2026-09-28 09:58,Newport Rentals,Waterside Square North,814,1 Bedroom,price_change,3519,3528,3506,,3519,Now,,752,,0.5 Month Free,2026-09-24,
2026-09-28T13:58,2026-09-28 09:58,Newport Rentals,Waterside Square North,2016,1 Bedroom,price_change,3524,3533,3511,,3524,Now,,711,,0.5 Month Free,2026-09-24,
2026-09-28T13:58,2026-09-28 09:58,Newport Rentals,Waterside Square South,1710,1 Bedroom,price_change,3524,3533,3511,,3524,10/16/2026,,696,,0.5 Month Free,2026-09-24,
2026-09-28T13:58,2026-09-28 09:58,Newport Rentals,Waterside Square North,1114,1 Bedroom,price_change,3534,3543,3521,,3534,Now,,752,,0.5 Month Free,2026-09-24,
2026-09-28T13:58,2026-09-28 09:58,Newport Rentals,Waterside Square North,2014,1 Bedroom,price_change,3534,3543,3521,,3534,10/11/2026,,752,,0.5 Month Free,2026-09-24,
2026-09-28T13:58,2026-09-28 09:58,Newport Rentals,Waterside Square North,1706,1 Bedroom,price_change,3554,3563,3541,,3554,10/11/2026,,745,,0.5 Month Free,2026-09-24,
2026-09-28T13:58,2026-09-28 09:58,Newport Rentals,Waterside Square North,2214,1 Bedroom,price_change,3584,3593,3571,,3584,Now,,752,,0.5 Month Free,2026-09-24,
2026-09-28T13:58,2026-09-28 09:58,Newport Rentals,Waterside Square North,1710,1 Bedroom,price_change,3584,3593,3571,,3584,12/2/2026,,696,,0.5 Month Free,2026-09-24,
2026-09-28T13:58,2026-09-28 09:58,Newport Rentals,Waterside Square North,407,1 Bedroom,price_change,3634,3643,3621,,3634,Now,,738,,0.5 Month Free,2026-09-24,
2026-09-28T13:58,2026-09-28 09:58,Newport Rentals,Aquablu,418,1 Bedroom,price_change,4155,4134,4112,,4155,9/30/2026,,811,,0.5 Month Free,2026-09-24,
2026-09-28T13:58,2026-09-28 09:58,Newport Rentals,Aquablu,621,1 Bedroom,price_change,4290,4269,4247,,4290,Now,,816,,0.5 Month Free,2026-09-24,
2026-09-28T13:58,2026-09-28 09:58,Newport Rentals,Aquablu,624,1 Bedroom,price_change,4365,4344,4322,,4365,Now,,812,,0.5 Month Free,2026-09-24,
2026-09-28T13:58,2026-09-28 09:58,Newport Rentals,Aquablu,2404,1 Bedroom,price_change,4525,4504,4482,,4525,Now,,790,,0.5 Month Free,2026-09-24,
2026-09-28T13:58,2026-09-28 09:58,Newport Rentals,Bisby,207,1 Bedroom,price_change,4540,4519,4482,,4540,Now,,780,,0.5 Month Free,2026-09-24,
2026-09-28T13:58,2026-09-28 09:58,Newport Rentals,Beach,708,1 Bedroom,price_change,4605,4584,4547,,4605,Now,,552,,0.5 Month Free,2026-09-24,
2026-09-28T13:58,2026-09-28 09:58,Newport Rentals,Aquablu,1604,1 Bedroom,price_change,4685,4664,4642,,4685,Now,,790,,0.5 Month Free,2026-09-24,
2026-09-28T13:58,2026-09-28 09:58,Newport Rentals,Bisby,505,1 Bedroom,price_change,4755,4734,4697,,4755,11/4/2026,,773,,0.5 Month Free,2026-09-24,
2026-09-28T13:58,2026-09-28 09:58,Newport Rentals,Bisby,1806,1 Bedroom,price_change,4755,4734,4697,,4755,11/19/2026,,795,,1 Month Free,2026-09-24,
2026-09-28T13:58,2026-09-28 09:58,Newport Rentals,Aquablu,2804,1 Bedroom,price_change,4745,4724,4702,,4745,Now,,790,,0.5 Month Free,2026-09-24,
2026-09-28T13:58,2026-09-28 09:58,Newport Rentals,Ellipse,306,1 Bedroom,price_change,4760,4739,4702,,4760,11/6/2026,,742,,0.5 Month Free,2026-09-24,
2026-09-28T13:58,2026-09-28 09:58,Newport Rentals,Bisby,705,1 Bedroom,price_change,4790,4769,4732,,4790,Now,,773,,0.5 Month Free,2026-09-24,
2026-09-28T13:58,2026-09-28 09:58,Newport Rentals,Bisby,407,1 Bedroom,price_change,4800,4779,4742,,4800,12/7/2026,,780,,0.5 Month Free,2026-09-24,
2026-09-28T13:58,2026-09-28 09:58,Newport Rentals,Bisby,507,1 Bedroom,price_change,4805,4784,4747,,4805,Now,,780,,1 Month Free,2026-09-24,
2026-09-28T13:58,2026-09-28 09:58,Newport Rentals,Ellipse,1606,1 Bedroom,price_change,4820,4799,4762,,4820,Now,,742,,0.5 Month Free,2026-09-24,
2026-09-28T13:58,2026-09-28 09:58,Newport Rentals,Ellipse,2806,1 Bedroom,price_change,4880,4859,4822,,4880,Now,,742,,0.5 Month Free,2026-09-24,
2026-09-28T13:58,2026-09-28 09:58,Newport Rentals,Ellipse,910,1 Bedroom,price_change,4890,4869,4832,,4890,Now,,759,,0.5 Month Free,2026-09-24,
2026-09-28T13:58,2026-09-28 09:58,Newport Rentals,Ellipse,3506,1 Bedroom,price_change,4915,4894,4857,,4915,Now,,752,,0.5 Month Free,2026-09-24,
2026-09-28T13:58,2026-09-28 09:58,Newport Rentals,Ellipse,2202,1 Bedroom,price_change,4915,4894,4857,,4915,10/6/2026,,753,,0.5 Month Free,2026-09-24,
2026-09-28T13:58,2026-09-28 09:58,Newport Rentals,Bisby,409,1 Bedroom,price_change,4925,4904,4867,,4925,10/24/2026,,827,,0.5 Month Free,2026-09-24,
2026-09-28T13:58,2026-09-28 09:58,Newport Rentals,Ellipse,1710,1 Bedroom,price_change,4925,4904,4867,,4925,Now,,759,,0.5 Month Free,2026-09-24,
2026-09-28T13:58,2026-09-28 09:58,Newport Rentals,Ellipse,3706,1 Bedroom,price_change,4925,4904,4867,,4925,12/6/2026,,752,,0.5 Month Free,2026-09-24,
2026-09-28T13:58,2026-09-28 09:58,Newport Rentals,Ellipse,3806,1 Bedroom,price_change,4930,4909,4872,,4930,Now,,752,,0.5 Month Free,2026-09-24,
2026-09-28T13:58,2026-09-28 09:58,Newport Rentals,Bisby,2905,1 Bedroom,price_change,4935,4914,4877,,4935,9/30/2026,,773,,0.5 Month Free,2026-09-24,
2026-09-28T13:58,2026-09-28 09:58,Newport Rentals,Ellipse,2702,1 Bedroom,price_change,4940,4919,4882,,4940,10/11/2026,,753,,0.5 Month Free,2026-09-24,
2026-09-28T13:58,2026-09-28 09:58,Newport Rentals,Bisby,503,1 Bedroom,price_change,5055,5034,4997,,5055,Now,,835,,0.5 Month Free,2026-09-24,
2026-09-28T13:58,2026-09-28 09:58,Newport Rentals,Bisby,603,1 Bedroom,price_change,5060,5039,5002,,5060,Now,,835,,,2026-09-26,
2026-09-28T13:58,2026-09-28 09:58,Newport Rentals,Beach,322,1 Bedroom,price_change,5080,5059,5022,,5080,Now,,723,,0.5 Month Free,2026-09-24,
2026-09-28T13:58,2026-09-28 09:58,Newport Rentals,Beach,722,1 Bedroom,price_change,5100,5079,5042,,5100,Now,,723,,0.5 Month Free,2026-09-24,
2026-09-28T13:58,2026-09-28 09:58,Newport Rentals,Beach,311,1 Bedroom,price_change,5140,5119,5082,,5140,Now,,761,,0.5 Month Free,2026-09-24,
2026-09-28T13:58,2026-09-28 09:58,Newport Rentals,Beach,1223,1 Bedroom,price_change,5165,5144,5107,,5165,9/30/2026,,730,,0.5 Month Free,2026-09-24,
2026-09-28T13:58,2026-09-28 09:58,Newport Rentals,Atlantic,2101,1 Bedroom,delisted,4326,,4278,,4326,Now,,860,,0.5 Month Free,2026-09-24,
2026-09-28T13:58,2026-09-28 09:58,235 Grand,235 Grand,4412,1 Bedroom,price_change,4175,4165,4175,4620,,10/18/2026,,,Floor Plan Video,,2026-09-24,
2026-09-28T13:58,2026-09-28 09:58,235 Grand,235 Grand,0626,1 Bedroom,price_change,4050,4040,4050,4495,,10/31/2026,,,Floor Plan Video,,2026-09-24,
2026-09-28T13:58,2026-09-28 09:58,235 Grand,235 Grand,0803,1 Bedroom,price_change,3990,3980,3990,4430,,11/6/2026,,,Floor Plan Video,,2026-09-24,
2026-09-28T13:58,2026-09-28 09:58,235 Grand,235 Grand,0423,1 Bedroom,price_change,4005,3995,4005,4440,,11/7/2026,,,Floor Plan Video,,2026-09-24,
2026-09-28T13:58,2026-09-28 09:58,235 Grand,235 Grand,1702,1 Bedroom,price_change,3920,3910,3920,4350,,11/7/2026,,,Floor Plan Video,,2026-09-24,
2026-09-28T13:58,2026-09-28 09:58,235 Grand,235 Grand,4303,1 Bedroom,price_change,4190,4180,4190,4640,,11/7/2026,,,Floor Plan Video,,2026-09-24,
2026-09-28T13:58,2026-09-28 09:58,235 Grand,235 Grand,2604,1 Bedroom,price_change,3890,3880,3890,4315,,11/8/2026,,,Floor Plan Video,,2026-09-24,
2026-09-28T13:58,2026-09-28 09:58,235 Grand,235 Grand,2112,1 Bedroom,price_change,3775,3765,3775,4195,,11/25/2026,,,Floor Plan Video,,2026-09-24,
2026-09-28T13:58,2026-09-28 09:58,235 Grand,235 Grand,2312,1 Bedroom,price_change,3825,3815,3825,4265,,12/6/2026,,,Floor Plan Video,,2026-09-24,
2026-09-28T13:58,2026-09-28 09:58,235 Grand,235 Grand,3108,1 Bedroom,price_change,4020,4010,4020,4470,,12/7/2026,,,Floor Plan Video,,2026-09-24,
2026-09-28T13:58,2026-09-28 09:58,235 Grand,235 Grand,3904,1 Bedroom,price_change,3945,3935,3945,4360,,12/20/2026,,,Floor Plan Video,,2026-09-24,
2026-09-28T13:58,2026-09-28 09:58,65 Bay Street,65 Bay Street,30-09,1 Bedroom,price_change,4076,4060,4076,,,Now,,685,Apartment: # 30-09,,2026-09-24,
2026-09-28T13:58,2026-09-28 09:58,65 Bay Street,65 Bay Street,18-09,1 Bedroom,price_change,3932,3915,3932,,,Now,,685,Apartment: # 18-09,,2026-09-24,
2026-09-28T13:58,2026-09-28 09:58,65 Bay Street,65 Bay Street,08-01,1 Bedroom,price_change,3856,3840,3856,,,Now,,685,Apartment: # 08-01,,2026-09-24,
2026-09-28T13:58,2026-09-28 09:58,65 Bay Street,65 Bay Street,25-08,1 Bedroom,price_change,4523,4506,4523,,,Now,,794,Apartment: # 25-08,,2026-09-24,
2026-09-28T13:58,2026-09-28 09:58,65 Bay Street,65 Bay Street,27-02,1 Bedroom,price_change,4463,4446,4463,,,Now,,794,Apartment: # 27-02,,2026-09-24,
2026-09-28T13:58,2026-09-28 09:58,Avalon Cove,Avalon Cove,5221,1 Bedroom,price_change,3740,3655,3740,,,10/31/2026,,693,A2,10-month lease,2026-09-24,
2026-09-28T13:58,2026-09-28 09:58,Avalon Cove,Avalon Cove,2219,1 Bedroom,price_change,3535,3815,3535,,,12/3/2026,,693,A2,20-month lease,2026-09-24,
2026-09-28T13:58,2026-09-28 09:58,Avalon Cove,Avalon Cove,6455,1 Bedroom,price_change,3770,3955,3770,,,11/11/2026,,752,A3,10-month lease,2026-09-24,
2026-09-28T13:58,2026-09-28 09:58,Avalon Cove,Avalon Cove,4117,1 Bedroom,price_change,4120,4130,4120,,,10/10/2026,,778,A18,22-month lease,2026-09-24,
2026-09-28T13:58,2026-09-28 09:58,Avalon Cove,Avalon Cove,3143,1 Bedroom,price_change,3880,4040,3880,,,11/18/2026,,778,A18,21-month lease,2026-09-24,
2026-09-28T13:58,2026-09-28 09:58,Avalon Cove,Avalon Cove,3138,1 Bedroom,price_change,4120,4310,4120,,,11/9/2026,,778,A5,21-month lease,2026-09-24,
2026-09-28T13:58,2026-09-28 09:58,Avalon Cove,Avalon Cove,2125,1 Bedroom,price_change,3840,3850,3840,,,10/17/2026,,805,A7,10-month lease,2026-09-24,
2026-09-28T13:58,2026-09-28 09:58,Avalon Cove,Avalon Cove,3330,1 Bedroom,price_change,4050,3775,4050,,,11/5/2026,,817,A8,21-month lease,2026-09-24,
2026-09-28T13:58,2026-09-28 09:58,Avalon Cove,Avalon Cove,2128,1 Bedroom,price_change,3955,4115,3955,,,11/19/2026,,817,A8,21-month lease,2026-09-24,
2026-09-28T13:58,2026-09-28 09:58,Avalon Cove,Avalon Cove,6132,1 Bedroom,price_change,4275,4245,4275,,,12/31/2026,,817,A8,19-month lease,2026-09-26,
2026-09-28T13:58,2026-09-28 09:58,Avalon Cove,Avalon Cove,5327,1 Bedroom,price_change,3890,4015,3890,,,11/28/2026,,818,A9,10-month lease,2026-09-24,
2026-09-28T13:58,2026-09-28 09:58,Equity Apartments,Portside Towers,908,1 Bedroom,listed,3874,,3874,,,9/29/2026,,960,G,,2026-09-28,
2026-09-28T13:58,2026-09-28 09:58,Equity Apartments,The Pier,1-542,1 Bedroom,delisted,3798,,3798,,,Now,,703,A3,,2026-09-27,
2026-09-28T20:05,2026-09-28 16:05,Newport Rentals,Parkside West,3007,1 Bedroom,listed,3518,,3505,,3518,11/11/2026,,766,,,2026-09-28,
2026-09-28T20:05,2026-09-28 16:05,Newport Rentals,Southampton,2104,1 Bedroom,listed,4001,,3953,,4001,10/4/2026,,851,,,2026-09-28,
2026-09-28T20:05,2026-09-28 16:05,Newport Rentals,Pacific,2206,1 Bedroom,listed,3971,,3958,,3971,10/15/2026,,799,,,2026-09-28,
2026-09-28T20:05,2026-09-28 16:05,Newport Rentals,Beach,209,1 Bedroom,listed,4839,,4781,,4839,10/29/2026,,713,,,2026-09-28,
2026-09-28T20:05,2026-09-28 16:05,Newport Rentals,Atlantic,3412,1 Bedroom,delisted,4376,,4328,,4376,10/16/2026,,796,,0.5 Month Free,2026-09-24,
2026-09-28T20:05,2026-09-28 16:05,Newport Rentals,East Hampton,1511,1 Bedroom,delisted,3651,,3603,,3651,Now,,743,,0.5 Month Free,2026-09-24,
2026-09-28T20:05,2026-09-28 16:05,235 Grand,235 Grand,0225,1 Bedroom,listed,3975,,3975,4440,,12/7/2026,,,Floor Plan Video,,2026-09-28,
2026-09-28T20:05,2026-09-28 16:05,Avalon Cove,Avalon Cove,2128,1 Bedroom,price_change,4090,3955,4090,,,11/19/2026,,817,A8,21-month lease,2026-09-24,
2026-09-28T20:05,2026-09-28 16:05,Equity Apartments,The Pier,1-602,1 Bedroom,listed,3736,,3736,,,Now,,825,A7,,2026-09-28,
2026-09-28T20:05,2026-09-28 16:05,Equity Apartments,The Pier,1-542,1 Bedroom,listed,3798,,3798,,,Now,,703,A3,,2026-09-28,
2026-09-28T20:05,2026-09-28 16:05,Equity Apartments,The Pier,1-633,1 Bedroom,available_change,3884,,3884,,,10/8/2026,10/7/2026,741,A5,,2026-09-27,
2026-09-28T20:05,2026-09-28 16:05,IronState Properties,50 Columbus,4775281,1 Bedroom,available_change,3810,,3810,,,10/01/2026,10/09/2026,781,4775281,,2026-09-27,
2026-09-28T21:14,2026-09-28 17:14,Equity Apartments,The Pier,1-633,1 Bedroom,available_change,3884,,3884,,,10/7/2026,10/8/2026,741,A5,,2026-09-27,
2026-09-28T21:14,2026-09-28 17:14,Equity Apartments,The Pier,1-542,1 Bedroom,delisted,3798,,3798,,,Now,,703,A3,,2026-09-28,
2026-09-28T21:14,2026-09-28 17:14,Equity Apartments,The Pier,1-602,1 Bedroom,delisted,3736,,3736,,,Now,,825,A7,,2026-09-28,
2026-09-28T21:14,2026-09-28 17:14,VYV,,N-0309,1 Bedroom,delisted,3933,,3933,,,10/7/2026,,836,A22,,2026-09-27,
2026-09-28T23:40,2026-09-28 19:40,Newport Rentals,Waterside Square South,916,1 Bedroom,listed,3378,,3365,,3378,10/6/2026,,711,,,2026-09-28,
2026-09-28T23:40,2026-09-28 19:40,Newport Rentals,Bisby,2905,1 Bedroom,delisted,4935,,4877,,4935,9/30/2026,,773,,0.5 Month Free,2026-09-24,
2026-09-28T23:40,2026-09-28 19:40,Newport Rentals,Parkside East,2301,1 Bedroom,delisted,3349,,3336,,3349,11/6/2026,,771,,0.5 Month Free,2026-09-24,
2026-09-28T23:40,2026-09-28 19:40,VYV,,S-3455,1 Bedroom,listed,3852,,3852,,,Now,,703,A05,,2026-09-28,
2026-09-28T23:40,2026-09-28 19:40,Northern Chapter Properties,235 Grand,4412,1 Bedroom,listed,4175,,4175,4620,,10/18/2026,,,Floor Plan Video,,2026-09-28,first run
2026-09-28T23:40,2026-09-28 19:40,Northern Chapter Properties,235 Grand,0626,1 Bedroom,listed,4050,,4050,4495,,10/31/2026,,,Floor Plan Video,,2026-09-28,first run
2026-09-28T23:40,2026-09-28 19:40,Northern Chapter Properties,235 Grand,0803,1 Bedroom,listed,3990,,3990,4430,,11/6/2026,,,Floor Plan Video,,2026-09-28,first run
2026-09-28T23:40,2026-09-28 19:40,Northern Chapter Properties,235 Grand,0423,1 Bedroom,listed,4005,,4005,4440,,11/7/2026,,,Floor Plan Video,,2026-09-28,first run
2026-09-28T23:40,2026-09-28 19:40,Northern Chapter Properties,235 Grand,1702,1 Bedroom,listed,3920,,3920,4350,,11/7/2026,,,Floor Plan Video,,2026-09-28,first run
2026-09-28T23:40,2026-09-28 19:40,Northern Chapter Properties,235 Grand,4303,1 Bedroom,listed,4190,,4190,4640,,11/7/2026,,,Floor Plan Video,,2026-09-28,first run
2026-09-28T23:40,2026-09-28 19:40,Northern Chapter Properties,235 Grand,2604,1 Bedroom,listed,3890,,3890,4315,,11/8/2026,,,Floor Plan Video,,2026-09-28,first run
2026-09-28T23:40,2026-09-28 19:40,Northern Chapter Properties,235 Grand,2112,1 Bedroom,listed,3775,,3775,4195,,11/25/2026,,,Floor Plan Video,,2026-09-28,first run
2026-09-28T23:40,2026-09-28 19:40,Northern Chapter Properties,235 Grand,2312,1 Bedroom,listed,3825,,3825,4265,,12/6/2026,,,Floor Plan Video,,2026-09-28,first run
2026-09-28T23:40,2026-09-28 19:40,Northern Chapter Properties,235 Grand,0225,1 Bedroom,listed,3975,,3975,4440,,12/7/2026,,,Floor Plan Video,,2026-09-28,first run
2026-09-28T23:40,2026-09-28 19:40,Northern Chapter Properties,235 Grand,3108,1 Bedroom,listed,4020,,4020,4470,,12/7/2026,,,Floor Plan Video,,2026-09-28,first run
2026-09-28T23:40,2026-09-28 19:40,Northern Chapter Properties,235 Grand,3904,1 Bedroom,listed,3945,,3945,4360,,12/20/2026,,,Floor Plan Video,,2026-09-28,first run
2026-09-28T23:40,2026-09-28 19:40,Northern Chapter Properties,18 Park,1031,1 Bedroom,listed,3640,,3640,4015,,10/13/2026,,651,Floor Plan Video,,2026-09-28,first run
2026-09-28T23:40,2026-09-28 19:40,Northern Chapter Properties,18 Park,PH18,1 Bedroom,listed,3765,,3765,4150,,10/13/2026,,651,Floor Plan Video,,2026-09-28,first run
2026-09-28T23:40,2026-09-28 19:40,Northern Chapter Properties,18 Park,0610,1 Bedroom,listed,3610,,3610,3960,,10/17/2026,,651,Floor Plan Video,,2026-09-28,first run
2026-09-28T23:40,2026-09-28 19:40,Northern Chapter Properties,18 Park,0432,1 Bedroom,listed,3720,,3720,4090,,10/30/2026,,651,Floor Plan Video,,2026-09-28,first run
2026-09-28T23:40,2026-09-28 19:40,Northern Chapter Properties,18 Park,0743,1 Bedroom,listed,3885,,3885,4260,,10/31/2026,,651,Floor Plan Video,,2026-09-28,first run
2026-09-28T23:40,2026-09-28 19:40,Northern Chapter Properties,18 Park,0945,1 Bedroom,listed,3910,,3910,4285,,11/7/2026,,651,Floor Plan Video,,2026-09-28,first run
2026-09-28T23:40,2026-09-28 19:40,Northern Chapter Properties,18 Park,0634,1 Bedroom,listed,3730,,3730,4110,,12/7/2026,,651,Floor Plan Video,,2026-09-28,first run
2026-09-28T23:40,2026-09-28 19:40,Northern Chapter Properties,18 Park,0930,1 Bedroom,listed,3755,,3755,4140,,12/7/2026,,637,Floor Plan Video,,2026-09-28,first run
2026-09-28T23:40,2026-09-28 19:40,Northern Chapter Properties,18 Park,1035,1 Bedroom,listed,3640,,3640,3990,,12/21/2026,,651,Floor Plan Video,,2026-09-28,first run
2026-09-28T23:40,2026-09-28 19:40,Northern Chapter Properties,225 Grand,0428,1 Bedroom,listed,3310,,3310,3645,,Now,,666,Floor Plan Video,,2026-09-28,first run
2026-09-28T23:40,2026-09-28 19:40,Northern Chapter Properties,225 Grand,0609,1 Bedroom,listed,3360,,3360,3670,,Now,,744,Floor Plan Video,,2026-09-28,first run
2026-09-28T23:40,2026-09-28 19:40,Northern Chapter Properties,225 Grand,1020,1 Bedroom,listed,3375,,3375,3680,,Now,,774,Floor Plan Video,,2026-09-28,first run
2026-09-28T23:40,2026-09-28 19:40,Northern Chapter Properties,225 Grand,0610,1 Bedroom,listed,3365,,3365,3670,,Now,,758,Floor Plan Video,,2026-09-28,first run
2026-09-28T23:40,2026-09-28 19:40,Northern Chapter Properties,225 Grand,0708,1 Bedroom,listed,3270,,3270,3570,,Now,,660,Floor Plan Video,,2026-09-28,first run
2026-09-28T23:40,2026-09-28 19:40,Northern Chapter Properties,225 Grand,0804,1 Bedroom,listed,3430,,3430,3740,,Now,,760,Floor Plan Video,,2026-09-28,first run
2026-09-28T23:40,2026-09-28 19:40,Northern Chapter Properties,225 Grand,1518,1 Bedroom,listed,3390,,3390,3695,,Now,,666,Floor Plan Video,,2026-09-28,first run
2026-09-28T23:40,2026-09-28 19:40,Northern Chapter Properties,225 Grand,1009,1 Bedroom,listed,3320,,3320,3620,,Now,,744,Floor Plan Video,,2026-09-28,first run
2026-09-28T23:40,2026-09-28 19:40,Northern Chapter Properties,225 Grand,1503,1 Bedroom,listed,3580,,3580,3915,,Now,,758,Floor Plan Video,,2026-09-28,first run
2026-09-28T23:40,2026-09-28 19:40,Northern Chapter Properties,225 Grand,0519,1 Bedroom,listed,3947,,3947,4302,,Now,,864,Floor Plan Video,,2026-09-28,first run
2026-09-28T23:40,2026-09-28 19:40,Northern Chapter Properties,225 Grand,0711,1 Bedroom,listed,3430,,3430,3670,,Now,,744,Floor Plan Video,,2026-09-28,first run
2026-09-28T23:40,2026-09-28 19:40,Northern Chapter Properties,225 Grand,0917,1 Bedroom,listed,3325,,3325,3635,,Now,,732,Floor Plan Video,,2026-09-28,first run
2026-09-28T23:40,2026-09-28 19:40,Northern Chapter Properties,225 Grand,1010,1 Bedroom,listed,3315,,3315,3625,,Now,,758,Floor Plan Video,,2026-09-28,first run
2026-09-29T01:03,2026-09-28 21:03,Liberty Harbor,The Regent,211,1 Bedroom,available_change,3218,,3218,,,Now,9/29/2026,748,,discounted,2026-09-24,
2026-09-29T01:03,2026-09-28 21:03,Liberty Harbor,333 Grand,304,1 Bedroom,available_change,3231,,3231,,,Now,9/29/2026,671,,discounted,2026-09-24,
2026-09-29T01:03,2026-09-28 21:03,Liberty Harbor,333 Grand,1203,1 Bedroom,available_change,3318,,3318,,,Now,9/29/2026,643,,discounted,2026-09-24,
2026-09-29T01:03,2026-09-28 21:03,Equity Apartments,Portside Towers,908,1 Bedroom,available_change,3874,,3874,,,Now,9/29/2026,960,G,,2026-09-28,
2026-09-29T09:51,2026-09-29 05:51,Newport Rentals,East Hampton,715,1 Bedroom,available_change,4051,,4003,,4051,Now,9/29/2026,828,,0.5 Month Free,2026-09-24,
2026-09-29T09:51,2026-09-29 05:51,Newport Rentals,Aquablu,418,1 Bedroom,available_change,4155,,4112,,4155,Now,9/30/2026,811,,0.5 Month Free,2026-09-24,
2026-09-29T09:51,2026-09-29 05:51,65 Bay Street,65 Bay Street,30-09,1 Bedroom,price_change,4070,4076,4070,,,Now,,685,Apartment: # 30-09,,2026-09-24,
2026-09-29T09:51,2026-09-29 05:51,65 Bay Street,65 Bay Street,31-01,1 Bedroom,listed,3970,,3970,,,Now,,685,Apartment: # 31-01,,2026-09-29,
2026-09-29T09:51,2026-09-29 05:51,65 Bay Street,65 Bay Street,18-09,1 Bedroom,price_change,3926,3932,3926,,,Now,,685,Apartment: # 18-09,,2026-09-24,
2026-09-29T09:51,2026-09-29 05:51,65 Bay Street,65 Bay Street,08-01,1 Bedroom,price_change,3850,3856,3850,,,Now,,685,Apartment: # 08-01,,2026-09-24,
2026-09-29T09:51,2026-09-29 05:51,65 Bay Street,65 Bay Street,25-08,1 Bedroom,price_change,4516,4523,4516,,,Now,,794,Apartment: # 25-08,,2026-09-24,
2026-09-29T09:51,2026-09-29 05:51,65 Bay Street,65 Bay Street,27-02,1 Bedroom,price_change,4456,4463,4456,,,Now,,794,Apartment: # 27-02,,2026-09-24,
2026-09-29T09:51,2026-09-29 05:51,Avalon Cove,Avalon Cove,6455,1 Bedroom,price_change,3765,3770,3765,,,11/11/2026,,752,A3,10-month lease,2026-09-24,
2026-09-29T09:51,2026-09-29 05:51,Avalon Cove,Avalon Cove,4117,1 Bedroom,price_change,4110,4120,4110,,,10/10/2026,,778,A18,22-month lease,2026-09-24,
2026-09-29T09:51,2026-09-29 05:51,Avalon Cove,Avalon Cove,2125,1 Bedroom,price_change,3830,3840,3830,,,10/17/2026,,805,A7,10-month lease,2026-09-24,
2026-09-29T09:51,2026-09-29 05:51,Avalon Cove,Avalon Cove,5327,1 Bedroom,price_change,3885,3890,3885,,,11/28/2026,,818,A9,10-month lease,2026-09-24,
2026-09-29T09:51,2026-09-29 05:51,Equity Apartments,Portside Towers,908,1 Bedroom,delisted,3874,,3874,,,Now,,960,G,,2026-09-28,
2026-09-29T09:51,2026-09-29 05:51,Northern Chapter Properties,235 Grand,4412,1 Bedroom,price_change,4190,4175,4190,4640,,10/18/2026,,,Floor Plan Video,,2026-09-28,
2026-09-29T09:51,2026-09-29 05:51,Northern Chapter Properties,235 Grand,0626,1 Bedroom,price_change,4065,4050,4065,4510,,10/31/2026,,,Floor Plan Video,,2026-09-28,
2026-09-29T09:51,2026-09-29 05:51,Northern Chapter Properties,235 Grand,0803,1 Bedroom,price_change,4000,3990,4000,4445,,11/6/2026,,,Floor Plan Video,,2026-09-28,
2026-09-29T09:51,2026-09-29 05:51,Northern Chapter Properties,235 Grand,0423,1 Bedroom,price_change,4015,4005,4015,4455,,11/7/2026,,,Floor Plan Video,,2026-09-28,
2026-09-29T09:51,2026-09-29 05:51,Northern Chapter Properties,235 Grand,1702,1 Bedroom,price_change,3930,3920,3930,4365,,11/7/2026,,,Floor Plan Video,,2026-09-28,
2026-09-29T09:51,2026-09-29 05:51,Northern Chapter Properties,235 Grand,4303,1 Bedroom,price_change,4200,4190,4200,4655,,11/7/2026,,,Floor Plan Video,,2026-09-28,
2026-09-29T09:51,2026-09-29 05:51,Northern Chapter Properties,235 Grand,2604,1 Bedroom,price_change,3900,3890,3900,4325,,11/8/2026,,,Floor Plan Video,,2026-09-28,
2026-09-29T09:51,2026-09-29 05:51,Northern Chapter Properties,235 Grand,2112,1 Bedroom,price_change,3790,3775,3790,4210,,11/25/2026,,,Floor Plan Video,,2026-09-28,
2026-09-29T09:51,2026-09-29 05:51,Northern Chapter Properties,235 Grand,2312,1 Bedroom,price_change,3840,3825,3840,4275,,12/6/2026,,,Floor Plan Video,,2026-09-28,
2026-09-29T09:51,2026-09-29 05:51,Northern Chapter Properties,235 Grand,0225,1 Bedroom,price_change,3890,3975,3890,4325,,12/7/2026,,,Floor Plan Video,,2026-09-28,
2026-09-29T09:51,2026-09-29 05:51,Northern Chapter Properties,235 Grand,3108,1 Bedroom,price_change,4035,4020,4035,4480,,12/7/2026,,,Floor Plan Video,,2026-09-28,
2026-09-29T09:51,2026-09-29 05:51,Northern Chapter Properties,235 Grand,3904,1 Bedroom,price_change,3960,3945,3960,4375,,12/20/2026,,,Floor Plan Video,,2026-09-28,
2026-09-29T09:51,2026-09-29 05:51,Northern Chapter Properties,225 Grand,0711,1 Bedroom,price_change,3360,3430,3360,3670,,Now,,744,Floor Plan Video,,2026-09-28,
2026-09-29T12:14,2026-09-29 08:14,Newport Rentals,Roosevelt House,403,1 Bedroom,price_change,3319,3307,3286,,3319,10/14/2026,,720,,,2026-09-24,
2026-09-29T12:14,2026-09-29 08:14,Newport Rentals,Parkside West,1515,1 Bedroom,price_change,3332,3349,3319,,3332,Now,,767,,0.5 Month Free,2026-09-24,
2026-09-29T12:14,2026-09-29 08:14,Newport Rentals,Parkside West,2115,1 Bedroom,price_change,3362,3379,3349,,3362,Now,,767,,0.5 Month Free,2026-09-24,
2026-09-29T12:14,2026-09-29 08:14,Newport Rentals,Waterside Square North,906,1 Bedroom,price_change,3417,3434,3404,,3417,10/10/2026,,745,,0.5 Month Free,2026-09-24,
2026-09-29T12:14,2026-09-29 08:14,Newport Rentals,Parkside West,3007,1 Bedroom,price_change,3502,3518,3489,,3502,11/11/2026,,766,,,2026-09-28,
2026-09-29T12:14,2026-09-29 08:14,Newport Rentals,Waterside Square North,814,1 Bedroom,price_change,3502,3519,3489,,3502,Now,,752,,0.5 Month Free,2026-09-24,
2026-09-29T12:14,2026-09-29 08:14,Newport Rentals,Waterside Square North,2016,1 Bedroom,price_change,3507,3524,3494,,3507,Now,,711,,0.5 Month Free,2026-09-24,
2026-09-29T12:14,2026-09-29 08:14,Newport Rentals,Waterside Square North,1114,1 Bedroom,price_change,3517,3534,3504,,3517,Now,,752,,0.5 Month Free,2026-09-24,
2026-09-29T12:14,2026-09-29 08:14,Newport Rentals,Waterside Square North,2014,1 Bedroom,price_change,3517,3534,3504,,3517,10/11/2026,,752,,0.5 Month Free,2026-09-24,
2026-09-29T12:14,2026-09-29 08:14,Newport Rentals,Waterside Square North,1706,1 Bedroom,price_change,3537,3554,3524,,3537,10/11/2026,,745,,0.5 Month Free,2026-09-24,
2026-09-29T12:14,2026-09-29 08:14,Newport Rentals,Waterside Square North,2214,1 Bedroom,price_change,3567,3584,3554,,3567,Now,,752,,0.5 Month Free,2026-09-24,
2026-09-29T12:14,2026-09-29 08:14,Newport Rentals,Waterside Square North,1710,1 Bedroom,price_change,3567,3584,3554,,3567,12/2/2026,,696,,0.5 Month Free,2026-09-24,
2026-09-29T12:14,2026-09-29 08:14,Newport Rentals,Waterside Square North,407,1 Bedroom,price_change,3617,3634,3604,,3617,Now,,738,,0.5 Month Free,2026-09-24,
2026-09-29T12:14,2026-09-29 08:14,Newport Rentals,East Hampton,1711,1 Bedroom,price_change,3663,3661,3615,,3663,10/7/2026,,743,,0.5 Month Free,2026-09-25,
2026-09-29T12:14,2026-09-29 08:14,Newport Rentals,East Hampton,3011,1 Bedroom,price_change,3793,3791,3745,,3793,Now,,743,,0.5 Month Free,2026-09-24,
2026-09-29T12:14,2026-09-29 08:14,Newport Rentals,Riverside,612,1 Bedroom,price_change,3858,3856,3810,,3858,10/29/2026,,792,,0.5 Month Free,2026-09-24,
2026-09-29T12:14,2026-09-29 08:14,Newport Rentals,Southampton,406,1 Bedroom,price_change,3873,3871,3825,,3873,10/5/2026,,796,,0.5 Month Free,2026-09-24,
2026-09-29T12:14,2026-09-29 08:14,Newport Rentals,Southampton,508,1 Bedroom,price_change,3878,3876,3830,,3878,Now,,765,,0.5 Month Free,2026-09-24,
2026-09-29T12:14,2026-09-29 08:14,Newport Rentals,Atlantic,2210,1 Bedroom,price_change,3888,3886,3840,,3888,10/7/2026,,899,,0.5 Month Free,2026-09-24,
2026-09-29T12:14,2026-09-29 08:14,Newport Rentals,Riverside,1502,1 Bedroom,price_change,3898,3896,3850,,3898,Now,,818,,0.5 Month Free,2026-09-24,
2026-09-29T12:14,2026-09-29 08:14,Newport Rentals,Southampton,3307,1 Bedroom,price_change,3903,3901,3855,,3903,Now,,838,,0.5 Month Free,2026-09-24,
2026-09-29T12:14,2026-09-29 08:14,Newport Rentals,Southampton,1801,1 Bedroom,price_change,3913,3911,3865,,3913,10/19/2026,,849,,,2026-09-25,
2026-09-29T12:14,2026-09-29 08:14,Newport Rentals,Atlantic,1006,1 Bedroom,price_change,3918,3916,3870,,3918,Now,,795,,0.5 Month Free,2026-09-24,
2026-09-29T12:14,2026-09-29 08:14,Newport Rentals,Atlantic,2810,1 Bedroom,price_change,3918,3916,3870,,3918,10/28/2026,,899,,0.5 Month Free,2026-09-24,
2026-09-29T12:14,2026-09-29 08:14,Newport Rentals,Riverside,1511,1 Bedroom,price_change,3923,3921,3875,,3923,11/20/2026,,834,,0.5 Month Free,2026-09-24,
2026-09-29T12:14,2026-09-29 08:14,Newport Rentals,Southampton,3312,1 Bedroom,price_change,3948,3946,3900,,3948,11/3/2026,,798,,0.5 Month Free,2026-09-24,
2026-09-29T12:14,2026-09-29 08:14,Newport Rentals,Southampton,3004,1 Bedroom,price_change,3983,3981,3935,,3983,Now,,851,,0.5 Month Free,2026-09-24,
2026-09-29T12:14,2026-09-29 08:14,Newport Rentals,Southampton,2912,1 Bedroom,price_change,3993,3991,3945,,3993,Now,,798,,0.5 Month Free,2026-09-24,
2026-09-29T12:14,2026-09-29 08:14,Newport Rentals,Southampton,808,1 Bedroom,price_change,3993,3991,3945,,3993,10/31/2026,,765,,0.5 Month Free,2026-09-24,
2026-09-29T12:14,2026-09-29 08:14,Newport Rentals,East Hampton,2809,1 Bedroom,price_change,4003,4001,3955,,4003,10/31/2026,,817,,0.5 Month Free,2026-09-24,
2026-09-29T12:14,2026-09-29 08:14,Newport Rentals,Riverside,1005,1 Bedroom,price_change,4003,4001,3955,,4003,Now,,813,,0.5 Month Free,2026-09-24,
2026-09-29T12:14,2026-09-29 08:14,Newport Rentals,Southampton,2104,1 Bedroom,price_change,4003,4001,3955,,4003,10/4/2026,,851,,,2026-09-28,
2026-09-29T12:14,2026-09-29 08:14,Newport Rentals,East Hampton,415,1 Bedroom,price_change,4013,4011,3965,,4013,Now,,828,,0.5 Month Free,2026-09-24,
2026-09-29T12:14,2026-09-29 08:14,Newport Rentals,East Hampton,715,1 Bedroom,price_change,4053,4051,4005,,4053,Now,,828,,0.5 Month Free,2026-09-24,
2026-09-29T12:14,2026-09-29 08:14,Newport Rentals,Atlantic,912,1 Bedroom,price_change,4083,4081,4035,,4083,12/3/2026,,796,,0.5 Month Free,2026-09-24,
2026-09-29T12:14,2026-09-29 08:14,Newport Rentals,Atlantic,1508,1 Bedroom,price_change,4088,4086,4040,,4088,Now,,758,,0.5 Month Free,2026-09-24,
2026-09-29T12:14,2026-09-29 08:14,Newport Rentals,Southampton,2407,1 Bedroom,price_change,4093,4091,4045,,4093,11/2/2026,,838,,0.5 Month Free,2026-09-24,
2026-09-29T12:14,2026-09-29 08:14,Newport Rentals,East Hampton,2206,1 Bedroom,price_change,4098,4096,4050,,4098,11/8/2026,,862,,0.5 Month Free,2026-09-24,
2026-09-29T12:14,2026-09-29 08:14,Newport Rentals,Southampton,2008,1 Bedroom,price_change,4098,4096,4050,,4098,Now,,765,,0.5 Month Free,2026-09-24,
2026-09-29T12:14,2026-09-29 08:14,Newport Rentals,East Hampton,701,1 Bedroom,price_change,4103,4101,4055,,4103,10/2/2026,,862,,0.5 Month Free,2026-09-24,
2026-09-29T12:14,2026-09-29 08:14,Newport Rentals,Southampton,2202,1 Bedroom,price_change,4108,4106,4060,,4108,10/9/2026,,821,,0.5 Month Free,2026-09-24,
2026-09-29T12:14,2026-09-29 08:14,Newport Rentals,Atlantic,2806,1 Bedroom,price_change,4113,4111,4065,,4113,Now,,795,,0.5 Month Free,2026-09-24,
2026-09-29T12:14,2026-09-29 08:14,Newport Rentals,Riverside,2111,1 Bedroom,price_change,4128,4126,4080,,4128,10/16/2026,,834,,0.5 Month Free,2026-09-24,
2026-09-29T12:14,2026-09-29 08:14,Newport Rentals,East Hampton,809,1 Bedroom,price_change,4148,4146,4100,,4148,10/8/2026,,817,,0.5 Month Free,2026-09-24,
2026-09-29T12:14,2026-09-29 08:14,Newport Rentals,Riverside,505,1 Bedroom,price_change,4153,4151,4105,,4153,Now,,828,,0.5 Month Free,2026-09-24,
2026-09-29T12:14,2026-09-29 08:14,Newport Rentals,Aquablu,418,1 Bedroom,price_change,4159,4155,4116,,4159,Now,,811,,0.5 Month Free,2026-09-24,
2026-09-29T12:14,2026-09-29 08:14,Newport Rentals,Riverside,905,1 Bedroom,price_change,4173,4171,4125,,4173,10/22/2026,,813,,0.5 Month Free,2026-09-24,
2026-09-29T12:14,2026-09-29 08:14,Newport Rentals,Atlantic,2701,1 Bedroom,price_change,4183,4181,4135,,4183,10/25/2026,,860,,0.5 Month Free,2026-09-24,
2026-09-29T12:14,2026-09-29 08:14,Newport Rentals,Atlantic,1404,1 Bedroom,price_change,4193,4191,4145,,4193,Now,,880,,0.5 Month Free,2026-09-24,
2026-09-29T12:14,2026-09-29 08:14,Newport Rentals,East Hampton,1808,1 Bedroom,price_change,4193,4191,4145,,4193,Now,,832,,0.5 Month Free,2026-09-24,
2026-09-29T12:14,2026-09-29 08:14,Newport Rentals,Riverside,2107,1 Bedroom,price_change,4203,4201,4155,,4203,10/28/2026,,815,,0.5 Month Free,2026-09-24,
2026-09-29T12:14,2026-09-29 08:14,Newport Rentals,Atlantic,3406,1 Bedroom,price_change,4208,4206,4160,,4208,Now,,795,,0.5 Month Free,2026-09-24,
2026-09-29T12:14,2026-09-29 08:14,Newport Rentals,Southampton,3108,1 Bedroom,price_change,4218,4216,4170,,4218,Now,,765,,0.5 Month Free,2026-09-24,
2026-09-29T12:14,2026-09-29 08:14,Newport Rentals,Atlantic,111,1 Bedroom,price_change,4223,4221,4175,,4223,12/4/2026,,1000,,0.5 Month Free,2026-09-24,
2026-09-29T12:14,2026-09-29 08:14,Newport Rentals,Riverside,2607,1 Bedroom,price_change,4228,4226,4180,,4228,Now,,815,,0.5 Month Free,2026-09-24,
2026-09-29T12:14,2026-09-29 08:14,Newport Rentals,East Hampton,706,1 Bedroom,price_change,4253,4251,4205,,4253,Now,,862,,0.5 Month Free,2026-09-24,
2026-09-29T12:14,2026-09-29 08:14,Newport Rentals,Aquablu,621,1 Bedroom,price_change,4294,4290,4251,,4294,Now,,816,,0.5 Month Free,2026-09-24,
2026-09-29T12:14,2026-09-29 08:14,Newport Rentals,Atlantic,1202,1 Bedroom,price_change,4348,4346,4300,,4348,Now,,794,,0.5 Month Free,2026-09-24,
2026-09-29T12:14,2026-09-29 08:14,Newport Rentals,Aquablu,624,1 Bedroom,price_change,4369,4365,4326,,4369,Now,,812,,0.5 Month Free,2026-09-24,
2026-09-29T12:14,2026-09-29 08:14,Newport Rentals,Atlantic,3412,1 Bedroom,listed,4378,,4330,,4378,10/4/2026,,796,,,2026-09-29,
2026-09-29T12:14,2026-09-29 08:14,Newport Rentals,Atlantic,3401,1 Bedroom,price_change,4393,4391,4345,,4393,10/21/2026,,860,,0.5 Month Free,2026-09-24,
2026-09-29T12:14,2026-09-29 08:14,Newport Rentals,Atlantic,2302,1 Bedroom,price_change,4398,4396,4350,,4398,11/5/2026,,794,,0.5 Month Free,2026-09-24,
2026-09-29T12:14,2026-09-29 08:14,Newport Rentals,Aquablu,2404,1 Bedroom,price_change,4529,4525,4486,,4529,Now,,790,,0.5 Month Free,2026-09-24,
2026-09-29T12:14,2026-09-29 08:14,Newport Rentals,Bisby,207,1 Bedroom,price_change,4544,4540,4486,,4544,Now,,780,,0.5 Month Free,2026-09-24,
2026-09-29T12:14,2026-09-29 08:14,Newport Rentals,Aquablu,1604,1 Bedroom,price_change,4689,4685,4646,,4689,Now,,790,,0.5 Month Free,2026-09-24,
2026-09-29T12:14,2026-09-29 08:14,Newport Rentals,Bisby,505,1 Bedroom,price_change,4759,4755,4701,,4759,11/4/2026,,773,,0.5 Month Free,2026-09-24,
2026-09-29T12:14,2026-09-29 08:14,Newport Rentals,Bisby,1806,1 Bedroom,price_change,4759,4755,4701,,4759,11/19/2026,,795,,1 Month Free,2026-09-24,
2026-09-29T12:14,2026-09-29 08:14,Newport Rentals,Aquablu,2804,1 Bedroom,price_change,4749,4745,4706,,4749,Now,,790,,0.5 Month Free,2026-09-24,
2026-09-29T12:14,2026-09-29 08:14,Newport Rentals,Bisby,705,1 Bedroom,price_change,4794,4790,4736,,4794,Now,,773,,0.5 Month Free,2026-09-24,
2026-09-29T12:14,2026-09-29 08:14,Newport Rentals,Bisby,407,1 Bedroom,price_change,4804,4800,4746,,4804,12/7/2026,,780,,0.5 Month Free,2026-09-24,
2026-09-29T12:14,2026-09-29 08:14,Newport Rentals,Bisby,507,1 Bedroom,price_change,4809,4805,4751,,4809,Now,,780,,1 Month Free,2026-09-24,
2026-09-29T12:14,2026-09-29 08:14,Newport Rentals,Bisby,409,1 Bedroom,price_change,4929,4925,4871,,4929,10/24/2026,,827,,0.5 Month Free,2026-09-24,
2026-09-29T12:14,2026-09-29 08:14,Newport Rentals,Bisby,503,1 Bedroom,price_change,5059,5055,5001,,5059,Now,,835,,0.5 Month Free,2026-09-24,
2026-09-29T12:14,2026-09-29 08:14,Newport Rentals,Bisby,603,1 Bedroom,price_change,5064,5060,5006,,5064,Now,,835,,,2026-09-26,
2026-09-29T12:14,2026-09-29 08:14,Equity Apartments,Portside Towers,908,1 Bedroom,listed,3874,,3874,,,Now,,960,G,,2026-09-29,
2026-09-29T12:14,2026-09-29 08:14,VYV,,S-3455,1 Bedroom,delisted,3852,,3852,,,Now,,703,A05,,2026-09-28,
2026-09-29T12:14,2026-09-29 08:14,Lenox,,804,1 Bedroom,price_change,4194,3875,4194,,,10/4/2026,,718,A1a,,2026-09-27,
2026-09-29T12:14,2026-09-29 08:14,Lenox,,804,1 Bedroom,available_change,4194,,4194,,,10/4/2026,10/3/2026,718,A1a,,2026-09-27,
2026-09-29T16:30,2026-09-29 12:30,Newport Rentals,Lincoln House,626,1 Bedroom,price_change,3179,3167,3166,,3179,Now,,725,,0.5 Month Free,2026-09-24,
2026-09-29T16:30,2026-09-29 12:30,Newport Rentals,Lincoln House,310,1 Bedroom,price_change,3199,3187,3186,,3199,Now,,645,,0.5 Month Free,2026-09-24,
2026-09-29T16:30,2026-09-29 12:30,Newport Rentals,Lincoln House,324,1 Bedroom,price_change,3214,3202,3201,,3214,Now,,713,,0.5 Month Free,2026-09-24,
2026-09-29T16:30,2026-09-29 12:30,Newport Rentals,Lincoln House,402,1 Bedroom,price_change,3219,3207,3206,,3219,10/31/2026,,725,,,2026-09-27,
2026-09-29T16:30,2026-09-29 12:30,Newport Rentals,Waterside Square South,916,1 Bedroom,price_change,3362,3378,3349,,3362,10/6/2026,,711,,,2026-09-28,
2026-09-29T16:30,2026-09-29 12:30,Newport Rentals,Parkside East,3001,1 Bedroom,price_change,3417,3434,3404,,3417,10/11/2026,,771,,0.5 Month Free,2026-09-24,
2026-09-29T16:30,2026-09-29 12:30,Newport Rentals,Waterside Square South,1116,1 Bedroom,price_change,3432,3449,3419,,3432,Now,,711,,0.5 Month Free,2026-09-24,
2026-09-29T16:30,2026-09-29 12:30,Newport Rentals,Waterside Square South,1710,1 Bedroom,price_change,3507,3524,3494,,3507,10/16/2026,,696,,0.5 Month Free,2026-09-24,
2026-09-29T16:30,2026-09-29 12:30,Newport Rentals,Waterside Square North,2014,1 Bedroom,available_change,3517,,3504,,3517,10/10/2026,10/11/2026,752,,0.5 Month Free,2026-09-24,
2026-09-29T16:30,2026-09-29 12:30,Newport Rentals,Waterside Square North,1706,1 Bedroom,available_change,3537,,3524,,3537,10/10/2026,10/11/2026,745,,0.5 Month Free,2026-09-24,
2026-09-29T16:30,2026-09-29 12:30,Newport Rentals,Pacific,2008,1 Bedroom,price_change,3838,3836,3825,,3838,Now,,808,,0.5 Month Free,2026-09-24,
2026-09-29T16:30,2026-09-29 12:30,Newport Rentals,Pacific,506,1 Bedroom,price_change,3893,3891,3880,,3893,Now,,799,,0.5 Month Free,2026-09-24,
2026-09-29T16:30,2026-09-29 12:30,Newport Rentals,Pacific,2006,1 Bedroom,price_change,3963,3961,3950,,3963,Now,,799,,0.5 Month Free,2026-09-24,
2026-09-29T16:30,2026-09-29 12:30,Newport Rentals,Pacific,2206,1 Bedroom,price_change,3973,3971,3960,,3973,10/15/2026,,799,,,2026-09-28,
2026-09-29T16:30,2026-09-29 12:30,Newport Rentals,Pacific,1907,1 Bedroom,price_change,4058,4056,4045,,4058,Now,,841,,0.5 Month Free,2026-09-24,
2026-09-29T16:30,2026-09-29 12:30,Newport Rentals,Beach,708,1 Bedroom,price_change,4609,4605,4551,,4609,Now,,552,,0.5 Month Free,2026-09-24,
2026-09-29T16:30,2026-09-29 12:30,Newport Rentals,Ellipse,306,1 Bedroom,price_change,4764,4760,4706,,4764,11/6/2026,,742,,0.5 Month Free,2026-09-24,
2026-09-29T16:30,2026-09-29 12:30,Newport Rentals,Ellipse,1606,1 Bedroom,price_change,4824,4820,4766,,4824,Now,,742,,0.5 Month Free,2026-09-24,
2026-09-29T16:30,2026-09-29 12:30,Newport Rentals,Beach,209,1 Bedroom,price_change,4844,4839,4786,,4844,10/29/2026,,713,,,2026-09-28,
2026-09-29T16:30,2026-09-29 12:30,Newport Rentals,Ellipse,2806,1 Bedroom,price_change,4884,4880,4826,,4884,Now,,742,,0.5 Month Free,2026-09-24,
2026-09-29T16:30,2026-09-29 12:30,Newport Rentals,Ellipse,910,1 Bedroom,price_change,4894,4890,4836,,4894,Now,,759,,0.5 Month Free,2026-09-24,
2026-09-29T16:30,2026-09-29 12:30,Newport Rentals,Ellipse,3506,1 Bedroom,price_change,4919,4915,4861,,4919,Now,,752,,0.5 Month Free,2026-09-24,
2026-09-29T16:30,2026-09-29 12:30,Newport Rentals,Ellipse,2202,1 Bedroom,price_change,4919,4915,4861,,4919,10/6/2026,,753,,0.5 Month Free,2026-09-24,
2026-09-29T16:30,2026-09-29 12:30,Newport Rentals,Ellipse,1710,1 Bedroom,price_change,4929,4925,4871,,4929,Now,,759,,0.5 Month Free,2026-09-24,
2026-09-29T16:30,2026-09-29 12:30,Newport Rentals,Ellipse,3706,1 Bedroom,price_change,4929,4925,4871,,4929,12/6/2026,,752,,0.5 Month Free,2026-09-24,
2026-09-29T16:30,2026-09-29 12:30,Newport Rentals,Ellipse,3806,1 Bedroom,price_change,4934,4930,4876,,4934,Now,,752,,0.5 Month Free,2026-09-24,
2026-09-29T16:30,2026-09-29 12:30,Newport Rentals,Ellipse,2702,1 Bedroom,price_change,4944,4940,4886,,4944,10/11/2026,,753,,0.5 Month Free,2026-09-24,
2026-09-29T16:30,2026-09-29 12:30,Newport Rentals,Beach,322,1 Bedroom,price_change,5084,5080,5026,,5084,Now,,723,,0.5 Month Free,2026-09-24,
2026-09-29T16:30,2026-09-29 12:30,Newport Rentals,Beach,722,1 Bedroom,price_change,5104,5100,5046,,5104,Now,,723,,0.5 Month Free,2026-09-24,
2026-09-29T16:30,2026-09-29 12:30,Newport Rentals,Beach,311,1 Bedroom,price_change,5144,5140,5086,,5144,Now,,761,,0.5 Month Free,2026-09-24,
2026-09-29T16:30,2026-09-29 12:30,Newport Rentals,Beach,1223,1 Bedroom,price_change,5169,5165,5111,,5169,9/30/2026,,730,,0.5 Month Free,2026-09-24,
2026-09-29T16:30,2026-09-29 12:30,Newport Rentals,Roosevelt House,403,1 Bedroom,delisted,3319,,3286,,3319,10/14/2026,,720,,,2026-09-24,
2026-09-29T18:05,2026-09-29 14:05,Liberty Harbor,The Regent,610,1 Bedroom,delisted,3048,,3048,,,Now,,623,,discounted,2026-09-24,
2026-09-29T18:05,2026-09-29 14:05,VYV,,S-3455,1 Bedroom,listed,3852,,3852,,,Now,,703,A05,,2026-09-29,
2026-09-29T18:05,2026-09-29 14:05,VYV,,S-1858,1 Bedroom,delisted,3813,,3813,,,10/7/2026,,769,A17,,2026-09-27,
2026-09-29T18:05,2026-09-29 14:05,VYV,,S-2659,1 Bedroom,delisted,3795,,3795,,,10/14/2026,,759,A15,,2026-09-27,
2026-09-29T18:05,2026-09-29 14:05,Northern Chapter Properties,225 Grand,1504,1 Bedroom,listed,3580,,3580,3940,,Now,,760,Floor Plan Video,,2026-09-29,
2026-09-29T22:17,2026-09-29 18:17,Newport Rentals,East Hampton,1609,1 Bedroom,listed,3943,,3895,,3943,11/2/2026,,817,,,2026-09-29,
2026-09-29T22:17,2026-09-29 18:17,Newport Rentals,East Hampton,1204,1 Bedroom,listed,4093,,4045,,4093,11/8/2026,,761,,,2026-09-29,
2026-09-29T22:17,2026-09-29 18:17,Equity Apartments,Portside Towers,314,1 Bedroom,listed,3714,,3714,,,10/9/2026,,1012,N1,,2026-09-29,
2026-09-29T22:17,2026-09-29 18:17,VYV,,N-0309,1 Bedroom,listed,3933,,3933,,,10/7/2026,,836,A22,,2026-09-29,
2026-09-29T22:17,2026-09-29 18:17,Northern Chapter Properties,225 Grand,1020,1 Bedroom,delisted,3375,,3375,3680,,Now,,774,Floor Plan Video,,2026-09-28,
2026-09-30T05:34,2026-09-30 01:34,Newport Rentals,Beach,1223,1 Bedroom,available_change,5169,,5111,,5169,Now,9/30/2026,730,,0.5 Month Free,2026-09-24,
2026-09-30T05:34,2026-09-30 01:34,Liberty Harbor,The Zenith,711,1 Bedroom,available_change,3277,,3277,,,Now,9/30/2026,736,,discounted,2026-09-24,
2026-09-30T05:34,2026-09-30 01:34,Liberty Harbor,The Zenith,504,1 Bedroom,listed,3120,,3120,,,11/11/2026,,664,,,2026-09-30,
2026-09-30T05:34,2026-09-30 01:34,Liberty Harbor,88 Regent,2404,1 Bedroom,delisted,4009,,4009,,,10/11/2026,,636,,,2026-09-24,
2026-09-30T05:34,2026-09-30 01:34,Liberty Harbor,The Zenith,811,1 Bedroom,delisted,3282,,3282,,,Now,,736,,discounted,2026-09-24,
2026-09-30T05:34,2026-09-30 01:34,Equity Apartments,Hudson Point,415,1 Bedroom,listed,3403,,3403,,,10/8/2026,,726,Hudson (A13),,2026-09-30,
2026-09-30T05:34,2026-09-30 01:34,Equity Apartments,Hudson Point,405,1 Bedroom,delisted,3403,,3403,,,Now,,726,Hudson (A13),,2026-09-27,
2026-09-30T05:34,2026-09-30 01:34,VYV,,N-0309,1 Bedroom,delisted,3933,,3933,,,10/7/2026,,836,A22,,2026-09-29,
2026-09-30T05:34,2026-09-30 01:34,Northern Chapter Properties,225 Grand,0804,1 Bedroom,delisted,3430,,3430,3740,,Now,,760,Floor Plan Video,,2026-09-28,
2026-09-30T12:37,2026-09-30 08:37,Newport Rentals,Lincoln House,626,1 Bedroom,price_change,3198,3179,3185,,3198,Now,,725,,,2026-09-24,
2026-09-30T12:37,2026-09-30 08:37,Newport Rentals,Lincoln House,310,1 Bedroom,price_change,3218,3199,3205,,3218,Now,,645,,,2026-09-24,
2026-09-30T12:37,2026-09-30 08:37,Newport Rentals,Lincoln House,324,1 Bedroom,price_change,3233,3214,3220,,3233,Now,,713,,,2026-09-24,
2026-09-30T12:37,2026-09-30 08:37,Newport Rentals,Lincoln House,402,1 Bedroom,price_change,3238,3219,3225,,3238,10/31/2026,,725,,,2026-09-27,
2026-09-30T12:37,2026-09-30 08:37,Newport Rentals,Parkside West,1515,1 Bedroom,price_change,3314,3332,3301,,3314,Now,,767,,,2026-09-24,
2026-09-30T12:37,2026-09-30 08:37,Newport Rentals,Parkside West,2115,1 Bedroom,price_change,3344,3362,3331,,3344,Now,,767,,,2026-09-24,
2026-09-30T12:37,2026-09-30 08:37,Newport Rentals,Waterside Square South,916,1 Bedroom,price_change,3344,3362,3331,,3344,10/6/2026,,711,,,2026-09-28,
2026-09-30T12:37,2026-09-30 08:37,Newport Rentals,Parkside East,3008,1 Bedroom,listed,3363,,3350,,3363,10/14/2026,,765,,,2026-09-30,
2026-09-30T12:37,2026-09-30 08:37,Newport Rentals,Parkside East,3001,1 Bedroom,price_change,3399,3417,3386,,3399,10/11/2026,,771,,,2026-09-24,
2026-09-30T12:37,2026-09-30 08:37,Newport Rentals,Waterside Square North,906,1 Bedroom,price_change,3399,3417,3386,,3399,10/10/2026,,745,,0.5 Month Free,2026-09-24,
2026-09-30T12:37,2026-09-30 08:37,Newport Rentals,Waterside Square South,1116,1 Bedroom,price_change,3414,3432,3401,,3414,Now,,711,,0.5 Month Free,2026-09-24,
2026-09-30T12:37,2026-09-30 08:37,Newport Rentals,Parkside West,3007,1 Bedroom,price_change,3484,3502,3471,,3484,11/11/2026,,766,,,2026-09-28,
2026-09-30T12:37,2026-09-30 08:37,Newport Rentals,Waterside Square North,814,1 Bedroom,price_change,3484,3502,3471,,3484,Now,,752,,0.5 Month Free,2026-09-24,
2026-09-30T12:37,2026-09-30 08:37,Newport Rentals,Waterside Square North,2016,1 Bedroom,price_change,3489,3507,3476,,3489,Now,,711,,0.5 Month Free,2026-09-24,
2026-09-30T12:37,2026-09-30 08:37,Newport Rentals,Waterside Square South,1710,1 Bedroom,price_change,3489,3507,3476,,3489,10/16/2026,,696,,0.5 Month Free,2026-09-24,
2026-09-30T12:37,2026-09-30 08:37,Newport Rentals,Waterside Square North,1114,1 Bedroom,price_change,3499,3517,3486,,3499,Now,,752,,0.5 Month Free,2026-09-24,
2026-09-30T12:37,2026-09-30 08:37,Newport Rentals,Waterside Square North,2014,1 Bedroom,price_change,3499,3517,3486,,3499,10/10/2026,,752,,0.5 Month Free,2026-09-24,
2026-09-30T12:37,2026-09-30 08:37,Newport Rentals,Waterside Square North,1706,1 Bedroom,price_change,3519,3537,3506,,3519,10/10/2026,,745,,0.5 Month Free,2026-09-24,
2026-09-30T12:37,2026-09-30 08:37,Newport Rentals,Waterside Square North,2214,1 Bedroom,price_change,3549,3567,3536,,3549,Now,,752,,0.5 Month Free,2026-09-24,
2026-09-30T12:37,2026-09-30 08:37,Newport Rentals,Waterside Square North,1710,1 Bedroom,price_change,3549,3567,3536,,3549,12/2/2026,,696,,0.5 Month Free,2026-09-24,
2026-09-30T12:37,2026-09-30 08:37,Newport Rentals,East Hampton,1711,1 Bedroom,price_change,3591,3663,3543,,3591,10/7/2026,,743,,0.5 Month Free,2026-09-25,
2026-09-30T12:37,2026-09-30 08:37,Newport Rentals,Waterside Square North,407,1 Bedroom,price_change,3599,3617,3586,,3599,Now,,738,,0.5 Month Free,2026-09-24,
2026-09-30T12:37,2026-09-30 08:37,Newport Rentals,East Hampton,3011,1 Bedroom,price_change,3721,3793,3673,,3721,Now,,743,,0.5 Month Free,2026-09-24,
2026-09-30T12:37,2026-09-30 08:37,Newport Rentals,Riverside,612,1 Bedroom,price_change,3736,3858,3688,,3736,10/29/2026,,792,,0.5 Month Free,2026-09-24,
2026-09-30T12:37,2026-09-30 08:37,Newport Rentals,Riverside,1502,1 Bedroom,price_change,3776,3898,3728,,3776,Now,,818,,0.5 Month Free,2026-09-24,
2026-09-30T12:37,2026-09-30 08:37,Newport Rentals,Pacific,2008,1 Bedroom,price_change,3766,3838,3753,,3766,Now,,808,,0.5 Month Free,2026-09-24,
2026-09-30T12:37,2026-09-30 08:37,Newport Rentals,Riverside,1511,1 Bedroom,price_change,3801,3923,3753,,3801,11/20/2026,,834,,0.5 Month Free,2026-09-24,
2026-09-30T12:37,2026-09-30 08:37,Newport Rentals,Southampton,406,1 Bedroom,price_change,3801,3873,3753,,3801,10/5/2026,,796,,0.5 Month Free,2026-09-24,
2026-09-30T12:37,2026-09-30 08:37,Newport Rentals,Southampton,508,1 Bedroom,price_change,3806,3878,3758,,3806,Now,,765,,0.5 Month Free,2026-09-24,
2026-09-30T12:37,2026-09-30 08:37,Newport Rentals,Atlantic,2210,1 Bedroom,price_change,3816,3888,3768,,3816,10/7/2026,,899,,0.5 Month Free,2026-09-24,
2026-09-30T12:37,2026-09-30 08:37,Newport Rentals,Southampton,3307,1 Bedroom,price_change,3831,3903,3783,,3831,Now,,838,,0.5 Month Free,2026-09-24,
2026-09-30T12:37,2026-09-30 08:37,Newport Rentals,Southampton,1801,1 Bedroom,price_change,3841,3913,3793,,3841,10/19/2026,,849,,,2026-09-25,
2026-09-30T12:37,2026-09-30 08:37,Newport Rentals,Atlantic,1006,1 Bedroom,price_change,3846,3918,3798,,3846,Now,,795,,0.5 Month Free,2026-09-24,
2026-09-30T12:37,2026-09-30 08:37,Newport Rentals,Atlantic,2810,1 Bedroom,price_change,3846,3918,3798,,3846,10/28/2026,,899,,0.5 Month Free,2026-09-24,
2026-09-30T12:37,2026-09-30 08:37,Newport Rentals,Pacific,506,1 Bedroom,price_change,3821,3893,3808,,3821,Now,,799,,0.5 Month Free,2026-09-24,
2026-09-30T12:37,2026-09-30 08:37,Newport Rentals,East Hampton,1609,1 Bedroom,price_change,3871,3943,3823,,3871,11/2/2026,,817,,,2026-09-29,
2026-09-30T12:37,2026-09-30 08:37,Newport Rentals,Southampton,3312,1 Bedroom,price_change,3876,3948,3828,,3876,11/3/2026,,798,,0.5 Month Free,2026-09-24,
2026-09-30T12:37,2026-09-30 08:37,Newport Rentals,Riverside,1005,1 Bedroom,price_change,3881,4003,3833,,3881,Now,,813,,0.5 Month Free,2026-09-24,
2026-09-30T12:37,2026-09-30 08:37,Newport Rentals,Southampton,3004,1 Bedroom,price_change,3911,3983,3863,,3911,Now,,851,,0.5 Month Free,2026-09-24,
2026-09-30T12:37,2026-09-30 08:37,Newport Rentals,Southampton,2912,1 Bedroom,price_change,3921,3993,3873,,3921,Now,,798,,0.5 Month Free,2026-09-24,
2026-09-30T12:37,2026-09-30 08:37,Newport Rentals,Southampton,808,1 Bedroom,price_change,3921,3993,3873,,3921,10/31/2026,,765,,0.5 Month Free,2026-09-24,
2026-09-30T12:37,2026-09-30 08:37,Newport Rentals,Pacific,2006,1 Bedroom,price_change,3891,3963,3878,,3891,Now,,799,,0.5 Month Free,2026-09-24,
2026-09-30T12:37,2026-09-30 08:37,Newport Rentals,East Hampton,2809,1 Bedroom,price_change,3931,4003,3883,,3931,10/31/2026,,817,,0.5 Month Free,2026-09-24,
2026-09-30T12:37,2026-09-30 08:37,Newport Rentals,Southampton,2104,1 Bedroom,price_change,3931,4003,3883,,3931,10/4/2026,,851,,,2026-09-28,
2026-09-30T12:37,2026-09-30 08:37,Newport Rentals,Pacific,2206,1 Bedroom,price_change,3901,3973,3888,,3901,10/15/2026,,799,,,2026-09-28,
2026-09-30T12:37,2026-09-30 08:37,Newport Rentals,East Hampton,415,1 Bedroom,price_change,3941,4013,3893,,3941,Now,,828,,0.5 Month Free,2026-09-24,
2026-09-30T12:37,2026-09-30 08:37,Newport Rentals,East Hampton,715,1 Bedroom,price_change,3981,4053,3933,,3981,Now,,828,,0.5 Month Free,2026-09-24,
2026-09-30T12:37,2026-09-30 08:37,Newport Rentals,Aquablu,418,1 Bedroom,price_change,3981,4159,3938,,3981,Now,,811,,0.5 Month Free,2026-09-24,
2026-09-30T12:37,2026-09-30 08:37,Newport Rentals,Riverside,2111,1 Bedroom,price_change,4006,4128,3958,,4006,10/16/2026,,834,,0.5 Month Free,2026-09-24,
2026-09-30T12:37,2026-09-30 08:37,Newport Rentals,Atlantic,912,1 Bedroom,price_change,4011,4083,3963,,4011,12/3/2026,,796,,0.5 Month Free,2026-09-24,
2026-09-30T12:37,2026-09-30 08:37,Newport Rentals,Atlantic,1508,1 Bedroom,price_change,4016,4088,3968,,4016,Now,,758,,0.5 Month Free,2026-09-24,
2026-09-30T12:37,2026-09-30 08:37,Newport Rentals,East Hampton,1204,1 Bedroom,price_change,4021,4093,3973,,4021,11/8/2026,,761,,,2026-09-29,
2026-09-30T12:37,2026-09-30 08:37,Newport Rentals,Pacific,1907,1 Bedroom,price_change,3986,4058,3973,,3986,Now,,841,,0.5 Month Free,2026-09-24,
2026-09-30T12:37,2026-09-30 08:37,Newport Rentals,Southampton,2407,1 Bedroom,price_change,4021,4093,3973,,4021,11/2/2026,,838,,0.5 Month Free,2026-09-24,
2026-09-30T12:37,2026-09-30 08:37,Newport Rentals,East Hampton,2206,1 Bedroom,price_change,4026,4098,3978,,4026,11/8/2026,,862,,0.5 Month Free,2026-09-24,
2026-09-30T12:37,2026-09-30 08:37,Newport Rentals,Southampton,2008,1 Bedroom,price_change,4026,4098,3978,,4026,Now,,765,,0.5 Month Free,2026-09-24,
2026-09-30T12:37,2026-09-30 08:37,Newport Rentals,Southampton,1904,1 Bedroom,listed,4030,,3982,,4030,10/7/2026,,851,,,2026-09-30,
2026-09-30T12:37,2026-09-30 08:37,Newport Rentals,East Hampton,701,1 Bedroom,price_change,4031,4103,3983,,4031,10/2/2026,,862,,0.5 Month Free,2026-09-24,
2026-09-30T12:37,2026-09-30 08:37,Newport Rentals,Riverside,505,1 Bedroom,price_change,4031,4153,3983,,4031,Now,,828,,0.5 Month Free,2026-09-24,
2026-09-30T12:37,2026-09-30 08:37,Newport Rentals,Southampton,2202,1 Bedroom,price_change,4036,4108,3988,,4036,10/9/2026,,821,,0.5 Month Free,2026-09-24,
2026-09-30T12:37,2026-09-30 08:37,Newport Rentals,Atlantic,2806,1 Bedroom,price_change,4041,4113,3993,,4041,Now,,795,,0.5 Month Free,2026-09-24,
2026-09-30T12:37,2026-09-30 08:37,Newport Rentals,Riverside,905,1 Bedroom,price_change,4051,4173,4003,,4051,10/22/2026,,813,,0.5 Month Free,2026-09-24,
2026-09-30T12:37,2026-09-30 08:37,Newport Rentals,East Hampton,809,1 Bedroom,price_change,4076,4148,4028,,4076,10/8/2026,,817,,0.5 Month Free,2026-09-24,
2026-09-30T12:37,2026-09-30 08:37,Newport Rentals,Riverside,2107,1 Bedroom,price_change,4081,4203,4033,,4081,10/28/2026,,815,,0.5 Month Free,2026-09-24,
2026-09-30T12:37,2026-09-30 08:37,Newport Rentals,Riverside,2607,1 Bedroom,price_change,4106,4228,4058,,4106,Now,,815,,0.5 Month Free,2026-09-24,
2026-09-30T12:37,2026-09-30 08:37,Newport Rentals,Atlantic,2701,1 Bedroom,price_change,4111,4183,4063,,4111,10/25/2026,,860,,0.5 Month Free,2026-09-24,
2026-09-30T12:37,2026-09-30 08:37,Newport Rentals,Aquablu,621,1 Bedroom,price_change,4116,4294,4073,,4116,Now,,816,,0.5 Month Free,2026-09-24,
2026-09-30T12:37,2026-09-30 08:37,Newport Rentals,Atlantic,1404,1 Bedroom,price_change,4121,4193,4073,,4121,Now,,880,,0.5 Month Free,2026-09-24,
2026-09-30T12:37,2026-09-30 08:37,Newport Rentals,East Hampton,1808,1 Bedroom,price_change,4121,4193,4073,,4121,Now,,832,,0.5 Month Free,2026-09-24,
2026-09-30T12:37,2026-09-30 08:37,Newport Rentals,Atlantic,3406,1 Bedroom,price_change,4136,4208,4088,,4136,Now,,795,,0.5 Month Free,2026-09-24,
2026-09-30T12:37,2026-09-30 08:37,Newport Rentals,Southampton,3108,1 Bedroom,price_change,4146,4218,4098,,4146,Now,,765,,0.5 Month Free,2026-09-24,
2026-09-30T12:37,2026-09-30 08:37,Newport Rentals,Atlantic,111,1 Bedroom,price_change,4151,4223,4103,,4151,12/4/2026,,1000,,0.5 Month Free,2026-09-24,
2026-09-30T12:37,2026-09-30 08:37,Newport Rentals,East Hampton,706,1 Bedroom,price_change,4181,4253,4133,,4181,Now,,862,,0.5 Month Free,2026-09-24,
2026-09-30T12:37,2026-09-30 08:37,Newport Rentals,Aquablu,624,1 Bedroom,price_change,4191,4369,4148,,4191,Now,,812,,0.5 Month Free,2026-09-24,
2026-09-30T12:37,2026-09-30 08:37,Newport Rentals,Atlantic,1202,1 Bedroom,price_change,4276,4348,4228,,4276,Now,,794,,0.5 Month Free,2026-09-24,
2026-09-30T12:37,2026-09-30 08:37,Newport Rentals,Atlantic,3412,1 Bedroom,price_change,4306,4378,4258,,4306,10/4/2026,,796,,,2026-09-29,
2026-09-30T12:37,2026-09-30 08:37,Newport Rentals,Atlantic,3401,1 Bedroom,price_change,4321,4393,4273,,4321,10/21/2026,,860,,0.5 Month Free,2026-09-24,
2026-09-30T12:37,2026-09-30 08:37,Newport Rentals,Atlantic,2302,1 Bedroom,price_change,4326,4398,4278,,4326,11/5/2026,,794,,0.5 Month Free,2026-09-24,
2026-09-30T12:37,2026-09-30 08:37,Newport Rentals,Aquablu,2404,1 Bedroom,price_change,4351,4529,4308,,4351,Now,,790,,0.5 Month Free,2026-09-24,
2026-09-30T12:37,2026-09-30 08:37,Newport Rentals,Bisby,207,1 Bedroom,price_change,4466,4544,4408,,4466,Now,,780,,0.5 Month Free,2026-09-24,
2026-09-30T12:37,2026-09-30 08:37,Newport Rentals,Aquablu,1604,1 Bedroom,price_change,4511,4689,4468,,4511,Now,,790,,0.5 Month Free,2026-09-24,
2026-09-30T12:37,2026-09-30 08:37,Newport Rentals,Beach,708,1 Bedroom,price_change,4531,4609,4473,,4531,Now,,552,,0.5 Month Free,2026-09-24,
2026-09-30T12:37,2026-09-30 08:37,Newport Rentals,Aquablu,2804,1 Bedroom,price_change,4571,4749,4528,,4571,Now,,790,,0.5 Month Free,2026-09-24,
2026-09-30T12:37,2026-09-30 08:37,Newport Rentals,Bisby,505,1 Bedroom,price_change,4681,4759,4623,,4681,11/4/2026,,773,,0.5 Month Free,2026-09-24,
2026-09-30T12:37,2026-09-30 08:37,Newport Rentals,Bisby,1806,1 Bedroom,price_change,4681,4759,4623,,4681,11/19/2026,,795,,1 Month Free,2026-09-24,
2026-09-30T12:37,2026-09-30 08:37,Newport Rentals,Ellipse,306,1 Bedroom,price_change,4686,4764,4628,,4686,11/6/2026,,742,,0.5 Month Free,2026-09-24,
2026-09-30T12:37,2026-09-30 08:37,Newport Rentals,Bisby,705,1 Bedroom,price_change,4716,4794,4658,,4716,Now,,773,,0.5 Month Free,2026-09-24,
2026-09-30T12:37,2026-09-30 08:37,Newport Rentals,Bisby,407,1 Bedroom,price_change,4726,4804,4668,,4726,12/7/2026,,780,,0.5 Month Free,2026-09-24,
2026-09-30T12:37,2026-09-30 08:37,Newport Rentals,Bisby,507,1 Bedroom,price_change,4731,4809,4673,,4731,Now,,780,,1 Month Free,2026-09-24,
2026-09-30T12:37,2026-09-30 08:37,Newport Rentals,Ellipse,1606,1 Bedroom,price_change,4746,4824,4688,,4746,Now,,742,,0.5 Month Free,2026-09-24,
2026-09-30T12:37,2026-09-30 08:37,Newport Rentals,Beach,209,1 Bedroom,price_change,4766,4844,4708,,4766,10/29/2026,,713,,,2026-09-28,
2026-09-30T12:37,2026-09-30 08:37,Newport Rentals,Ellipse,2806,1 Bedroom,price_change,4806,4884,4748,,4806,Now,,742,,0.5 Month Free,2026-09-24,
2026-09-30T12:37,2026-09-30 08:37,Newport Rentals,Ellipse,910,1 Bedroom,price_change,4816,4894,4758,,4816,Now,,759,,0.5 Month Free,2026-09-24,
2026-09-30T12:37,2026-09-30 08:37,Newport Rentals,Ellipse,3506,1 Bedroom,price_change,4841,4919,4783,,4841,Now,,752,,0.5 Month Free,2026-09-24,
2026-09-30T12:37,2026-09-30 08:37,Newport Rentals,Ellipse,2202,1 Bedroom,price_change,4841,4919,4783,,4841,10/6/2026,,753,,0.5 Month Free,2026-09-24,
2026-09-30T12:37,2026-09-30 08:37,Newport Rentals,Bisby,409,1 Bedroom,price_change,4851,4929,4793,,4851,10/24/2026,,827,,0.5 Month Free,2026-09-24,
2026-09-30T12:37,2026-09-30 08:37,Newport Rentals,Ellipse,1710,1 Bedroom,price_change,4851,4929,4793,,4851,Now,,759,,0.5 Month Free,2026-09-24,
2026-09-30T12:37,2026-09-30 08:37,Newport Rentals,Ellipse,3706,1 Bedroom,price_change,4851,4929,4793,,4851,12/6/2026,,752,,0.5 Month Free,2026-09-24,
2026-09-30T12:37,2026-09-30 08:37,Newport Rentals,Ellipse,3806,1 Bedroom,price_change,4856,4934,4798,,4856,Now,,752,,0.5 Month Free,2026-09-24,
2026-09-30T12:37,2026-09-30 08:37,Newport Rentals,Ellipse,2702,1 Bedroom,price_change,4866,4944,4808,,4866,10/11/2026,,753,,0.5 Month Free,2026-09-24,
2026-09-30T12:37,2026-09-30 08:37,Newport Rentals,Bisby,503,1 Bedroom,price_change,4981,5059,4923,,4981,Now,,835,,0.5 Month Free,2026-09-24,
2026-09-30T12:37,2026-09-30 08:37,Newport Rentals,Bisby,603,1 Bedroom,price_change,4986,5064,4928,,4986,Now,,835,,,2026-09-26,
2026-09-30T12:37,2026-09-30 08:37,Newport Rentals,Beach,322,1 Bedroom,price_change,5006,5084,4948,,5006,Now,,723,,0.5 Month Free,2026-09-24,
2026-09-30T12:37,2026-09-30 08:37,Newport Rentals,Beach,722,1 Bedroom,price_change,5026,5104,4968,,5026,Now,,723,,0.5 Month Free,2026-09-24,
2026-09-30T12:37,2026-09-30 08:37,Newport Rentals,Beach,311,1 Bedroom,price_change,5066,5144,5008,,5066,Now,,761,,0.5 Month Free,2026-09-24,
2026-09-30T12:37,2026-09-30 08:37,Newport Rentals,Beach,1223,1 Bedroom,price_change,5091,5169,5033,,5091,Now,,730,,0.5 Month Free,2026-09-24,
2026-09-30T12:37,2026-09-30 08:37,65 Bay Street,65 Bay Street,30-09,1 Bedroom,price_change,3874,4070,3874,,,Now,,685,Apartment: # 30-09,,2026-09-24,
2026-09-30T12:37,2026-09-30 08:37,65 Bay Street,65 Bay Street,31-01,1 Bedroom,price_change,3774,3970,3774,,,Now,,685,Apartment: # 31-01,,2026-09-29,
2026-09-30T12:37,2026-09-30 08:37,65 Bay Street,65 Bay Street,18-09,1 Bedroom,price_change,3694,3926,3694,,,Now,,685,Apartment: # 18-09,,2026-09-24,
2026-09-30T12:37,2026-09-30 08:37,65 Bay Street,65 Bay Street,08-01,1 Bedroom,price_change,3654,3850,3654,,,Now,,685,Apartment: # 08-01,,2026-09-24,
2026-09-30T12:37,2026-09-30 08:37,65 Bay Street,65 Bay Street,25-08,1 Bedroom,price_change,4239,4516,4239,,,Now,,794,Apartment: # 25-08,,2026-09-24,
2026-09-30T12:37,2026-09-30 08:37,65 Bay Street,65 Bay Street,27-02,1 Bedroom,price_change,4179,4456,4179,,,Now,,794,Apartment: # 27-02,,2026-09-24,
2026-09-30T12:37,2026-09-30 08:37,65 Bay Street,65 Bay Street,22-07,1 Bedroom,price_change,4425,4883,4425,,,Now,,,Apartment: # 22-07,,2026-09-24,
2026-09-30T12:37,2026-09-30 08:37,65 Bay Street,65 Bay Street,30-07,1 Bedroom,price_change,4465,4923,4465,,,Now,,,Apartment: # 30-07,,2026-09-24,
2026-09-30T12:37,2026-09-30 08:37,65 Bay Street,65 Bay Street,06-05,1 Bedroom,price_change,4898,5050,4898,,,Now,,1058,Apartment: # 06-05,,2026-09-24,
2026-09-30T12:37,2026-09-30 08:37,65 Bay Street,65 Bay Street,03-06,1 Bedroom,price_change,4630,4850,4630,,,Now,,911,Apartment: # 03-06,,2026-09-24,
2026-09-30T12:37,2026-09-30 08:37,Avalon Cove,Avalon Cove,5221,1 Bedroom,price_change,3695,3740,3695,,,10/31/2026,,693,A2,10-month lease,2026-09-24,
2026-09-30T12:37,2026-09-30 08:37,Avalon Cove,Avalon Cove,2219,1 Bedroom,price_change,3625,3535,3625,,,12/3/2026,,693,A2,21-month lease,2026-09-24,
2026-09-30T12:37,2026-09-30 08:37,Avalon Cove,Avalon Cove,6455,1 Bedroom,price_change,3730,3765,3730,,,11/11/2026,,752,A3,10-month lease,2026-09-24,
2026-09-30T12:37,2026-09-30 08:37,Avalon Cove,Avalon Cove,4117,1 Bedroom,price_change,4095,4110,4095,,,10/10/2026,,778,A18,23-month lease,2026-09-24,
2026-09-30T12:37,2026-09-30 08:37,Avalon Cove,Avalon Cove,3138,1 Bedroom,price_change,4115,4120,4115,,,11/9/2026,,778,A5,22-month lease,2026-09-24,
2026-09-30T12:37,2026-09-30 08:37,Avalon Cove,Avalon Cove,2125,1 Bedroom,price_change,3810,3830,3810,,,10/17/2026,,805,A7,11-month lease,2026-09-24,
2026-09-30T12:37,2026-09-30 08:37,Avalon Cove,Avalon Cove,3330,1 Bedroom,price_change,4045,4050,4045,,,11/5/2026,,817,A8,22-month lease,2026-09-24,
2026-09-30T12:37,2026-09-30 08:37,Avalon Cove,Avalon Cove,5327,1 Bedroom,price_change,3835,3885,3835,,,11/28/2026,,818,A9,10-month lease,2026-09-24,
2026-09-30T12:37,2026-09-30 08:37,VYV,,S-3455,1 Bedroom,delisted,3852,,3852,,,Now,,703,A05,,2026-09-29,
2026-09-30T12:37,2026-09-30 08:37,Northern Chapter Properties,235 Grand,4412,1 Bedroom,price_change,4200,4190,4200,4655,,10/18/2026,,,Floor Plan Video,,2026-09-28,
2026-09-30T12:37,2026-09-30 08:37,Northern Chapter Properties,235 Grand,0626,1 Bedroom,price_change,4075,4065,4075,4520,,10/31/2026,,,Floor Plan Video,,2026-09-28,
2026-09-30T12:37,2026-09-30 08:37,Northern Chapter Properties,235 Grand,0803,1 Bedroom,price_change,4015,4000,4015,4455,,11/6/2026,,,Floor Plan Video,,2026-09-28,
2026-09-30T12:37,2026-09-30 08:37,Northern Chapter Properties,235 Grand,0423,1 Bedroom,price_change,4030,4015,4030,4465,,11/7/2026,,,Floor Plan Video,,2026-09-28,
2026-09-30T12:37,2026-09-30 08:37,Northern Chapter Properties,235 Grand,1702,1 Bedroom,price_change,3945,3930,3945,4375,,11/7/2026,,,Floor Plan Video,,2026-09-28,
2026-09-30T12:37,2026-09-30 08:37,Northern Chapter Properties,235 Grand,4303,1 Bedroom,price_change,4215,4200,4215,4665,,11/7/2026,,,Floor Plan Video,,2026-09-28,
2026-09-30T12:37,2026-09-30 08:37,Northern Chapter Properties,235 Grand,2604,1 Bedroom,price_change,3915,3900,3915,4340,,11/8/2026,,,Floor Plan Video,,2026-09-28,
2026-09-30T12:37,2026-09-30 08:37,Northern Chapter Properties,235 Grand,2112,1 Bedroom,price_change,3800,3790,3800,4220,,11/25/2026,,,Floor Plan Video,,2026-09-28,
2026-09-30T12:37,2026-09-30 08:37,Northern Chapter Properties,235 Grand,2312,1 Bedroom,price_change,3850,3840,3850,4290,,12/6/2026,,,Floor Plan Video,,2026-09-28,
2026-09-30T12:37,2026-09-30 08:37,Northern Chapter Properties,235 Grand,0225,1 Bedroom,price_change,3900,3890,3900,4340,,12/7/2026,,,Floor Plan Video,,2026-09-28,
2026-09-30T12:37,2026-09-30 08:37,Northern Chapter Properties,235 Grand,3108,1 Bedroom,price_change,4045,4035,4045,4495,,12/7/2026,,,Floor Plan Video,,2026-09-28,
2026-09-30T12:37,2026-09-30 08:37,Northern Chapter Properties,235 Grand,3904,1 Bedroom,price_change,3970,3960,3970,4385,,12/20/2026,,,Floor Plan Video,,2026-09-28,
2026-09-30T12:37,2026-09-30 08:37,Northern Chapter Properties,225 Grand,1504,1 Bedroom,price_change,3530,3580,3530,3885,,Now,,760,Floor Plan Video,,2026-09-29,
2026-09-30T20:02,2026-09-30 16:02,Newport Rentals,Southampton,1707,1 Bedroom,listed,3810,,3762,,3810,11/4/2026,,838,,,2026-09-30,
2026-09-30T20:02,2026-09-30 16:02,Newport Rentals,Pacific,506,1 Bedroom,delisted,3821,,3808,,3821,Now,,799,,0.5 Month Free,2026-09-24,
2026-09-30T20:02,2026-09-30 16:02,Newport Rentals,Riverside,2111,1 Bedroom,delisted,4006,,3958,,4006,10/16/2026,,834,,0.5 Month Free,2026-09-24,
2026-09-30T20:02,2026-09-30 16:02,BLVD Collection,BLVD 475 South,1802S,1 Bedroom,available_change,3780,,3780,4536,,Now,9/30/2026,768,B475S A2,,2026-09-24,
2026-09-30T20:02,2026-09-30 16:02,BLVD Collection,BLVD 425,1613,1 Bedroom,available_change,3995,,3995,5234,,Now,9/30/2026,827,B425 A10B,,2026-09-24,
2026-09-30T20:02,2026-09-30 16:02,Liberty Harbor,The Junction,402,1 Bedroom,available_change,3227,,3227,,,10/10/2026,Now,674,,discounted,2026-09-24,
2026-09-30T20:02,2026-09-30 16:02,Liberty Harbor,333 Grand,813,1 Bedroom,price_change,3240,3535,3240,,,10/9/2026,,661,,discounted,2026-09-24,
2026-09-30T20:02,2026-09-30 16:02,65 Bay Street,65 Bay Street,31-01,1 Bedroom,delisted,3774,,3774,,,Now,,685,Apartment: # 31-01,,2026-09-29,
2026-09-30T20:02,2026-09-30 16:02,IronState Properties,90 Columbus,2442655,1 Bedroom,delisted,4295,,4295,,,11/04/2026,,694,2442655,,2026-09-27,
2026-10-01T00:34,2026-09-30 20:34,Newport Rentals,Aquablu,418,1 Bedroom,delisted,3981,,3938,,3981,Now,,811,,0.5 Month Free,2026-09-24,
2026-10-01T00:34,2026-09-30 20:34,Equity Apartments,Hudson Point,520,1 Bedroom,available_change,3403,,3403,,,Now,10/1/2026,726,Hudson (A13),,2026-09-27,
2026-10-01T00:34,2026-09-30 20:34,Equity Apartments,Madox,418,1 Bedroom,price_change,3430,3505,3430,,,Now,,689,A3-9,,2026-09-27,
2026-10-01T00:34,2026-09-30 20:34,Equity Apartments,The Pier,1-531,1 Bedroom,price_change,4054,4004,4054,,,10/23/2026,,830,A8,,2026-09-27,
2026-10-01T00:34,2026-09-30 20:34,Equity Apartments,The Pier,1-414,1 Bedroom,price_change,3838,3788,3838,,,Now,,703,A3,,2026-09-27,
2026-10-01T00:34,2026-09-30 20:34,Equity Apartments,The Pier,1-318,1 Bedroom,price_change,3876,3826,3876,,,Now,,703,A3,,2026-09-27,
2026-10-01T00:34,2026-09-30 20:34,Equity Apartments,The Pier,1-245,1 Bedroom,price_change,4046,3996,4046,,,10/2/2026,,741,A5,,2026-09-27,
2026-10-01T00:34,2026-09-30 20:34,Equity Apartments,The Pier,1-533,1 Bedroom,price_change,3975,3925,3975,,,12/18/2026,,741,A5,,2026-09-27,
2026-10-01T00:34,2026-09-30 20:34,Equity Apartments,The Pier,1-633,1 Bedroom,price_change,3934,3884,3934,,,10/7/2026,,741,A5,,2026-09-27,
2026-10-01T00:34,2026-09-30 20:34,IronState Properties,50 Columbus,4775281,1 Bedroom,available_change,3810,,3810,,,,10/01/2026,781,4775281,,2026-09-27,
2026-10-01T00:34,2026-09-30 20:34,VYV,,N-3401,1 Bedroom,delisted,3965,,3965,,,Now,,763,A16,,2026-09-27,
2026-10-01T00:34,2026-09-30 20:34,Lenox,,626,1 Bedroom,delisted,3590,,3590,,,10/6/2026,,643,A12,,2026-09-27,
2026-10-01T00:34,2026-09-30 20:34,Lenox,,804,1 Bedroom,delisted,4194,,4194,,,10/4/2026,,718,A1a,,2026-09-27,
2026-10-01T00:34,2026-09-30 20:34,Northern Chapter Properties,18 Park,0918,1 Bedroom,listed,3815,,3815,4355,,12/7/2026,,651,Floor Plan Video,,2026-10-01,
2026-10-01T00:34,2026-09-30 20:34,Northern Chapter Properties,18 Park,0433,1 Bedroom,listed,3635,,3635,4055,,1/7/2027,,651,Floor Plan Video,,2026-10-01,
2026-10-01T10:10,2026-10-01 06:10,65 Bay Street,65 Bay Street,31-01,1 Bedroom,listed,3789,,3789,,,Now,,685,Apartment: # 31-01,,2026-10-01,
2026-10-01T10:10,2026-10-01 06:10,65 Bay Street,65 Bay Street,18-09,1 Bedroom,price_change,3709,3694,3709,,,Now,,685,Apartment: # 18-09,,2026-09-24,
2026-10-01T10:10,2026-10-01 06:10,65 Bay Street,65 Bay Street,08-01,1 Bedroom,price_change,3669,3654,3669,,,Now,,685,Apartment: # 08-01,,2026-09-24,
2026-10-01T10:10,2026-10-01 06:10,65 Bay Street,65 Bay Street,25-08,1 Bedroom,price_change,4255,4239,4255,,,Now,,794,Apartment: # 25-08,,2026-09-24,
2026-10-01T10:10,2026-10-01 06:10,65 Bay Street,65 Bay Street,27-02,1 Bedroom,price_change,4195,4179,4195,,,Now,,794,Apartment: # 27-02,,2026-09-24,
2026-10-01T10:10,2026-10-01 06:10,65 Bay Street,65 Bay Street,30-09,1 Bedroom,delisted,3874,,3874,,,Now,,685,Apartment: # 30-09,,2026-09-24,
2026-10-01T10:10,2026-10-01 06:10,Avalon Cove,Avalon Cove,5221,1 Bedroom,price_change,3725,3695,3725,,,10/31/2026,,693,A2,10-month lease,2026-09-24,
2026-10-01T10:10,2026-10-01 06:10,Avalon Cove,Avalon Cove,2219,1 Bedroom,price_change,3670,3625,3670,,,12/3/2026,,693,A2,21-month lease,2026-09-24,
2026-10-01T10:10,2026-10-01 06:10,Avalon Cove,Avalon Cove,6455,1 Bedroom,price_change,3770,3730,3770,,,11/11/2026,,752,A3,10-month lease,2026-09-24,
2026-10-01T10:10,2026-10-01 06:10,Avalon Cove,Avalon Cove,4117,1 Bedroom,price_change,4090,4095,4090,,,10/10/2026,,778,A18,23-month lease,2026-09-24,
2026-10-01T10:10,2026-10-01 06:10,Avalon Cove,Avalon Cove,3143,1 Bedroom,price_change,3910,3880,3910,,,11/18/2026,,778,A18,22-month lease,2026-09-24,
2026-10-01T10:10,2026-10-01 06:10,Avalon Cove,Avalon Cove,3138,1 Bedroom,price_change,4160,4115,4160,,,11/9/2026,,778,A5,22-month lease,2026-09-24,
2026-10-01T10:10,2026-10-01 06:10,Avalon Cove,Avalon Cove,3330,1 Bedroom,price_change,4050,4045,4050,,,11/5/2026,,817,A8,22-month lease,2026-09-24,
2026-10-01T10:10,2026-10-01 06:10,Avalon Cove,Avalon Cove,2128,1 Bedroom,price_change,4120,4090,4120,,,11/19/2026,,817,A8,22-month lease,2026-09-24,
2026-10-01T10:10,2026-10-01 06:10,Avalon Cove,Avalon Cove,5327,1 Bedroom,price_change,3855,3835,3855,,,11/28/2026,,818,A9,10-month lease,2026-09-24,
2026-10-01T10:10,2026-10-01 06:10,Equity Apartments,Hudson Point,302,1 Bedroom,delisted,3443,,3443,,,10/9/2026,,726,Hudson (A1),,2026-09-27,
2026-10-01T10:10,2026-10-01 06:10,VYV,,N-2701,1 Bedroom,delisted,3880,,3880,,,Now,,763,A16,,2026-09-27,
2026-10-01T10:10,2026-10-01 06:10,Northern Chapter Properties,235 Grand,4412,1 Bedroom,price_change,4210,4200,4210,4695,,10/18/2026,,,Floor Plan Video,,2026-09-28,
2026-10-01T10:10,2026-10-01 06:10,Northern Chapter Properties,235 Grand,0626,1 Bedroom,price_change,4085,4075,4085,4535,,10/31/2026,,,Floor Plan Video,,2026-09-28,
2026-10-01T10:10,2026-10-01 06:10,Northern Chapter Properties,235 Grand,0803,1 Bedroom,price_change,4025,4015,4025,4470,,11/6/2026,,,Floor Plan Video,,2026-09-28,
2026-10-01T10:10,2026-10-01 06:10,Northern Chapter Properties,235 Grand,0423,1 Bedroom,price_change,4040,4030,4040,4480,,11/7/2026,,,Floor Plan Video,,2026-09-28,
2026-10-01T10:10,2026-10-01 06:10,Northern Chapter Properties,235 Grand,1702,1 Bedroom,price_change,3955,3945,3955,4390,,11/7/2026,,,Floor Plan Video,,2026-09-28,
2026-10-01T10:10,2026-10-01 06:10,Northern Chapter Properties,235 Grand,4303,1 Bedroom,price_change,4225,4215,4225,4680,,11/7/2026,,,Floor Plan Video,,2026-09-28,
2026-10-01T10:10,2026-10-01 06:10,Northern Chapter Properties,235 Grand,2604,1 Bedroom,price_change,3925,3915,3925,4350,,11/8/2026,,,Floor Plan Video,,2026-09-28,
2026-10-01T10:10,2026-10-01 06:10,Northern Chapter Properties,235 Grand,2112,1 Bedroom,price_change,3810,3800,3810,4235,,11/25/2026,,,Floor Plan Video,,2026-09-28,
2026-10-01T10:10,2026-10-01 06:10,Northern Chapter Properties,235 Grand,2312,1 Bedroom,price_change,3860,3850,3860,4305,,12/6/2026,,,Floor Plan Video,,2026-09-28,
2026-10-01T10:10,2026-10-01 06:10,Northern Chapter Properties,235 Grand,0225,1 Bedroom,price_change,3910,3900,3910,4350,,12/7/2026,,,Floor Plan Video,,2026-09-28,
2026-10-01T10:10,2026-10-01 06:10,Northern Chapter Properties,235 Grand,3108,1 Bedroom,price_change,4055,4045,4055,4510,,12/7/2026,,,Floor Plan Video,,2026-09-28,
2026-10-01T10:10,2026-10-01 06:10,Northern Chapter Properties,235 Grand,3904,1 Bedroom,price_change,3980,3970,3980,4400,,12/20/2026,,,Floor Plan Video,,2026-09-28,
2026-10-01T10:10,2026-10-01 06:10,Northern Chapter Properties,18 Park,0433,1 Bedroom,price_change,3550,3635,3550,3900,,1/7/2027,,651,Floor Plan Video,,2026-10-01,
2026-10-01T10:10,2026-10-01 06:10,Northern Chapter Properties,225 Grand,1504,1 Bedroom,price_change,3535,3530,3535,3880,,Now,,760,Floor Plan Video,,2026-09-29,
2026-10-01T10:10,2026-10-01 06:10,Northern Chapter Properties,225 Grand,0428,1 Bedroom,price_change,3315,3310,3315,3645,,Now,,666,Floor Plan Video,,2026-09-28,
2026-10-01T10:10,2026-10-01 06:10,Northern Chapter Properties,225 Grand,0609,1 Bedroom,price_change,3365,3360,3365,3675,,Now,,744,Floor Plan Video,,2026-09-28,
2026-10-01T10:10,2026-10-01 06:10,Northern Chapter Properties,225 Grand,1503,1 Bedroom,price_change,3585,3580,3585,3920,,Now,,758,Floor Plan Video,,2026-09-28,
2026-10-01T10:10,2026-10-01 06:10,Northern Chapter Properties,225 Grand,0519,1 Bedroom,price_change,3952,3947,3952,4307,,Now,,864,Floor Plan Video,,2026-09-28,
2026-10-01T10:10,2026-10-01 06:10,Northern Chapter Properties,225 Grand,0711,1 Bedroom,price_change,3365,3360,3365,3675,,Now,,744,Floor Plan Video,,2026-09-28,
2026-10-01T10:10,2026-10-01 06:10,Northern Chapter Properties,225 Grand,0917,1 Bedroom,price_change,3330,3325,3330,3640,,Now,,732,Floor Plan Video,,2026-09-28,
2026-10-01T13:17,2026-10-01 09:17,Newport Rentals,Lincoln House,626,1 Bedroom,price_change,3211,3198,3198,,3211,Now,,725,,,2026-09-24,
2026-10-01T13:17,2026-10-01 09:17,Newport Rentals,Lincoln House,310,1 Bedroom,price_change,3231,3218,3218,,3231,Now,,645,,,2026-09-24,
2026-10-01T13:17,2026-10-01 09:17,Newport Rentals,Lincoln House,324,1 Bedroom,price_change,3246,3233,3233,,3246,Now,,713,,,2026-09-24,
2026-10-01T13:17,2026-10-01 09:17,Newport Rentals,Lincoln House,402,1 Bedroom,price_change,3251,3238,3238,,3251,10/31/2026,,725,,,2026-09-27,
2026-10-01T13:17,2026-10-01 09:17,Newport Rentals,Parkside East,2301,1 Bedroom,listed,3295,,3282,,3295,11/6/2026,,771,,,2026-10-01,
2026-10-01T13:17,2026-10-01 09:17,Newport Rentals,Parkside West,1515,1 Bedroom,price_change,3295,3314,3282,,3295,Now,,767,,,2026-09-24,
2026-10-01T13:17,2026-10-01 09:17,Newport Rentals,Parkside West,2115,1 Bedroom,price_change,3325,3344,3312,,3325,Now,,767,,,2026-09-24,
2026-10-01T13:17,2026-10-01 09:17,Newport Rentals,Waterside Square South,916,1 Bedroom,price_change,3325,3344,3312,,3325,10/6/2026,,711,,,2026-09-28,
2026-10-01T13:17,2026-10-01 09:17,Newport Rentals,Parkside East,3008,1 Bedroom,price_change,3345,3363,3332,,3345,10/14/2026,,765,,,2026-09-30,
2026-10-01T13:17,2026-10-01 09:17,Newport Rentals,Parkside East,3001,1 Bedroom,price_change,3380,3399,3367,,3380,10/11/2026,,771,,,2026-09-24,
2026-10-01T13:17,2026-10-01 09:17,Newport Rentals,Waterside Square North,906,1 Bedroom,price_change,3380,3399,3367,,3380,10/10/2026,,745,,0.5 Month Free,2026-09-24,
2026-10-01T13:17,2026-10-01 09:17,Newport Rentals,Waterside Square South,1116,1 Bedroom,price_change,3395,3414,3382,,3395,Now,,711,,0.5 Month Free,2026-09-24,
2026-10-01T13:17,2026-10-01 09:17,Newport Rentals,Parkside West,3007,1 Bedroom,price_change,3465,3484,3452,,3465,11/11/2026,,766,,,2026-09-28,
2026-10-01T13:17,2026-10-01 09:17,Newport Rentals,Waterside Square North,814,1 Bedroom,price_change,3465,3484,3452,,3465,Now,,752,,0.5 Month Free,2026-09-24,
2026-10-01T13:17,2026-10-01 09:17,Newport Rentals,Waterside Square North,2016,1 Bedroom,price_change,3470,3489,3457,,3470,Now,,711,,0.5 Month Free,2026-09-24,
2026-10-01T13:17,2026-10-01 09:17,Newport Rentals,Waterside Square South,1710,1 Bedroom,price_change,3470,3489,3457,,3470,10/16/2026,,696,,0.5 Month Free,2026-09-24,
2026-10-01T13:17,2026-10-01 09:17,Newport Rentals,Waterside Square North,1114,1 Bedroom,price_change,3480,3499,3467,,3480,Now,,752,,0.5 Month Free,2026-09-24,
2026-10-01T13:17,2026-10-01 09:17,Newport Rentals,Waterside Square North,2014,1 Bedroom,price_change,3480,3499,3467,,3480,10/10/2026,,752,,0.5 Month Free,2026-09-24,
2026-10-01T13:17,2026-10-01 09:17,Newport Rentals,Waterside Square North,1706,1 Bedroom,price_change,3500,3519,3487,,3500,10/10/2026,,745,,0.5 Month Free,2026-09-24,
2026-10-01T13:17,2026-10-01 09:17,Newport Rentals,Waterside Square North,2214,1 Bedroom,price_change,3530,3549,3517,,3530,Now,,752,,0.5 Month Free,2026-09-24,
2026-10-01T13:17,2026-10-01 09:17,Newport Rentals,Waterside Square North,1710,1 Bedroom,price_change,3530,3549,3517,,3530,12/2/2026,,696,,0.5 Month Free,2026-09-24,
2026-10-01T13:17,2026-10-01 09:17,Newport Rentals,East Hampton,1511,1 Bedroom,listed,3576,,3528,,3576,Now,,743,,,2026-10-01,
2026-10-01T13:17,2026-10-01 09:17,Newport Rentals,East Hampton,1711,1 Bedroom,price_change,3586,3591,3538,,3586,10/7/2026,,743,,0.5 Month Free,2026-09-25,
2026-10-01T13:17,2026-10-01 09:17,Newport Rentals,Waterside Square North,407,1 Bedroom,price_change,3580,3599,3567,,3580,Now,,738,,0.5 Month Free,2026-09-24,
2026-10-01T13:17,2026-10-01 09:17,Newport Rentals,East Hampton,3011,1 Bedroom,price_change,3716,3721,3668,,3716,Now,,743,,0.5 Month Free,2026-09-24,
2026-10-01T13:17,2026-10-01 09:17,Newport Rentals,Riverside,612,1 Bedroom,price_change,3731,3736,3683,,3731,10/29/2026,,792,,0.5 Month Free,2026-09-24,
2026-10-01T13:17,2026-10-01 09:17,Newport Rentals,Riverside,1502,1 Bedroom,price_change,3771,3776,3723,,3771,Now,,818,,0.5 Month Free,2026-09-24,
2026-10-01T13:17,2026-10-01 09:17,Newport Rentals,Pacific,2008,1 Bedroom,price_change,3761,3766,3748,,3761,Now,,808,,0.5 Month Free,2026-09-24,
2026-10-01T13:17,2026-10-01 09:17,Newport Rentals,Riverside,1511,1 Bedroom,price_change,3796,3801,3748,,3796,11/20/2026,,834,,0.5 Month Free,2026-09-24,
2026-10-01T13:17,2026-10-01 09:17,Newport Rentals,Southampton,406,1 Bedroom,price_change,3796,3801,3748,,3796,10/5/2026,,796,,0.5 Month Free,2026-09-24,
2026-10-01T13:17,2026-10-01 09:17,Newport Rentals,Southampton,508,1 Bedroom,price_change,3801,3806,3753,,3801,Now,,765,,0.5 Month Free,2026-09-24,
2026-10-01T13:17,2026-10-01 09:17,Newport Rentals,Southampton,1707,1 Bedroom,price_change,3806,3810,3758,,3806,11/4/2026,,838,,,2026-09-30,
2026-10-01T13:17,2026-10-01 09:17,Newport Rentals,Atlantic,2210,1 Bedroom,price_change,3811,3816,3763,,3811,10/7/2026,,899,,0.5 Month Free,2026-09-24,
2026-10-01T13:17,2026-10-01 09:17,Newport Rentals,Southampton,3307,1 Bedroom,price_change,3826,3831,3778,,3826,Now,,838,,0.5 Month Free,2026-09-24,
2026-10-01T13:17,2026-10-01 09:17,Newport Rentals,Southampton,1801,1 Bedroom,price_change,3836,3841,3788,,3836,10/19/2026,,849,,,2026-09-25,
2026-10-01T13:17,2026-10-01 09:17,Newport Rentals,Atlantic,1006,1 Bedroom,price_change,3841,3846,3793,,3841,Now,,795,,0.5 Month Free,2026-09-24,
2026-10-01T13:17,2026-10-01 09:17,Newport Rentals,Atlantic,2810,1 Bedroom,price_change,3841,3846,3793,,3841,10/28/2026,,899,,0.5 Month Free,2026-09-24,
2026-10-01T13:17,2026-10-01 09:17,Newport Rentals,East Hampton,1609,1 Bedroom,price_change,3866,3871,3818,,3866,11/2/2026,,817,,,2026-09-29,
2026-10-01T13:17,2026-10-01 09:17,Newport Rentals,Southampton,3312,1 Bedroom,price_change,3871,3876,3823,,3871,11/3/2026,,798,,0.5 Month Free,2026-09-24,
2026-10-01T13:17,2026-10-01 09:17,Newport Rentals,Riverside,1005,1 Bedroom,price_change,3876,3881,3828,,3876,Now,,813,,0.5 Month Free,2026-09-24,
2026-10-01T13:17,2026-10-01 09:17,Newport Rentals,Southampton,3004,1 Bedroom,price_change,3906,3911,3858,,3906,Now,,851,,0.5 Month Free,2026-09-24,
2026-10-01T13:17,2026-10-01 09:17,Newport Rentals,Southampton,2912,1 Bedroom,price_change,3916,3921,3868,,3916,Now,,798,,0.5 Month Free,2026-09-24,
2026-10-01T13:17,2026-10-01 09:17,Newport Rentals,Southampton,808,1 Bedroom,price_change,3916,3921,3868,,3916,10/31/2026,,765,,0.5 Month Free,2026-09-24,
2026-10-01T13:17,2026-10-01 09:17,Newport Rentals,Pacific,2006,1 Bedroom,price_change,3886,3891,3873,,3886,Now,,799,,0.5 Month Free,2026-09-24,
2026-10-01T13:17,2026-10-01 09:17,Newport Rentals,East Hampton,2809,1 Bedroom,price_change,3926,3931,3878,,3926,10/31/2026,,817,,0.5 Month Free,2026-09-24,
2026-10-01T13:17,2026-10-01 09:17,Newport Rentals,Southampton,2104,1 Bedroom,price_change,3926,3931,3878,,3926,10/4/2026,,851,,,2026-09-28,
2026-10-01T13:17,2026-10-01 09:17,Newport Rentals,Pacific,2206,1 Bedroom,price_change,3896,3901,3883,,3896,10/15/2026,,799,,,2026-09-28,
2026-10-01T13:17,2026-10-01 09:17,Newport Rentals,East Hampton,415,1 Bedroom,price_change,3936,3941,3888,,3936,Now,,828,,0.5 Month Free,2026-09-24,
2026-10-01T13:17,2026-10-01 09:17,Newport Rentals,East Hampton,715,1 Bedroom,price_change,3976,3981,3928,,3976,Now,,828,,0.5 Month Free,2026-09-24,
2026-10-01T13:17,2026-10-01 09:17,Newport Rentals,Atlantic,912,1 Bedroom,price_change,4006,4011,3958,,4006,12/3/2026,,796,,0.5 Month Free,2026-09-24,
2026-10-01T13:17,2026-10-01 09:17,Newport Rentals,Atlantic,1508,1 Bedroom,price_change,4011,4016,3963,,4011,Now,,758,,0.5 Month Free,2026-09-24,
2026-10-01T13:17,2026-10-01 09:17,Newport Rentals,East Hampton,1204,1 Bedroom,price_change,4016,4021,3968,,4016,11/8/2026,,761,,,2026-09-29,
2026-10-01T13:17,2026-10-01 09:17,Newport Rentals,Pacific,1907,1 Bedroom,price_change,3981,3986,3968,,3981,Now,,841,,0.5 Month Free,2026-09-24,
2026-10-01T13:17,2026-10-01 09:17,Newport Rentals,Southampton,2407,1 Bedroom,price_change,4016,4021,3968,,4016,11/2/2026,,838,,0.5 Month Free,2026-09-24,
2026-10-01T13:17,2026-10-01 09:17,Newport Rentals,East Hampton,2206,1 Bedroom,price_change,4021,4026,3973,,4021,11/8/2026,,862,,0.5 Month Free,2026-09-24,
2026-10-01T13:17,2026-10-01 09:17,Newport Rentals,Southampton,2008,1 Bedroom,price_change,4021,4026,3973,,4021,Now,,765,,0.5 Month Free,2026-09-24,
2026-10-01T13:17,2026-10-01 09:17,Newport Rentals,East Hampton,701,1 Bedroom,price_change,4026,4031,3978,,4026,10/2/2026,,862,,0.5 Month Free,2026-09-24,
2026-10-01T13:17,2026-10-01 09:17,Newport Rentals,Riverside,505,1 Bedroom,price_change,4026,4031,3978,,4026,Now,,828,,0.5 Month Free,2026-09-24,
2026-10-01T13:17,2026-10-01 09:17,Newport Rentals,Southampton,1904,1 Bedroom,price_change,4026,4030,3978,,4026,10/7/2026,,851,,,2026-09-30,
2026-10-01T13:17,2026-10-01 09:17,Newport Rentals,Southampton,2202,1 Bedroom,price_change,4031,4036,3983,,4031,10/9/2026,,821,,0.5 Month Free,2026-09-24,
2026-10-01T13:17,2026-10-01 09:17,Newport Rentals,Atlantic,2806,1 Bedroom,price_change,4036,4041,3988,,4036,Now,,795,,0.5 Month Free,2026-09-24,
2026-10-01T13:17,2026-10-01 09:17,Newport Rentals,Riverside,905,1 Bedroom,price_change,4046,4051,3998,,4046,10/22/2026,,813,,0.5 Month Free,2026-09-24,
2026-10-01T13:17,2026-10-01 09:17,Newport Rentals,East Hampton,809,1 Bedroom,price_change,4071,4076,4023,,4071,10/8/2026,,817,,0.5 Month Free,2026-09-24,
2026-10-01T13:17,2026-10-01 09:17,Newport Rentals,Riverside,2107,1 Bedroom,price_change,4076,4081,4028,,4076,10/28/2026,,815,,0.5 Month Free,2026-09-24,
2026-10-01T13:17,2026-10-01 09:17,Newport Rentals,Riverside,2607,1 Bedroom,price_change,4101,4106,4053,,4101,Now,,815,,0.5 Month Free,2026-09-24,
2026-10-01T13:17,2026-10-01 09:17,Newport Rentals,Atlantic,2701,1 Bedroom,price_change,4106,4111,4058,,4106,10/25/2026,,860,,0.5 Month Free,2026-09-24,
2026-10-01T13:17,2026-10-01 09:17,Newport Rentals,Atlantic,1404,1 Bedroom,price_change,4116,4121,4068,,4116,Now,,880,,0.5 Month Free,2026-09-24,
2026-10-01T13:17,2026-10-01 09:17,Newport Rentals,East Hampton,1808,1 Bedroom,price_change,4116,4121,4068,,4116,Now,,832,,0.5 Month Free,2026-09-24,
2026-10-01T13:17,2026-10-01 09:17,Newport Rentals,Atlantic,3406,1 Bedroom,price_change,4131,4136,4083,,4131,Now,,795,,0.5 Month Free,2026-09-24,
2026-10-01T13:17,2026-10-01 09:17,Newport Rentals,Aquablu,621,1 Bedroom,price_change,4129,4116,4086,,4129,Now,,816,,0.5 Month Free,2026-09-24,
2026-10-01T13:17,2026-10-01 09:17,Newport Rentals,Southampton,3108,1 Bedroom,price_change,4141,4146,4093,,4141,Now,,765,,0.5 Month Free,2026-09-24,
2026-10-01T13:17,2026-10-01 09:17,Newport Rentals,Atlantic,111,1 Bedroom,price_change,4146,4151,4098,,4146,12/4/2026,,1000,,0.5 Month Free,2026-09-24,
2026-10-01T13:17,2026-10-01 09:17,Newport Rentals,East Hampton,706,1 Bedroom,price_change,4176,4181,4128,,4176,Now,,862,,0.5 Month Free,2026-09-24,
2026-10-01T13:17,2026-10-01 09:17,Newport Rentals,Aquablu,624,1 Bedroom,price_change,4204,4191,4161,,4204,Now,,812,,0.5 Month Free,2026-09-24,
2026-10-01T13:17,2026-10-01 09:17,Newport Rentals,Atlantic,1202,1 Bedroom,price_change,4271,4276,4223,,4271,Now,,794,,0.5 Month Free,2026-09-24,
2026-10-01T13:17,2026-10-01 09:17,Newport Rentals,Atlantic,3412,1 Bedroom,price_change,4301,4306,4253,,4301,10/4/2026,,796,,,2026-09-29,
2026-10-01T13:17,2026-10-01 09:17,Newport Rentals,Atlantic,3401,1 Bedroom,price_change,4316,4321,4268,,4316,10/21/2026,,860,,0.5 Month Free,2026-09-24,
2026-10-01T13:17,2026-10-01 09:17,Newport Rentals,Atlantic,2302,1 Bedroom,price_change,4321,4326,4273,,4321,11/5/2026,,794,,0.5 Month Free,2026-09-24,
2026-10-01T13:17,2026-10-01 09:17,Newport Rentals,Aquablu,2404,1 Bedroom,price_change,4364,4351,4321,,4364,Now,,790,,0.5 Month Free,2026-09-24,
2026-10-01T13:17,2026-10-01 09:17,Newport Rentals,Bisby,207,1 Bedroom,price_change,4479,4466,4421,,4479,Now,,780,,0.5 Month Free,2026-09-24,
2026-10-01T13:17,2026-10-01 09:17,Newport Rentals,Aquablu,1604,1 Bedroom,price_change,4524,4511,4481,,4524,Now,,790,,0.5 Month Free,2026-09-24,
2026-10-01T13:17,2026-10-01 09:17,Newport Rentals,Beach,708,1 Bedroom,price_change,4544,4531,4486,,4544,Now,,552,,0.5 Month Free,2026-09-24,
2026-10-01T13:17,2026-10-01 09:17,Newport Rentals,Aquablu,2804,1 Bedroom,price_change,4584,4571,4541,,4584,Now,,790,,0.5 Month Free,2026-09-24,
2026-10-01T13:17,2026-10-01 09:17,Newport Rentals,Bisby,505,1 Bedroom,price_change,4694,4681,4636,,4694,11/4/2026,,773,,0.5 Month Free,2026-09-24,
2026-10-01T13:17,2026-10-01 09:17,Newport Rentals,Bisby,1806,1 Bedroom,price_change,4694,4681,4636,,4694,11/19/2026,,795,,1 Month Free,2026-09-24,
2026-10-01T13:17,2026-10-01 09:17,Newport Rentals,Ellipse,306,1 Bedroom,price_change,4699,4686,4641,,4699,11/6/2026,,742,,0.5 Month Free,2026-09-24,
2026-10-01T13:17,2026-10-01 09:17,Newport Rentals,Bisby,705,1 Bedroom,price_change,4729,4716,4671,,4729,Now,,773,,0.5 Month Free,2026-09-24,
2026-10-01T13:17,2026-10-01 09:17,Newport Rentals,Bisby,407,1 Bedroom,price_change,4739,4726,4681,,4739,12/7/2026,,780,,0.5 Month Free,2026-09-24,
2026-10-01T13:17,2026-10-01 09:17,Newport Rentals,Bisby,507,1 Bedroom,price_change,4744,4731,4686,,4744,Now,,780,,1 Month Free,2026-09-24,
2026-10-01T13:17,2026-10-01 09:17,Newport Rentals,Ellipse,1606,1 Bedroom,price_change,4759,4746,4701,,4759,Now,,742,,0.5 Month Free,2026-09-24,
2026-10-01T13:17,2026-10-01 09:17,Newport Rentals,Beach,209,1 Bedroom,price_change,4779,4766,4721,,4779,10/29/2026,,713,,,2026-09-28,
2026-10-01T13:17,2026-10-01 09:17,Newport Rentals,Ellipse,2806,1 Bedroom,price_change,4819,4806,4761,,4819,Now,,742,,0.5 Month Free,2026-09-24,
2026-10-01T13:17,2026-10-01 09:17,Newport Rentals,Ellipse,910,1 Bedroom,price_change,4829,4816,4771,,4829,Now,,759,,0.5 Month Free,2026-09-24,
2026-10-01T13:17,2026-10-01 09:17,Newport Rentals,Ellipse,3506,1 Bedroom,price_change,4854,4841,4796,,4854,Now,,752,,0.5 Month Free,2026-09-24,
2026-10-01T13:17,2026-10-01 09:17,Newport Rentals,Ellipse,2202,1 Bedroom,price_change,4854,4841,4796,,4854,10/6/2026,,753,,0.5 Month Free,2026-09-24,
2026-10-01T13:17,2026-10-01 09:17,Newport Rentals,Bisby,409,1 Bedroom,price_change,4864,4851,4806,,4864,10/24/2026,,827,,0.5 Month Free,2026-09-24,
2026-10-01T13:17,2026-10-01 09:17,Newport Rentals,Ellipse,1710,1 Bedroom,price_change,4864,4851,4806,,4864,Now,,759,,0.5 Month Free,2026-09-24,
2026-10-01T13:17,2026-10-01 09:17,Newport Rentals,Ellipse,3706,1 Bedroom,price_change,4864,4851,4806,,4864,12/6/2026,,752,,0.5 Month Free,2026-09-24,
2026-10-01T13:17,2026-10-01 09:17,Newport Rentals,Ellipse,3806,1 Bedroom,price_change,4869,4856,4811,,4869,Now,,752,,0.5 Month Free,2026-09-24,
2026-10-01T13:17,2026-10-01 09:17,Newport Rentals,Ellipse,2702,1 Bedroom,price_change,4879,4866,4821,,4879,10/11/2026,,753,,0.5 Month Free,2026-09-24,
2026-10-01T13:17,2026-10-01 09:17,Newport Rentals,Bisby,503,1 Bedroom,price_change,4994,4981,4936,,4994,Now,,835,,0.5 Month Free,2026-09-24,
2026-10-01T13:17,2026-10-01 09:17,Newport Rentals,Bisby,603,1 Bedroom,price_change,4999,4986,4941,,4999,Now,,835,,,2026-09-26,
2026-10-01T13:17,2026-10-01 09:17,Newport Rentals,Beach,322,1 Bedroom,price_change,5019,5006,4961,,5019,Now,,723,,0.5 Month Free,2026-09-24,
2026-10-01T13:17,2026-10-01 09:17,Newport Rentals,Beach,722,1 Bedroom,price_change,5039,5026,4981,,5039,Now,,723,,0.5 Month Free,2026-09-24,
2026-10-01T13:17,2026-10-01 09:17,Newport Rentals,Beach,311,1 Bedroom,price_change,5079,5066,5021,,5079,Now,,761,,0.5 Month Free,2026-09-24,
2026-10-01T13:17,2026-10-01 09:17,Newport Rentals,Beach,1223,1 Bedroom,price_change,5104,5091,5046,,5104,Now,,730,,0.5 Month Free,2026-09-24,
2026-10-01T18:26,2026-10-01 14:26,Newport Rentals,Waterside Square South,1705,1 Bedroom,listed,3435,,3422,,3435,10/17/2026,,684,,,2026-10-01,
2026-10-01T18:26,2026-10-01 14:26,Newport Rentals,Southampton,1708,1 Bedroom,listed,3846,,3798,,3846,11/14/2026,,765,,,2026-10-01,
2026-10-01T18:26,2026-10-01 14:26,Newport Rentals,Atlantic,3610,1 Bedroom,listed,3881,,3833,,3881,10/17/2026,,899,,,2026-10-01,
2026-10-01T18:26,2026-10-01 14:26,Newport Rentals,East Hampton,1711,1 Bedroom,delisted,3586,,3538,,3586,10/7/2026,,743,,0.5 Month Free,2026-09-25,
2026-10-01T18:26,2026-10-01 14:26,BLVD Collection,BLVD 475 North,2503N,1 Bedroom,price_change,3990,4055,3990,,,Now,,708,B475N A1,,2026-09-24,
2026-10-01T18:26,2026-10-01 14:26,Liberty Harbor,88 Regent,PH3305,1 Bedroom,price_change,3630,3960,3630,,,10/11/2026,,636,,discounted,2026-09-26,
2026-10-01T18:26,2026-10-01 14:26,Liberty Harbor,50 Regent,807,1 Bedroom,listed,3312,,3312,,,10/9/2026,,667,,discounted,2026-10-01,
2026-10-01T18:26,2026-10-01 14:26,Liberty Harbor,The Zenith,714,1 Bedroom,listed,3400,,3400,,,12/11/2026,,743,,,2026-10-01,
2026-10-01T18:26,2026-10-01 14:26,Liberty Harbor,The Zenith,618,1 Bedroom,price_change,3335,3638,3335,,,10/11/2026,,700,,discounted,2026-09-24,
2026-10-01T18:26,2026-10-01 14:26,Liberty Harbor,The Zenith,204,1 Bedroom,delisted,3638,,3638,,,10/11/2026,,849,,,2026-09-24,
2026-10-01T18:26,2026-10-01 14:26,Equity Apartments,The Pier,1-245,1 Bedroom,available_change,4046,,4046,,,10/5/2026,10/2/2026,741,A5,,2026-09-27,
2026-10-01T18:26,2026-10-01 14:26,VYV,,S-1058,1 Bedroom,delisted,3703,,3703,,,Now,,769,A17,,2026-09-27,
2026-10-01T18:26,2026-10-01 14:26,Northern Chapter Properties,235 Grand,1401,1 Bedroom,listed,4040,,4040,4645,,10/7/2026,,,Floor Plan Video,,2026-10-01,
2026-10-02T00:48,2026-10-01 20:48,Newport Rentals,Waterside Square North,1006,1 Bedroom,listed,3470,,3457,,3470,11/28/2026,,745,,,2026-10-02,
2026-10-02T00:48,2026-10-01 20:48,Newport Rentals,East Hampton,615,1 Bedroom,listed,3796,,3748,,3796,10/18/2026,,828,,,2026-10-02,
2026-10-02T00:48,2026-10-01 20:48,Newport Rentals,East Hampton,3206,1 Bedroom,listed,4006,,3958,,4006,12/13/2026,,862,,,2026-10-02,
2026-10-02T00:48,2026-10-01 20:48,Newport Rentals,Atlantic,2108,1 Bedroom,listed,4041,,3993,,4041,12/14/2026,,758,,,2026-10-02,
2026-10-02T00:48,2026-10-01 20:48,Newport Rentals,East Hampton,2004,1 Bedroom,listed,4051,,4003,,4051,11/8/2026,,761,,,2026-10-02,
2026-10-02T00:48,2026-10-01 20:48,Newport Rentals,East Hampton,415,1 Bedroom,delisted,3936,,3888,,3936,Now,,828,,0.5 Month Free,2026-09-24,
2026-10-02T00:48,2026-10-01 20:48,Liberty Harbor,50 Regent,304,1 Bedroom,available_change,3378,,3378,,,Now,10/2/2026,741,,discounted,2026-09-26,
2026-10-02T00:48,2026-10-01 20:48,65 Bay Street,65 Bay Street,22-07,1 Bedroom,delisted,4425,,4425,,,Now,,,Apartment: # 22-07,,2026-09-24,
2026-10-02T00:48,2026-10-01 20:48,Avalon Cove,Avalon Cove,5539,1 Bedroom,listed,4430,,4430,,,11/11/2026,,1351,A14LP,10-month lease,2026-10-02,
2026-10-02T00:48,2026-10-01 20:48,Avalon Cove,Avalon Cove,2125,1 Bedroom,delisted,3810,,3810,,,10/17/2026,,805,A7,11-month lease,2026-09-24,
2026-10-02T00:48,2026-10-01 20:48,Equity Apartments,Portside Towers,314,1 Bedroom,price_change,4045,3714,4045,,,10/9/2026,,1012,N1,,2026-09-29,
2026-10-02T00:48,2026-10-01 20:48,Equity Apartments,Portside Towers,2006,1 Bedroom,price_change,3974,3966,3974,,,10/8/2026,,913,E1 & J1,,2026-09-27,
2026-10-02T00:48,2026-10-01 20:48,Equity Apartments,Portside Towers,808,1 Bedroom,price_change,3950,3923,3950,,,10/17/2026,,889,D1 & K1,,2026-09-27,
2026-10-02T00:48,2026-10-01 20:48,IronState Properties,90 Columbus,2442545,1 Bedroom,listed,3670,,3670,,,12/21/2026,,648,2442545,,2026-10-02,
2026-10-02T00:48,2026-10-01 20:48,VYV,,N-2701,1 Bedroom,listed,3880,,3880,,,Now,,763,A16,,2026-10-02,
2026-10-02T00:48,2026-10-01 20:48,VYV,,S-2555,1 Bedroom,listed,3706,,3706,,,11/6/2026,,703,A05,,2026-10-02,
2026-10-02T00:48,2026-10-01 20:48,VYV,,S-0453,1 Bedroom,delisted,3711,,3711,,,Now,,733,A10,,2026-09-27,
2026-10-02T00:48,2026-10-01 20:48,VYV,,S-3255,1 Bedroom,delisted,3827,,3827,,,Now,,703,A05,,2026-09-27,
2026-10-02T00:48,2026-10-01 20:48,Northern Chapter Properties,18 Park,0410,1 Bedroom,listed,3600,,3600,4115,,12/7/2026,,651,Floor Plan Video,,2026-10-02,
2026-10-02T00:48,2026-10-01 20:48,Northern Chapter Properties,18 Park,1045,1 Bedroom,listed,3860,,3860,4400,,12/7/2026,,651,Floor Plan Video,,2026-10-02,
2026-10-02T00:48,2026-10-01 20:48,Northern Chapter Properties,225 Grand,0410,1 Bedroom,listed,3350,,3350,3790,,Now,,758,Floor Plan Video,,2026-10-02,
2026-10-02T09:48,2026-10-02 05:48,Newport Rentals,East Hampton,701,1 Bedroom,available_change,4026,,3978,,4026,Now,10/2/2026,862,,0.5 Month Free,2026-09-24,
2026-10-02T09:48,2026-10-02 05:48,Liberty Harbor,The Regent,406,1 Bedroom,price_change,3266,3563,3266,,,10/11/2026,,789,,discounted,2026-09-24,
2026-10-02T09:48,2026-10-02 05:48,Liberty Harbor,50 Regent,807,1 Bedroom,delisted,3312,,3312,,,10/9/2026,,667,,discounted,2026-10-01,
2026-10-02T09:48,2026-10-02 05:48,Liberty Harbor,50 Regent,808,1 Bedroom,delisted,3610,,3610,,,11/11/2026,,667,,,2026-09-24,
2026-10-02T09:48,2026-10-02 05:48,65 Bay Street,65 Bay Street,31-01,1 Bedroom,price_change,3804,3789,3804,,,Now,,685,Apartment: # 31-01,,2026-10-01,
2026-10-02T09:48,2026-10-02 05:48,65 Bay Street,65 Bay Street,18-09,1 Bedroom,price_change,3724,3709,3724,,,Now,,685,Apartment: # 18-09,,2026-09-24,
2026-10-02T09:48,2026-10-02 05:48,65 Bay Street,65 Bay Street,08-01,1 Bedroom,price_change,3684,3669,3684,,,Now,,685,Apartment: # 08-01,,2026-09-24,
2026-10-02T09:48,2026-10-02 05:48,65 Bay Street,65 Bay Street,25-08,1 Bedroom,price_change,4271,4255,4271,,,Now,,794,Apartment: # 25-08,,2026-09-24,
2026-10-02T09:48,2026-10-02 05:48,65 Bay Street,65 Bay Street,27-02,1 Bedroom,price_change,4211,4195,4211,,,Now,,794,Apartment: # 27-02,,2026-09-24,
2026-10-02T09:48,2026-10-02 05:48,Avalon Cove,Avalon Cove,2219,1 Bedroom,price_change,3655,3670,3655,,,12/3/2026,,693,A2,21-month lease,2026-09-24,
2026-10-02T09:48,2026-10-02 05:48,Avalon Cove,Avalon Cove,6455,1 Bedroom,price_change,3740,3770,3740,,,11/11/2026,,752,A3,10-month lease,2026-09-24,
2026-10-02T09:48,2026-10-02 05:48,Avalon Cove,Avalon Cove,4117,1 Bedroom,price_change,4170,4090,4170,,,10/10/2026,,778,A18,23-month lease,2026-09-24,
2026-10-02T09:48,2026-10-02 05:48,Avalon Cove,Avalon Cove,3143,1 Bedroom,price_change,3875,3910,3875,,,11/18/2026,,778,A18,22-month lease,2026-09-24,
2026-10-02T09:48,2026-10-02 05:48,Avalon Cove,Avalon Cove,3138,1 Bedroom,price_change,4125,4160,4125,,,11/9/2026,,778,A5,22-month lease,2026-09-24,
2026-10-02T09:48,2026-10-02 05:48,Avalon Cove,Avalon Cove,3330,1 Bedroom,price_change,4000,4050,4000,,,11/5/2026,,817,A8,22-month lease,2026-09-24,
2026-10-02T09:48,2026-10-02 05:48,Avalon Cove,Avalon Cove,2128,1 Bedroom,price_change,4085,4120,4085,,,11/19/2026,,817,A8,22-month lease,2026-09-24,
2026-10-02T09:48,2026-10-02 05:48,Avalon Cove,Avalon Cove,6132,1 Bedroom,price_change,4270,4275,4270,,,12/31/2026,,817,A8,20-month lease,2026-09-26,
2026-10-02T09:48,2026-10-02 05:48,Avalon Cove,Avalon Cove,5327,1 Bedroom,price_change,3825,3855,3825,,,11/28/2026,,818,A9,10-month lease,2026-09-24,
2026-10-02T09:48,2026-10-02 05:48,Avalon Cove,Avalon Cove,5539,1 Bedroom,price_change,4400,4430,4400,,,11/11/2026,,1351,A14LP,10-month lease,2026-10-02,
2026-10-02T09:48,2026-10-02 05:48,Lenox,,626,1 Bedroom,listed,3590,,3590,,,10/7/2026,,643,A12,,2026-10-02,
2026-10-02T09:48,2026-10-02 05:48,Lenox,,804,1 Bedroom,listed,4194,,4194,,,Now,,718,A1a,,2026-10-02,
2026-10-02T09:48,2026-10-02 05:48,Northern Chapter Properties,235 Grand,1401,1 Bedroom,price_change,3980,4040,3980,4485,,10/7/2026,,,Floor Plan Video,,2026-10-01,
2026-10-02T09:48,2026-10-02 05:48,Northern Chapter Properties,235 Grand,4412,1 Bedroom,price_change,4200,4210,4200,4695,,10/18/2026,,,Floor Plan Video,,2026-09-28,
2026-10-02T09:48,2026-10-02 05:48,Northern Chapter Properties,235 Grand,0626,1 Bedroom,price_change,4075,4085,4075,4525,,10/31/2026,,,Floor Plan Video,,2026-09-28,
2026-10-02T09:48,2026-10-02 05:48,Northern Chapter Properties,235 Grand,0803,1 Bedroom,price_change,4015,4025,4015,4460,,11/6/2026,,,Floor Plan Video,,2026-09-28,
2026-10-02T09:48,2026-10-02 05:48,Northern Chapter Properties,235 Grand,0423,1 Bedroom,price_change,4030,4040,4030,4470,,11/7/2026,,,Floor Plan Video,,2026-09-28,
2026-10-02T09:48,2026-10-02 05:48,Northern Chapter Properties,235 Grand,1702,1 Bedroom,price_change,3945,3955,3945,4380,,11/7/2026,,,Floor Plan Video,,2026-09-28,
2026-10-02T09:48,2026-10-02 05:48,Northern Chapter Properties,235 Grand,4303,1 Bedroom,price_change,4215,4225,4215,4670,,11/7/2026,,,Floor Plan Video,,2026-09-28,
2026-10-02T09:48,2026-10-02 05:48,Northern Chapter Properties,235 Grand,2604,1 Bedroom,price_change,3915,3925,3915,4340,,11/8/2026,,,Floor Plan Video,,2026-09-28,
2026-10-02T09:48,2026-10-02 05:48,Northern Chapter Properties,235 Grand,2112,1 Bedroom,price_change,3805,3810,3805,4225,,11/25/2026,,,Floor Plan Video,,2026-09-28,
2026-10-02T09:48,2026-10-02 05:48,Northern Chapter Properties,235 Grand,2312,1 Bedroom,price_change,3855,3860,3855,4295,,12/6/2026,,,Floor Plan Video,,2026-09-28,
2026-10-02T09:48,2026-10-02 05:48,Northern Chapter Properties,235 Grand,0225,1 Bedroom,price_change,3905,3910,3905,4340,,12/7/2026,,,Floor Plan Video,,2026-09-28,
2026-10-02T09:48,2026-10-02 05:48,Northern Chapter Properties,235 Grand,3108,1 Bedroom,price_change,4050,4055,4050,4495,,12/7/2026,,,Floor Plan Video,,2026-09-28,
2026-10-02T09:48,2026-10-02 05:48,Northern Chapter Properties,235 Grand,3904,1 Bedroom,price_change,3975,3980,3975,4390,,12/20/2026,,,Floor Plan Video,,2026-09-28,
2026-10-02T09:48,2026-10-02 05:48,Northern Chapter Properties,225 Grand,1504,1 Bedroom,price_change,3510,3535,3510,3850,,Now,,760,Floor Plan Video,,2026-09-29,
2026-10-02T17:52,2026-10-02 13:52,Newport Rentals,Lincoln House,626,1 Bedroom,price_change,3218,3211,3205,,3218,Now,,725,,,2026-09-24,
2026-10-02T17:52,2026-10-02 13:52,Newport Rentals,Lincoln House,310,1 Bedroom,price_change,3238,3231,3225,,3238,Now,,645,,,2026-09-24,
2026-10-02T17:52,2026-10-02 13:52,Newport Rentals,Lincoln House,324,1 Bedroom,price_change,3253,3246,3240,,3253,Now,,713,,,2026-09-24,
2026-10-02T17:52,2026-10-02 13:52,Newport Rentals,Lincoln House,402,1 Bedroom,price_change,3258,3251,3245,,3258,10/31/2026,,725,,,2026-09-27,
2026-10-02T17:52,2026-10-02 13:52,Newport Rentals,Parkside East,2301,1 Bedroom,price_change,3278,3295,3265,,3278,11/6/2026,,771,,,2026-10-01,
2026-10-02T17:52,2026-10-02 13:52,Newport Rentals,Parkside West,1515,1 Bedroom,price_change,3278,3295,3265,,3278,Now,,767,,,2026-09-24,
2026-10-02T17:52,2026-10-02 13:52,Newport Rentals,Parkside West,2115,1 Bedroom,price_change,3308,3325,3295,,3308,Now,,767,,,2026-09-24,
2026-10-02T17:52,2026-10-02 13:52,Newport Rentals,Waterside Square South,916,1 Bedroom,price_change,3308,3325,3295,,3308,10/6/2026,,711,,,2026-09-28,
2026-10-02T17:52,2026-10-02 13:52,Newport Rentals,Parkside East,3008,1 Bedroom,price_change,3328,3345,3315,,3328,10/14/2026,,765,,,2026-09-30,
2026-10-02T17:52,2026-10-02 13:52,Newport Rentals,Parkside East,3001,1 Bedroom,price_change,3363,3380,3350,,3363,10/11/2026,,771,,,2026-09-24,
2026-10-02T17:52,2026-10-02 13:52,Newport Rentals,Waterside Square North,906,1 Bedroom,price_change,3363,3380,3350,,3363,10/10/2026,,745,,0.5 Month Free,2026-09-24,
2026-10-02T17:52,2026-10-02 13:52,Newport Rentals,Waterside Square South,1116,1 Bedroom,price_change,3378,3395,3365,,3378,Now,,711,,0.5 Month Free,2026-09-24,
2026-10-02T17:52,2026-10-02 13:52,Newport Rentals,Waterside Square South,1705,1 Bedroom,price_change,3418,3435,3405,,3418,10/17/2026,,684,,,2026-10-01,
2026-10-02T17:52,2026-10-02 13:52,Newport Rentals,Parkside West,3007,1 Bedroom,price_change,3448,3465,3435,,3448,11/11/2026,,766,,,2026-09-28,
2026-10-02T17:52,2026-10-02 13:52,Newport Rentals,Waterside Square North,814,1 Bedroom,price_change,3448,3465,3435,,3448,Now,,752,,0.5 Month Free,2026-09-24,
2026-10-02T17:52,2026-10-02 13:52,Newport Rentals,Waterside Square North,2016,1 Bedroom,price_change,3453,3470,3440,,3453,Now,,711,,0.5 Month Free,2026-09-24,
2026-10-02T17:52,2026-10-02 13:52,Newport Rentals,Waterside Square North,1006,1 Bedroom,price_change,3453,3470,3440,,3453,11/28/2026,,745,,,2026-10-02,
2026-10-02T17:52,2026-10-02 13:52,Newport Rentals,Waterside Square South,1710,1 Bedroom,price_change,3453,3470,3440,,3453,10/16/2026,,696,,0.5 Month Free,2026-09-24,
2026-10-02T17:52,2026-10-02 13:52,Newport Rentals,Waterside Square North,1114,1 Bedroom,price_change,3463,3480,3450,,3463,Now,,752,,0.5 Month Free,2026-09-24,
2026-10-02T17:52,2026-10-02 13:52,Newport Rentals,Waterside Square North,2014,1 Bedroom,price_change,3463,3480,3450,,3463,10/10/2026,,752,,0.5 Month Free,2026-09-24,
2026-10-02T17:52,2026-10-02 13:52,Newport Rentals,Waterside Square North,1706,1 Bedroom,price_change,3483,3500,3470,,3483,10/10/2026,,745,,0.5 Month Free,2026-09-24,
2026-10-02T17:52,2026-10-02 13:52,Newport Rentals,Waterside Square North,2214,1 Bedroom,price_change,3513,3530,3500,,3513,Now,,752,,0.5 Month Free,2026-09-24,
2026-10-02T17:52,2026-10-02 13:52,Newport Rentals,Waterside Square North,1710,1 Bedroom,price_change,3513,3530,3500,,3513,12/2/2026,,696,,0.5 Month Free,2026-09-24,
2026-10-02T17:52,2026-10-02 13:52,Newport Rentals,East Hampton,1511,1 Bedroom,price_change,3572,3576,3524,,3572,Now,,743,,,2026-10-01,
2026-10-02T17:52,2026-10-02 13:52,Newport Rentals,Waterside Square North,407,1 Bedroom,price_change,3563,3580,3550,,3563,Now,,738,,0.5 Month Free,2026-09-24,
2026-10-02T17:52,2026-10-02 13:52,Newport Rentals,East Hampton,3011,1 Bedroom,price_change,3712,3716,3664,,3712,Now,,743,,0.5 Month Free,2026-09-24,
2026-10-02T17:52,2026-10-02 13:52,Newport Rentals,Riverside,612,1 Bedroom,price_change,3727,3731,3679,,3727,10/29/2026,,792,,0.5 Month Free,2026-09-24,
2026-10-02T17:52,2026-10-02 13:52,Newport Rentals,Riverside,1502,1 Bedroom,price_change,3767,3771,3719,,3767,Now,,818,,0.5 Month Free,2026-09-24,
2026-10-02T17:52,2026-10-02 13:52,Newport Rentals,East Hampton,615,1 Bedroom,price_change,3792,3796,3744,,3792,10/18/2026,,828,,,2026-10-02,
2026-10-02T17:52,2026-10-02 13:52,Newport Rentals,Pacific,2008,1 Bedroom,price_change,3757,3761,3744,,3757,Now,,808,,0.5 Month Free,2026-09-24,
2026-10-02T17:52,2026-10-02 13:52,Newport Rentals,Riverside,1511,1 Bedroom,price_change,3792,3796,3744,,3792,11/20/2026,,834,,0.5 Month Free,2026-09-24,
2026-10-02T17:52,2026-10-02 13:52,Newport Rentals,Southampton,406,1 Bedroom,price_change,3792,3796,3744,,3792,10/5/2026,,796,,0.5 Month Free,2026-09-24,
2026-10-02T17:52,2026-10-02 13:52,Newport Rentals,Southampton,508,1 Bedroom,price_change,3797,3801,3749,,3797,Now,,765,,0.5 Month Free,2026-09-24,
2026-10-02T17:52,2026-10-02 13:52,Newport Rentals,Southampton,1707,1 Bedroom,price_change,3802,3806,3754,,3802,11/4/2026,,838,,,2026-09-30,
2026-10-02T17:52,2026-10-02 13:52,Newport Rentals,Atlantic,2210,1 Bedroom,price_change,3807,3811,3759,,3807,10/7/2026,,899,,0.5 Month Free,2026-09-24,
2026-10-02T17:52,2026-10-02 13:52,Newport Rentals,Southampton,3307,1 Bedroom,price_change,3822,3826,3774,,3822,Now,,838,,0.5 Month Free,2026-09-24,
2026-10-02T17:52,2026-10-02 13:52,Newport Rentals,Southampton,1801,1 Bedroom,price_change,3832,3836,3784,,3832,10/19/2026,,849,,,2026-09-25,
2026-10-02T17:52,2026-10-02 13:52,Newport Rentals,Atlantic,1006,1 Bedroom,price_change,3837,3841,3789,,3837,Now,,795,,0.5 Month Free,2026-09-24,
2026-10-02T17:52,2026-10-02 13:52,Newport Rentals,Atlantic,2810,1 Bedroom,price_change,3837,3841,3789,,3837,10/28/2026,,899,,0.5 Month Free,2026-09-24,
2026-10-02T17:52,2026-10-02 13:52,Newport Rentals,Southampton,1708,1 Bedroom,price_change,3842,3846,3794,,3842,11/14/2026,,765,,,2026-10-01,
2026-10-02T17:52,2026-10-02 13:52,Newport Rentals,East Hampton,1609,1 Bedroom,price_change,3862,3866,3814,,3862,11/2/2026,,817,,,2026-09-29,
2026-10-02T17:52,2026-10-02 13:52,Newport Rentals,Southampton,3312,1 Bedroom,price_change,3867,3871,3819,,3867,11/3/2026,,798,,0.5 Month Free,2026-09-24,
2026-10-02T17:52,2026-10-02 13:52,Newport Rentals,Riverside,1005,1 Bedroom,price_change,3872,3876,3824,,3872,Now,,813,,0.5 Month Free,2026-09-24,
2026-10-02T17:52,2026-10-02 13:52,Newport Rentals,Atlantic,3610,1 Bedroom,price_change,3877,3881,3829,,3877,10/17/2026,,899,,,2026-10-01,
2026-10-02T17:52,2026-10-02 13:52,Newport Rentals,Southampton,3004,1 Bedroom,price_change,3902,3906,3854,,3902,Now,,851,,0.5 Month Free,2026-09-24,
2026-10-02T17:52,2026-10-02 13:52,Newport Rentals,Southampton,2912,1 Bedroom,price_change,3912,3916,3864,,3912,Now,,798,,0.5 Month Free,2026-09-24,
2026-10-02T17:52,2026-10-02 13:52,Newport Rentals,Southampton,808,1 Bedroom,price_change,3912,3916,3864,,3912,10/31/2026,,765,,0.5 Month Free,2026-09-24,
2026-10-02T17:52,2026-10-02 13:52,Newport Rentals,Pacific,2006,1 Bedroom,price_change,3882,3886,3869,,3882,Now,,799,,0.5 Month Free,2026-09-24,
2026-10-02T17:52,2026-10-02 13:52,Newport Rentals,East Hampton,2809,1 Bedroom,price_change,3922,3926,3874,,3922,10/31/2026,,817,,0.5 Month Free,2026-09-24,
2026-10-02T17:52,2026-10-02 13:52,Newport Rentals,Southampton,2104,1 Bedroom,price_change,3922,3926,3874,,3922,10/4/2026,,851,,,2026-09-28,
2026-10-02T17:52,2026-10-02 13:52,Newport Rentals,Pacific,2206,1 Bedroom,price_change,3892,3896,3879,,3892,10/15/2026,,799,,,2026-09-28,
2026-10-02T17:52,2026-10-02 13:52,Newport Rentals,East Hampton,715,1 Bedroom,price_change,3972,3976,3924,,3972,Now,,828,,0.5 Month Free,2026-09-24,
2026-10-02T17:52,2026-10-02 13:52,Newport Rentals,Atlantic,912,1 Bedroom,price_change,4002,4006,3954,,4002,12/3/2026,,796,,0.5 Month Free,2026-09-24,
2026-10-02T17:52,2026-10-02 13:52,Newport Rentals,East Hampton,3206,1 Bedroom,price_change,4002,4006,3954,,4002,12/13/2026,,862,,,2026-10-02,
2026-10-02T17:52,2026-10-02 13:52,Newport Rentals,Atlantic,1508,1 Bedroom,price_change,4007,4011,3959,,4007,Now,,758,,0.5 Month Free,2026-09-24,
2026-10-02T17:52,2026-10-02 13:52,Newport Rentals,East Hampton,1204,1 Bedroom,price_change,4012,4016,3964,,4012,11/8/2026,,761,,,2026-09-29,
2026-10-02T17:52,2026-10-02 13:52,Newport Rentals,Pacific,1907,1 Bedroom,price_change,3977,3981,3964,,3977,Now,,841,,0.5 Month Free,2026-09-24,
2026-10-02T17:52,2026-10-02 13:52,Newport Rentals,Southampton,2407,1 Bedroom,price_change,4012,4016,3964,,4012,11/2/2026,,838,,0.5 Month Free,2026-09-24,
2026-10-02T17:52,2026-10-02 13:52,Newport Rentals,East Hampton,2206,1 Bedroom,price_change,4017,4021,3969,,4017,11/8/2026,,862,,0.5 Month Free,2026-09-24,
2026-10-02T17:52,2026-10-02 13:52,Newport Rentals,Southampton,2008,1 Bedroom,price_change,4017,4021,3969,,4017,Now,,765,,0.5 Month Free,2026-09-24,
2026-10-02T17:52,2026-10-02 13:52,Newport Rentals,East Hampton,701,1 Bedroom,price_change,4022,4026,3974,,4022,Now,,862,,0.5 Month Free,2026-09-24,
2026-10-02T17:52,2026-10-02 13:52,Newport Rentals,Riverside,505,1 Bedroom,price_change,4022,4026,3974,,4022,Now,,828,,0.5 Month Free,2026-09-24,
2026-10-02T17:52,2026-10-02 13:52,Newport Rentals,Southampton,1904,1 Bedroom,price_change,4022,4026,3974,,4022,10/7/2026,,851,,,2026-09-30,
2026-10-02T17:52,2026-10-02 13:52,Newport Rentals,Southampton,2202,1 Bedroom,price_change,4027,4031,3979,,4027,10/9/2026,,821,,0.5 Month Free,2026-09-24,
2026-10-02T17:52,2026-10-02 13:52,Newport Rentals,Atlantic,2806,1 Bedroom,price_change,4032,4036,3984,,4032,Now,,795,,0.5 Month Free,2026-09-24,
2026-10-02T17:52,2026-10-02 13:52,Newport Rentals,Atlantic,2108,1 Bedroom,price_change,4037,4041,3989,,4037,12/14/2026,,758,,,2026-10-02,
2026-10-02T17:52,2026-10-02 13:52,Newport Rentals,Riverside,905,1 Bedroom,price_change,4042,4046,3994,,4042,10/22/2026,,813,,0.5 Month Free,2026-09-24,
2026-10-02T17:52,2026-10-02 13:52,Newport Rentals,East Hampton,2004,1 Bedroom,price_change,4047,4051,3999,,4047,11/8/2026,,761,,,2026-10-02,
2026-10-02T17:52,2026-10-02 13:52,Newport Rentals,East Hampton,809,1 Bedroom,price_change,4067,4071,4019,,4067,10/8/2026,,817,,0.5 Month Free,2026-09-24,
2026-10-02T17:52,2026-10-02 13:52,Newport Rentals,Riverside,2107,1 Bedroom,price_change,4072,4076,4024,,4072,10/28/2026,,815,,0.5 Month Free,2026-09-24,
2026-10-02T17:52,2026-10-02 13:52,Newport Rentals,Riverside,2607,1 Bedroom,price_change,4097,4101,4049,,4097,Now,,815,,0.5 Month Free,2026-09-24,
2026-10-02T17:52,2026-10-02 13:52,Newport Rentals,Atlantic,2701,1 Bedroom,price_change,4102,4106,4054,,4102,10/25/2026,,860,,0.5 Month Free,2026-09-24,
2026-10-02T17:52,2026-10-02 13:52,Newport Rentals,Atlantic,1404,1 Bedroom,price_change,4112,4116,4064,,4112,Now,,880,,0.5 Month Free,2026-09-24,
2026-10-02T17:52,2026-10-02 13:52,Newport Rentals,East Hampton,1808,1 Bedroom,price_change,4112,4116,4064,,4112,Now,,832,,0.5 Month Free,2026-09-24,
2026-10-02T17:52,2026-10-02 13:52,Newport Rentals,Atlantic,3406,1 Bedroom,price_change,4127,4131,4079,,4127,Now,,795,,0.5 Month Free,2026-09-24,
2026-10-02T17:52,2026-10-02 13:52,Newport Rentals,Southampton,3108,1 Bedroom,price_change,4137,4141,4089,,4137,Now,,765,,0.5 Month Free,2026-09-24,
2026-10-02T17:52,2026-10-02 13:52,Newport Rentals,Aquablu,621,1 Bedroom,price_change,4135,4129,4092,,4135,Now,,816,,0.5 Month Free,2026-09-24,
2026-10-02T17:52,2026-10-02 13:52,Newport Rentals,Atlantic,111,1 Bedroom,price_change,4142,4146,4094,,4142,12/4/2026,,1000,,0.5 Month Free,2026-09-24,
2026-10-02T17:52,2026-10-02 13:52,Newport Rentals,East Hampton,706,1 Bedroom,price_change,4172,4176,4124,,4172,Now,,862,,0.5 Month Free,2026-09-24,
2026-10-02T17:52,2026-10-02 13:52,Newport Rentals,Aquablu,624,1 Bedroom,price_change,4210,4204,4167,,4210,Now,,812,,0.5 Month Free,2026-09-24,
2026-10-02T17:52,2026-10-02 13:52,Newport Rentals,Atlantic,1202,1 Bedroom,price_change,4267,4271,4219,,4267,Now,,794,,0.5 Month Free,2026-09-24,
2026-10-02T17:52,2026-10-02 13:52,Newport Rentals,Atlantic,3412,1 Bedroom,price_change,4297,4301,4249,,4297,10/4/2026,,796,,,2026-09-29,
2026-10-02T17:52,2026-10-02 13:52,Newport Rentals,Atlantic,3401,1 Bedroom,price_change,4312,4316,4264,,4312,10/21/2026,,860,,0.5 Month Free,2026-09-24,
2026-10-02T17:52,2026-10-02 13:52,Newport Rentals,Atlantic,2302,1 Bedroom,price_change,4317,4321,4269,,4317,11/5/2026,,794,,0.5 Month Free,2026-09-24,
2026-10-02T17:52,2026-10-02 13:52,Newport Rentals,Aquablu,2404,1 Bedroom,price_change,4370,4364,4327,,4370,Now,,790,,0.5 Month Free,2026-09-24,
2026-10-02T17:52,2026-10-02 13:52,Newport Rentals,Bisby,207,1 Bedroom,price_change,4485,4479,4427,,4485,Now,,780,,0.5 Month Free,2026-09-24,
2026-10-02T17:52,2026-10-02 13:52,Newport Rentals,Aquablu,1604,1 Bedroom,price_change,4530,4524,4487,,4530,Now,,790,,0.5 Month Free,2026-09-24,
2026-10-02T17:52,2026-10-02 13:52,Newport Rentals,Beach,708,1 Bedroom,price_change,4550,4544,4492,,4550,Now,,552,,0.5 Month Free,2026-09-24,
2026-10-02T17:52,2026-10-02 13:52,Newport Rentals,Aquablu,2804,1 Bedroom,price_change,4590,4584,4547,,4590,Now,,790,,0.5 Month Free,2026-09-24,
2026-10-02T17:52,2026-10-02 13:52,Newport Rentals,Bisby,505,1 Bedroom,price_change,4700,4694,4642,,4700,11/4/2026,,773,,0.5 Month Free,2026-09-24,
2026-10-02T17:52,2026-10-02 13:52,Newport Rentals,Bisby,1806,1 Bedroom,price_change,4700,4694,4642,,4700,11/19/2026,,795,,1 Month Free,2026-09-24,
2026-10-02T17:52,2026-10-02 13:52,Newport Rentals,Ellipse,306,1 Bedroom,price_change,4705,4699,4647,,4705,11/6/2026,,742,,0.5 Month Free,2026-09-24,
2026-10-02T17:52,2026-10-02 13:52,Newport Rentals,Bisby,705,1 Bedroom,price_change,4735,4729,4677,,4735,Now,,773,,0.5 Month Free,2026-09-24,
2026-10-02T17:52,2026-10-02 13:52,Newport Rentals,Bisby,407,1 Bedroom,price_change,4745,4739,4687,,4745,12/7/2026,,780,,0.5 Month Free,2026-09-24,
2026-10-02T17:52,2026-10-02 13:52,Newport Rentals,Bisby,507,1 Bedroom,price_change,4750,4744,4692,,4750,Now,,780,,1 Month Free,2026-09-24,
2026-10-02T17:52,2026-10-02 13:52,Newport Rentals,Ellipse,1606,1 Bedroom,price_change,4765,4759,4707,,4765,Now,,742,,0.5 Month Free,2026-09-24,
2026-10-02T17:52,2026-10-02 13:52,Newport Rentals,Beach,209,1 Bedroom,price_change,4785,4779,4727,,4785,10/29/2026,,713,,,2026-09-28,
2026-10-02T17:52,2026-10-02 13:52,Newport Rentals,Ellipse,2806,1 Bedroom,price_change,4825,4819,4767,,4825,Now,,742,,0.5 Month Free,2026-09-24,
2026-10-02T17:52,2026-10-02 13:52,Newport Rentals,Ellipse,910,1 Bedroom,price_change,4835,4829,4777,,4835,Now,,759,,0.5 Month Free,2026-09-24,
2026-10-02T17:52,2026-10-02 13:52,Newport Rentals,Ellipse,3506,1 Bedroom,price_change,4860,4854,4802,,4860,Now,,752,,0.5 Month Free,2026-09-24,
2026-10-02T17:52,2026-10-02 13:52,Newport Rentals,Ellipse,2202,1 Bedroom,price_change,4860,4854,4802,,4860,10/6/2026,,753,,0.5 Month Free,2026-09-24,
2026-10-02T17:52,2026-10-02 13:52,Newport Rentals,Bisby,409,1 Bedroom,price_change,4870,4864,4812,,4870,10/24/2026,,827,,0.5 Month Free,2026-09-24,
2026-10-02T17:52,2026-10-02 13:52,Newport Rentals,Ellipse,1710,1 Bedroom,price_change,4870,4864,4812,,4870,10/9/2026,,759,,0.5 Month Free,2026-09-24,
2026-10-02T17:52,2026-10-02 13:52,Newport Rentals,Ellipse,1710,1 Bedroom,available_change,4870,,4812,,4870,10/9/2026,Now,759,,0.5 Month Free,2026-09-24,
2026-10-02T17:52,2026-10-02 13:52,Newport Rentals,Ellipse,3706,1 Bedroom,price_change,4870,4864,4812,,4870,12/6/2026,,752,,0.5 Month Free,2026-09-24,
2026-10-02T17:52,2026-10-02 13:52,Newport Rentals,Ellipse,3806,1 Bedroom,price_change,4875,4869,4817,,4875,Now,,752,,0.5 Month Free,2026-09-24,
2026-10-02T17:52,2026-10-02 13:52,Newport Rentals,Ellipse,2702,1 Bedroom,price_change,4885,4879,4827,,4885,10/11/2026,,753,,0.5 Month Free,2026-09-24,
2026-10-02T17:52,2026-10-02 13:52,Newport Rentals,Bisby,503,1 Bedroom,price_change,5000,4994,4942,,5000,Now,,835,,0.5 Month Free,2026-09-24,
2026-10-02T17:52,2026-10-02 13:52,Newport Rentals,Bisby,603,1 Bedroom,price_change,5005,4999,4947,,5005,Now,,835,,,2026-09-26,
2026-10-02T17:52,2026-10-02 13:52,Newport Rentals,Beach,322,1 Bedroom,price_change,5025,5019,4967,,5025,Now,,723,,0.5 Month Free,2026-09-24,
2026-10-02T17:52,2026-10-02 13:52,Newport Rentals,Beach,722,1 Bedroom,price_change,5045,5039,4987,,5045,Now,,723,,0.5 Month Free,2026-09-24,
2026-10-02T17:52,2026-10-02 13:52,Newport Rentals,Beach,311,1 Bedroom,price_change,5085,5079,5027,,5085,Now,,761,,0.5 Month Free,2026-09-24,
2026-10-02T17:52,2026-10-02 13:52,Newport Rentals,Beach,1223,1 Bedroom,price_change,5110,5104,5052,,5110,Now,,730,,0.5 Month Free,2026-09-24,
2026-10-02T17:52,2026-10-02 13:52,Liberty Harbor,88 Regent,914,1 Bedroom,price_change,3266,3563,3266,,,10/11/2026,,594,,discounted,2026-09-24,
2026-10-02T17:52,2026-10-02 13:52,Liberty Harbor,88 Regent,1905,1 Bedroom,price_change,3585,3911,3585,,,10/11/2026,,636,,discounted,2026-09-24,
2026-10-02T17:52,2026-10-02 13:52,Liberty Harbor,88 Regent,811,1 Bedroom,price_change,3630,3960,3630,,,10/11/2026,,653,,discounted,2026-09-24,
2026-10-02T17:52,2026-10-02 13:52,Liberty Harbor,88 Regent,504,1 Bedroom,price_change,3448,3761,3448,,,10/11/2026,,663,,discounted,2026-09-24,
2026-10-02T17:52,2026-10-02 13:52,Liberty Harbor,50 Regent,915,1 Bedroom,price_change,3312,3613,3312,,,10/11/2026,,667,,discounted,2026-09-24,
2026-10-02T17:52,2026-10-02 13:52,Liberty Harbor,50 Regent,808,1 Bedroom,listed,3610,,3610,,,11/11/2026,,667,,,2026-10-02,
2026-10-02T17:52,2026-10-02 13:52,Liberty Harbor,The Regent,902,1 Bedroom,price_change,3085,3365,3085,,,10/11/2026,,654,,discounted,2026-09-24,
2026-10-02T17:52,2026-10-02 13:52,Liberty Harbor,333 Grand,816,1 Bedroom,listed,3970,,3970,,,11/11/2026,,746,,,2026-10-02,
2026-10-02T17:52,2026-10-02 13:52,Liberty Harbor,333 Grand,204,1 Bedroom,price_change,3519,3839,3519,,,10/11/2026,,737,,discounted,2026-09-28,
2026-10-02T17:52,2026-10-02 13:52,Liberty Harbor,333 Grand,407,1 Bedroom,listed,3680,,3680,,,11/11/2026,,686,,,2026-10-02,
2026-10-02T17:52,2026-10-02 13:52,Liberty Harbor,The Regent,406,1 Bedroom,delisted,3266,,3266,,,10/11/2026,,789,,discounted,2026-09-24,
2026-10-02T17:52,2026-10-02 13:52,VYV,,S-2555,1 Bedroom,price_change,3707,3706,3707,,,11/6/2026,,703,A05,,2026-10-02,
2026-10-02T17:52,2026-10-02 13:52,Northern Chapter Properties,18 Park,PH44,1 Bedroom,listed,3785,,3785,4315,,12/7/2026,,651,Floor Plan Video,,2026-10-02,
2026-10-02T22:15,2026-10-02 18:15,Newport Rentals,East Hampton,1801,1 Bedroom,listed,3832,,3784,,3832,10/26/2026,,862,,,2026-10-02,
2026-10-02T22:15,2026-10-02 18:15,Newport Rentals,Riverside,905,1 Bedroom,price_change,3867,4042,3819,,3867,10/17/2026,,813,,0.5 Month Free,2026-09-24,
2026-10-02T22:15,2026-10-02 18:15,Newport Rentals,Riverside,905,1 Bedroom,available_change,3867,,3819,,3867,10/17/2026,10/22/2026,813,,0.5 Month Free,2026-09-24,
2026-10-02T22:15,2026-10-02 18:15,Newport Rentals,Southampton,1801,1 Bedroom,delisted,3832,,3784,,3832,10/19/2026,,849,,,2026-09-25,
2026-10-02T22:15,2026-10-02 18:15,VYV,,S-0453,1 Bedroom,listed,3711,,3711,,,Now,,733,A10,,2026-10-02,
2026-10-02T22:15,2026-10-02 18:15,VYV,,S-1559,1 Bedroom,delisted,3665,,3665,,,11/22/2026,,759,A15,,2026-09-27,
2026-10-03T05:20,2026-10-03 01:20,Newport Rentals,Pacific,601,1 Bedroom,listed,3242,,3229,,3242,12/8/2026,,821,,,2026-10-03,
2026-10-03T05:20,2026-10-03 01:20,Newport Rentals,Pacific,1402,1 Bedroom,listed,3452,,3439,,3452,10/22/2026,,764,,,2026-10-03,
2026-10-03T05:20,2026-10-03 01:20,Liberty Harbor,The Zenith,507,1 Bedroom,delisted,3011,,3011,,,Now,,664,,discounted,2026-09-24,
2026-10-03T05:20,2026-10-03 01:20,VYV,,N-3406,1 Bedroom,listed,3821,,3821,,,11/13/2026,,720,A07,,2026-10-03,
2026-10-03T11:41,2026-10-03 07:41,Newport Rentals,Lincoln House,626,1 Bedroom,price_change,3230,3218,3217,,3230,Now,,725,,,2026-09-24,
2026-10-03T11:41,2026-10-03 07:41,Newport Rentals,Pacific,601,1 Bedroom,price_change,3240,3242,3227,,3240,12/8/2026,,821,,,2026-10-03,
2026-10-03T11:41,2026-10-03 07:41,Newport Rentals,Lincoln House,310,1 Bedroom,price_change,3250,3238,3237,,3250,Now,,645,,,2026-09-24,
2026-10-03T11:41,2026-10-03 07:41,Newport Rentals,Lincoln House,324,1 Bedroom,price_change,3265,3253,3252,,3265,Now,,713,,,2026-09-24,
2026-10-03T11:41,2026-10-03 07:41,Newport Rentals,Lincoln House,402,1 Bedroom,price_change,3270,3258,3257,,3270,10/31/2026,,725,,,2026-09-27,
2026-10-03T11:41,2026-10-03 07:41,Newport Rentals,Parkside East,2301,1 Bedroom,price_change,3277,3278,3264,,3277,11/6/2026,,771,,,2026-10-01,
2026-10-03T11:41,2026-10-03 07:41,Newport Rentals,Parkside West,1515,1 Bedroom,price_change,3277,3278,3264,,3277,Now,,767,,,2026-09-24,
2026-10-03T11:41,2026-10-03 07:41,Newport Rentals,Parkside West,2115,1 Bedroom,price_change,3307,3308,3294,,3307,Now,,767,,,2026-09-24,
2026-10-03T11:41,2026-10-03 07:41,Newport Rentals,Waterside Square South,916,1 Bedroom,price_change,3307,3308,3294,,3307,10/6/2026,,711,,0.5 Month Free,2026-09-28,
2026-10-03T11:41,2026-10-03 07:41,Newport Rentals,Parkside East,3008,1 Bedroom,price_change,3327,3328,3314,,3327,10/14/2026,,765,,,2026-09-30,
2026-10-03T11:41,2026-10-03 07:41,Newport Rentals,Parkside East,3001,1 Bedroom,price_change,3362,3363,3349,,3362,10/11/2026,,771,,,2026-09-24,
2026-10-03T11:41,2026-10-03 07:41,Newport Rentals,Waterside Square North,906,1 Bedroom,price_change,3362,3363,3349,,3362,10/10/2026,,745,,0.5 Month Free,2026-09-24,
2026-10-03T11:41,2026-10-03 07:41,Newport Rentals,Waterside Square South,1116,1 Bedroom,price_change,3377,3378,3364,,3377,Now,,711,,0.5 Month Free,2026-09-24,
2026-10-03T11:41,2026-10-03 07:41,Newport Rentals,Waterside Square South,1705,1 Bedroom,price_change,3417,3418,3404,,3417,10/17/2026,,684,,0.5 Month Free,2026-10-01,
2026-10-03T11:41,2026-10-03 07:41,Newport Rentals,Parkside West,3007,1 Bedroom,price_change,3447,3448,3434,,3447,11/11/2026,,766,,,2026-09-28,
2026-10-03T11:41,2026-10-03 07:41,Newport Rentals,Waterside Square North,814,1 Bedroom,price_change,3447,3448,3434,,3447,Now,,752,,0.5 Month Free,2026-09-24,
2026-10-03T11:41,2026-10-03 07:41,Newport Rentals,Pacific,1402,1 Bedroom,price_change,3450,3452,3437,,3450,10/22/2026,,764,,,2026-10-03,
2026-10-03T11:41,2026-10-03 07:41,Newport Rentals,Waterside Square North,2016,1 Bedroom,price_change,3452,3453,3439,,3452,Now,,711,,0.5 Month Free,2026-09-24,
2026-10-03T11:41,2026-10-03 07:41,Newport Rentals,Waterside Square North,1006,1 Bedroom,price_change,3452,3453,3439,,3452,11/28/2026,,745,,0.5 Month Free,2026-10-02,
2026-10-03T11:41,2026-10-03 07:41,Newport Rentals,Waterside Square South,1710,1 Bedroom,price_change,3452,3453,3439,,3452,10/16/2026,,696,,0.5 Month Free,2026-09-24,
2026-10-03T11:41,2026-10-03 07:41,Newport Rentals,Waterside Square North,1114,1 Bedroom,price_change,3462,3463,3449,,3462,Now,,752,,0.5 Month Free,2026-09-24,
2026-10-03T11:41,2026-10-03 07:41,Newport Rentals,Waterside Square North,2014,1 Bedroom,price_change,3462,3463,3449,,3462,10/10/2026,,752,,0.5 Month Free,2026-09-24,
2026-10-03T11:41,2026-10-03 07:41,Newport Rentals,Waterside Square North,1706,1 Bedroom,price_change,3482,3483,3469,,3482,10/10/2026,,745,,0.5 Month Free,2026-09-24,
2026-10-03T11:41,2026-10-03 07:41,Newport Rentals,Waterside Square North,2214,1 Bedroom,price_change,3512,3513,3499,,3512,Now,,752,,0.5 Month Free,2026-09-24,
2026-10-03T11:41,2026-10-03 07:41,Newport Rentals,Waterside Square North,1710,1 Bedroom,price_change,3512,3513,3499,,3512,12/2/2026,,696,,0.5 Month Free,2026-09-24,
2026-10-03T11:41,2026-10-03 07:41,Newport Rentals,East Hampton,1511,1 Bedroom,price_change,3570,3572,3522,,3570,Now,,743,,0.5 Month Free,2026-10-01,
2026-10-03T11:41,2026-10-03 07:41,Newport Rentals,Waterside Square North,407,1 Bedroom,price_change,3562,3563,3549,,3562,Now,,738,,0.5 Month Free,2026-09-24,
2026-10-03T11:41,2026-10-03 07:41,Newport Rentals,East Hampton,3011,1 Bedroom,price_change,3710,3712,3662,,3710,Now,,743,,0.5 Month Free,2026-09-24,
2026-10-03T11:41,2026-10-03 07:41,Newport Rentals,Riverside,612,1 Bedroom,price_change,3725,3727,3677,,3725,10/29/2026,,792,,0.5 Month Free,2026-09-24,
2026-10-03T11:41,2026-10-03 07:41,Newport Rentals,Riverside,1502,1 Bedroom,price_change,3765,3767,3717,,3765,Now,,818,,0.5 Month Free,2026-09-24,
2026-10-03T11:41,2026-10-03 07:41,Newport Rentals,East Hampton,615,1 Bedroom,price_change,3790,3792,3742,,3790,10/18/2026,,828,,0.5 Month Free,2026-10-02,
2026-10-03T11:41,2026-10-03 07:41,Newport Rentals,Pacific,2008,1 Bedroom,price_change,3755,3757,3742,,3755,Now,,808,,0.5 Month Free,2026-09-24,
2026-10-03T11:41,2026-10-03 07:41,Newport Rentals,Riverside,1511,1 Bedroom,price_change,3790,3792,3742,,3790,11/20/2026,,834,,0.5 Month Free,2026-09-24,
2026-10-03T11:41,2026-10-03 07:41,Newport Rentals,Southampton,406,1 Bedroom,price_change,3790,3792,3742,,3790,10/5/2026,,796,,0.5 Month Free,2026-09-24,
2026-10-03T11:41,2026-10-03 07:41,Newport Rentals,Southampton,508,1 Bedroom,price_change,3795,3797,3747,,3795,Now,,765,,0.5 Month Free,2026-09-24,
2026-10-03T11:41,2026-10-03 07:41,Newport Rentals,Southampton,1707,1 Bedroom,price_change,3800,3802,3752,,3800,11/4/2026,,838,,0.5 Month Free,2026-09-30,
2026-10-03T11:41,2026-10-03 07:41,Newport Rentals,Atlantic,2210,1 Bedroom,price_change,3805,3807,3757,,3805,10/7/2026,,899,,0.5 Month Free,2026-09-24,
2026-10-03T11:41,2026-10-03 07:41,Newport Rentals,Southampton,3307,1 Bedroom,price_change,3820,3822,3772,,3820,Now,,838,,0.5 Month Free,2026-09-24,
2026-10-03T11:41,2026-10-03 07:41,Newport Rentals,East Hampton,1801,1 Bedroom,price_change,3830,3832,3782,,3830,10/26/2026,,862,,,2026-10-02,
2026-10-03T11:41,2026-10-03 07:41,Newport Rentals,Atlantic,1006,1 Bedroom,price_change,3835,3837,3787,,3835,Now,,795,,0.5 Month Free,2026-09-24,
2026-10-03T11:41,2026-10-03 07:41,Newport Rentals,Atlantic,2810,1 Bedroom,price_change,3835,3837,3787,,3835,10/28/2026,,899,,0.5 Month Free,2026-09-24,
2026-10-03T11:41,2026-10-03 07:41,Newport Rentals,Southampton,1708,1 Bedroom,price_change,3840,3842,3792,,3840,11/14/2026,,765,,0.5 Month Free,2026-10-01,
2026-10-03T11:41,2026-10-03 07:41,Newport Rentals,East Hampton,1609,1 Bedroom,price_change,3860,3862,3812,,3860,11/2/2026,,817,,0.5 Month Free,2026-09-29,
2026-10-03T11:41,2026-10-03 07:41,Newport Rentals,Riverside,905,1 Bedroom,price_change,3865,3867,3817,,3865,10/17/2026,,813,,0.5 Month Free,2026-09-24,
2026-10-03T11:41,2026-10-03 07:41,Newport Rentals,Southampton,3312,1 Bedroom,price_change,3865,3867,3817,,3865,11/3/2026,,798,,0.5 Month Free,2026-09-24,
2026-10-03T11:41,2026-10-03 07:41,Newport Rentals,Riverside,1005,1 Bedroom,price_change,3870,3872,3822,,3870,Now,,813,,0.5 Month Free,2026-09-24,
2026-10-03T11:41,2026-10-03 07:41,Newport Rentals,Atlantic,3610,1 Bedroom,price_change,3875,3877,3827,,3875,10/17/2026,,899,,0.5 Month Free,2026-10-01,
2026-10-03T11:41,2026-10-03 07:41,Newport Rentals,Southampton,3004,1 Bedroom,price_change,3900,3902,3852,,3900,Now,,851,,0.5 Month Free,2026-09-24,
2026-10-03T11:41,2026-10-03 07:41,Newport Rentals,Southampton,2912,1 Bedroom,price_change,3910,3912,3862,,3910,Now,,798,,0.5 Month Free,2026-09-24,
2026-10-03T11:41,2026-10-03 07:41,Newport Rentals,Southampton,808,1 Bedroom,price_change,3910,3912,3862,,3910,10/31/2026,,765,,0.5 Month Free,2026-09-24,
2026-10-03T11:41,2026-10-03 07:41,Newport Rentals,Pacific,2006,1 Bedroom,price_change,3880,3882,3867,,3880,Now,,799,,0.5 Month Free,2026-09-24,
2026-10-03T11:41,2026-10-03 07:41,Newport Rentals,East Hampton,2809,1 Bedroom,price_change,3920,3922,3872,,3920,10/31/2026,,817,,0.5 Month Free,2026-09-24,
2026-10-03T11:41,2026-10-03 07:41,Newport Rentals,Southampton,2104,1 Bedroom,price_change,3920,3922,3872,,3920,10/4/2026,,851,,0.5 Month Free,2026-09-28,
2026-10-03T11:41,2026-10-03 07:41,Newport Rentals,Pacific,2206,1 Bedroom,price_change,3890,3892,3877,,3890,10/15/2026,,799,,0.5 Month Free,2026-09-28,
2026-10-03T11:41,2026-10-03 07:41,Newport Rentals,East Hampton,715,1 Bedroom,price_change,3970,3972,3922,,3970,Now,,828,,0.5 Month Free,2026-09-24,
2026-10-03T11:41,2026-10-03 07:41,Newport Rentals,Atlantic,912,1 Bedroom,price_change,4000,4002,3952,,4000,12/3/2026,,796,,0.5 Month Free,2026-09-24,
2026-10-03T11:41,2026-10-03 07:41,Newport Rentals,East Hampton,3206,1 Bedroom,price_change,4000,4002,3952,,4000,12/13/2026,,862,,0.5 Month Free,2026-10-02,
2026-10-03T11:41,2026-10-03 07:41,Newport Rentals,Atlantic,1508,1 Bedroom,price_change,4005,4007,3957,,4005,Now,,758,,0.5 Month Free,2026-09-24,
2026-10-03T11:41,2026-10-03 07:41,Newport Rentals,East Hampton,1204,1 Bedroom,price_change,4010,4012,3962,,4010,11/8/2026,,761,,0.5 Month Free,2026-09-29,
2026-10-03T11:41,2026-10-03 07:41,Newport Rentals,Pacific,1907,1 Bedroom,price_change,3975,3977,3962,,3975,Now,,841,,0.5 Month Free,2026-09-24,
2026-10-03T11:41,2026-10-03 07:41,Newport Rentals,Southampton,2407,1 Bedroom,price_change,4010,4012,3962,,4010,11/2/2026,,838,,0.5 Month Free,2026-09-24,
2026-10-03T11:41,2026-10-03 07:41,Newport Rentals,East Hampton,2206,1 Bedroom,price_change,4015,4017,3967,,4015,11/8/2026,,862,,0.5 Month Free,2026-09-24,
2026-10-03T11:41,2026-10-03 07:41,Newport Rentals,Southampton,2008,1 Bedroom,price_change,4015,4017,3967,,4015,Now,,765,,0.5 Month Free,2026-09-24,
2026-10-03T11:41,2026-10-03 07:41,Newport Rentals,East Hampton,701,1 Bedroom,price_change,4020,4022,3972,,4020,Now,,862,,0.5 Month Free,2026-09-24,
2026-10-03T11:41,2026-10-03 07:41,Newport Rentals,Riverside,505,1 Bedroom,price_change,4020,4022,3972,,4020,Now,,828,,0.5 Month Free,2026-09-24,
2026-10-03T11:41,2026-10-03 07:41,Newport Rentals,Southampton,1904,1 Bedroom,price_change,4020,4022,3972,,4020,10/7/2026,,851,,0.5 Month Free,2026-09-30,
2026-10-03T11:41,2026-10-03 07:41,Newport Rentals,Southampton,2202,1 Bedroom,price_change,4025,4027,3977,,4025,10/9/2026,,821,,0.5 Month Free,2026-09-24,
2026-10-03T11:41,2026-10-03 07:41,Newport Rentals,Atlantic,2806,1 Bedroom,price_change,4030,4032,3982,,4030,Now,,795,,0.5 Month Free,2026-09-24,
2026-10-03T11:41,2026-10-03 07:41,Newport Rentals,Atlantic,2108,1 Bedroom,price_change,4035,4037,3987,,4035,12/14/2026,,758,,0.5 Month Free,2026-10-02,
2026-10-03T11:41,2026-10-03 07:41,Newport Rentals,East Hampton,2004,1 Bedroom,price_change,4045,4047,3997,,4045,11/8/2026,,761,,,2026-10-02,
2026-10-03T11:41,2026-10-03 07:41,Newport Rentals,East Hampton,809,1 Bedroom,price_change,4065,4067,4017,,4065,10/8/2026,,817,,0.5 Month Free,2026-09-24,
2026-10-03T11:41,2026-10-03 07:41,Newport Rentals,Riverside,2107,1 Bedroom,price_change,4070,4072,4022,,4070,10/28/2026,,815,,0.5 Month Free,2026-09-24,
2026-10-03T11:41,2026-10-03 07:41,Newport Rentals,Riverside,2607,1 Bedroom,price_change,4095,4097,4047,,4095,Now,,815,,0.5 Month Free,2026-09-24,
2026-10-03T11:41,2026-10-03 07:41,Newport Rentals,Atlantic,2701,1 Bedroom,price_change,4100,4102,4052,,4100,10/25/2026,,860,,0.5 Month Free,2026-09-24,
2026-10-03T11:41,2026-10-03 07:41,Newport Rentals,Atlantic,1404,1 Bedroom,price_change,4110,4112,4062,,4110,Now,,880,,0.5 Month Free,2026-09-24,
2026-10-03T11:41,2026-10-03 07:41,Newport Rentals,East Hampton,1808,1 Bedroom,price_change,4110,4112,4062,,4110,Now,,832,,0.5 Month Free,2026-09-24,
2026-10-03T11:41,2026-10-03 07:41,Newport Rentals,Atlantic,3406,1 Bedroom,price_change,4125,4127,4077,,4125,Now,,795,,0.5 Month Free,2026-09-24,
2026-10-03T11:41,2026-10-03 07:41,Newport Rentals,Southampton,3108,1 Bedroom,price_change,4135,4137,4087,,4135,Now,,765,,0.5 Month Free,2026-09-24,
2026-10-03T11:41,2026-10-03 07:41,Newport Rentals,Atlantic,111,1 Bedroom,price_change,4140,4142,4092,,4140,12/4/2026,,1000,,0.5 Month Free,2026-09-24,
2026-10-03T11:41,2026-10-03 07:41,Newport Rentals,Aquablu,621,1 Bedroom,price_change,4149,4135,4106,,4149,Now,,816,,0.5 Month Free,2026-09-24,
2026-10-03T11:41,2026-10-03 07:41,Newport Rentals,East Hampton,706,1 Bedroom,price_change,4170,4172,4122,,4170,Now,,862,,0.5 Month Free,2026-09-24,
2026-10-03T11:41,2026-10-03 07:41,Newport Rentals,Aquablu,624,1 Bedroom,price_change,4224,4210,4181,,4224,Now,,812,,0.5 Month Free,2026-09-24,
2026-10-03T11:41,2026-10-03 07:41,Newport Rentals,Atlantic,1202,1 Bedroom,price_change,4265,4267,4217,,4265,Now,,794,,0.5 Month Free,2026-09-24,
2026-10-03T11:41,2026-10-03 07:41,Newport Rentals,Atlantic,3412,1 Bedroom,price_change,4295,4297,4247,,4295,10/4/2026,,796,,0.5 Month Free,2026-09-29,
2026-10-03T11:41,2026-10-03 07:41,Newport Rentals,Atlantic,3401,1 Bedroom,price_change,4310,4312,4262,,4310,10/21/2026,,860,,0.5 Month Free,2026-09-24,
2026-10-03T11:41,2026-10-03 07:41,Newport Rentals,Atlantic,2302,1 Bedroom,price_change,4315,4317,4267,,4315,11/5/2026,,794,,0.5 Month Free,2026-09-24,
2026-10-03T11:41,2026-10-03 07:41,Newport Rentals,Aquablu,2404,1 Bedroom,price_change,4384,4370,4341,,4384,Now,,790,,0.5 Month Free,2026-09-24,
2026-10-03T11:41,2026-10-03 07:41,Newport Rentals,Bisby,207,1 Bedroom,price_change,4499,4485,4441,,4499,Now,,780,,0.5 Month Free,2026-09-24,
2026-10-03T11:41,2026-10-03 07:41,Newport Rentals,Aquablu,1604,1 Bedroom,price_change,4544,4530,4501,,4544,Now,,790,,0.5 Month Free,2026-09-24,
2026-10-03T11:41,2026-10-03 07:41,Newport Rentals,Beach,708,1 Bedroom,price_change,4564,4550,4506,,4564,Now,,552,,0.5 Month Free,2026-09-24,
2026-10-03T11:41,2026-10-03 07:41,Newport Rentals,Aquablu,2804,1 Bedroom,price_change,4604,4590,4561,,4604,Now,,790,,0.5 Month Free,2026-09-24,
2026-10-03T11:41,2026-10-03 07:41,Newport Rentals,Bisby,505,1 Bedroom,price_change,4714,4700,4656,,4714,11/4/2026,,773,,0.5 Month Free,2026-09-24,
2026-10-03T11:41,2026-10-03 07:41,Newport Rentals,Bisby,1806,1 Bedroom,price_change,4714,4700,4656,,4714,11/19/2026,,795,,1 Month Free,2026-09-24,
2026-10-03T11:41,2026-10-03 07:41,Newport Rentals,Ellipse,306,1 Bedroom,price_change,4719,4705,4661,,4719,11/6/2026,,742,,0.5 Month Free,2026-09-24,
2026-10-03T11:41,2026-10-03 07:41,Newport Rentals,Bisby,407,1 Bedroom,price_change,4759,4745,4701,,4759,12/7/2026,,780,,0.5 Month Free,2026-09-24,
2026-10-03T11:41,2026-10-03 07:41,Newport Rentals,Bisby,507,1 Bedroom,price_change,4764,4750,4706,,4764,Now,,780,,1 Month Free,2026-09-24,
2026-10-03T11:41,2026-10-03 07:41,Newport Rentals,Ellipse,1606,1 Bedroom,price_change,4779,4765,4721,,4779,Now,,742,,0.5 Month Free,2026-09-24,
2026-10-03T11:41,2026-10-03 07:41,Newport Rentals,Beach,209,1 Bedroom,price_change,4799,4785,4741,,4799,10/29/2026,,713,,0.5 Month Free,2026-09-28,
2026-10-03T11:41,2026-10-03 07:41,Newport Rentals,Ellipse,2806,1 Bedroom,price_change,4839,4825,4781,,4839,Now,,742,,0.5 Month Free,2026-09-24,
2026-10-03T11:41,2026-10-03 07:41,Newport Rentals,Ellipse,910,1 Bedroom,price_change,4849,4835,4791,,4849,Now,,759,,0.5 Month Free,2026-09-24,
2026-10-03T11:41,2026-10-03 07:41,Newport Rentals,Ellipse,3506,1 Bedroom,price_change,4874,4860,4816,,4874,Now,,752,,0.5 Month Free,2026-09-24,
2026-10-03T11:41,2026-10-03 07:41,Newport Rentals,Ellipse,2202,1 Bedroom,price_change,4874,4860,4816,,4874,10/6/2026,,753,,0.5 Month Free,2026-09-24,
2026-10-03T11:41,2026-10-03 07:41,Newport Rentals,Bisby,409,1 Bedroom,price_change,4884,4870,4826,,4884,10/24/2026,,827,,0.5 Month Free,2026-09-24,
2026-10-03T11:41,2026-10-03 07:41,Newport Rentals,Ellipse,1710,1 Bedroom,price_change,4884,4870,4826,,4884,10/9/2026,,759,,0.5 Month Free,2026-09-24,
2026-10-03T11:41,2026-10-03 07:41,Newport Rentals,Ellipse,3706,1 Bedroom,price_change,4884,4870,4826,,4884,12/6/2026,,752,,0.5 Month Free,2026-09-24,
2026-10-03T11:41,2026-10-03 07:41,Newport Rentals,Ellipse,3806,1 Bedroom,price_change,4889,4875,4831,,4889,Now,,752,,0.5 Month Free,2026-09-24,
2026-10-03T11:41,2026-10-03 07:41,Newport Rentals,Ellipse,2702,1 Bedroom,price_change,4899,4885,4841,,4899,10/11/2026,,753,,0.5 Month Free,2026-09-24,
2026-10-03T11:41,2026-10-03 07:41,Newport Rentals,Bisby,503,1 Bedroom,price_change,5014,5000,4956,,5014,Now,,835,,0.5 Month Free,2026-09-24,
2026-10-03T11:41,2026-10-03 07:41,Newport Rentals,Bisby,603,1 Bedroom,price_change,5019,5005,4961,,5019,Now,,835,,0.5 Month Free,2026-09-26,
2026-10-03T11:41,2026-10-03 07:41,Newport Rentals,Beach,322,1 Bedroom,price_change,5039,5025,4981,,5039,Now,,723,,0.5 Month Free,2026-09-24,
2026-10-03T11:41,2026-10-03 07:41,Newport Rentals,Beach,722,1 Bedroom,price_change,5059,5045,5001,,5059,Now,,723,,0.5 Month Free,2026-09-24,
2026-10-03T11:41,2026-10-03 07:41,Newport Rentals,Beach,311,1 Bedroom,price_change,5099,5085,5041,,5099,Now,,761,,0.5 Month Free,2026-09-24,
2026-10-03T11:41,2026-10-03 07:41,Newport Rentals,Beach,1223,1 Bedroom,price_change,5124,5110,5066,,5124,Now,,730,,0.5 Month Free,2026-09-24,
2026-10-03T11:41,2026-10-03 07:41,Newport Rentals,Bisby,705,1 Bedroom,delisted,4735,,4677,,4735,Now,,773,,0.5 Month Free,2026-09-24,
2026-10-03T11:41,2026-10-03 07:41,Liberty Harbor,The Zenith,819,1 Bedroom,available_change,3277,,3277,,,10/13/2026,Now,662,,discounted,2026-09-24,
2026-10-03T11:41,2026-10-03 07:41,65 Bay Street,65 Bay Street,31-01,1 Bedroom,price_change,3816,3804,3816,,,Now,,685,Apartment: # 31-01,,2026-10-01,
2026-10-03T11:41,2026-10-03 07:41,65 Bay Street,65 Bay Street,18-09,1 Bedroom,price_change,3736,3724,3736,,,Now,,685,Apartment: # 18-09,,2026-09-24,
2026-10-03T11:41,2026-10-03 07:41,65 Bay Street,65 Bay Street,08-01,1 Bedroom,price_change,3696,3684,3696,,,Now,,685,Apartment: # 08-01,,2026-09-24,
2026-10-03T11:41,2026-10-03 07:41,65 Bay Street,65 Bay Street,25-08,1 Bedroom,price_change,4284,4271,4284,,,Now,,794,Apartment: # 25-08,,2026-09-24,
2026-10-03T11:41,2026-10-03 07:41,65 Bay Street,65 Bay Street,27-02,1 Bedroom,price_change,4224,4211,4224,,,Now,,794,Apartment: # 27-02,,2026-09-24,
2026-10-03T11:41,2026-10-03 07:41,Avalon Cove,Avalon Cove,2219,1 Bedroom,price_change,3680,3655,3680,,,12/3/2026,,693,A2,21-month lease,2026-09-24,
2026-10-03T11:41,2026-10-03 07:41,Avalon Cove,Avalon Cove,6455,1 Bedroom,price_change,3765,3740,3765,,,11/11/2026,,752,A3,10-month lease,2026-09-24,
2026-10-03T11:41,2026-10-03 07:41,Avalon Cove,Avalon Cove,4117,1 Bedroom,price_change,3820,4170,3820,,,10/10/2026,,778,A18,23-month lease,2026-09-24,
2026-10-03T11:41,2026-10-03 07:41,Avalon Cove,Avalon Cove,3143,1 Bedroom,price_change,3900,3875,3900,,,11/18/2026,,778,A18,22-month lease,2026-09-24,
2026-10-03T11:41,2026-10-03 07:41,Avalon Cove,Avalon Cove,3138,1 Bedroom,price_change,4150,4125,4150,,,11/9/2026,,778,A5,22-month lease,2026-09-24,
2026-10-03T11:41,2026-10-03 07:41,Avalon Cove,Avalon Cove,3330,1 Bedroom,price_change,4035,4000,4035,,,11/5/2026,,817,A8,22-month lease,2026-09-24,
2026-10-03T11:41,2026-10-03 07:41,Avalon Cove,Avalon Cove,2128,1 Bedroom,price_change,4110,4085,4110,,,11/19/2026,,817,A8,22-month lease,2026-09-24,
2026-10-03T11:41,2026-10-03 07:41,Avalon Cove,Avalon Cove,5327,1 Bedroom,price_change,3850,3825,3850,,,11/28/2026,,818,A9,10-month lease,2026-09-24,
2026-10-03T11:41,2026-10-03 07:41,Avalon Cove,Avalon Cove,5539,1 Bedroom,price_change,4425,4400,4425,,,11/11/2026,,1351,A14LP,10-month lease,2026-10-02,
2026-10-03T11:41,2026-10-03 07:41,VYV,,S-1961,1 Bedroom,available_change,3815,,3815,,,10/8/2026,1/8/2027,734,A11,,2026-09-27,
2026-10-03T11:41,2026-10-03 07:41,Northern Chapter Properties,235 Grand,1401,1 Bedroom,price_change,3975,3980,3975,4475,,10/7/2026,,,Floor Plan Video,,2026-10-01,
2026-10-03T11:41,2026-10-03 07:41,Northern Chapter Properties,235 Grand,4412,1 Bedroom,price_change,4195,4200,4195,4685,,10/18/2026,,,Floor Plan Video,,2026-09-28,
2026-10-03T11:41,2026-10-03 07:41,Northern Chapter Properties,235 Grand,0626,1 Bedroom,price_change,4070,4075,4070,4515,,10/31/2026,,,Floor Plan Video,,2026-09-28,
2026-10-03T11:41,2026-10-03 07:41,Northern Chapter Properties,235 Grand,0803,1 Bedroom,price_change,4005,4015,4005,4450,,11/6/2026,,,Floor Plan Video,,2026-09-28,
2026-10-03T11:41,2026-10-03 07:41,Northern Chapter Properties,235 Grand,0423,1 Bedroom,price_change,4020,4030,4020,4460,,11/7/2026,,,Floor Plan Video,,2026-09-28,
2026-10-03T11:41,2026-10-03 07:41,Northern Chapter Properties,235 Grand,1702,1 Bedroom,price_change,3935,3945,3935,4370,,11/7/2026,,,Floor Plan Video,,2026-09-28,
2026-10-03T11:41,2026-10-03 07:41,Northern Chapter Properties,235 Grand,4303,1 Bedroom,price_change,4205,4215,4205,4660,,11/7/2026,,,Floor Plan Video,,2026-09-28,
2026-10-03T11:41,2026-10-03 07:41,Northern Chapter Properties,235 Grand,2604,1 Bedroom,price_change,3905,3915,3905,4330,,11/8/2026,,,Floor Plan Video,,2026-09-28,
2026-10-03T11:41,2026-10-03 07:41,Northern Chapter Properties,235 Grand,2112,1 Bedroom,price_change,3795,3805,3795,4210,,11/25/2026,,,Floor Plan Video,,2026-09-28,
2026-10-03T11:41,2026-10-03 07:41,Northern Chapter Properties,235 Grand,2312,1 Bedroom,price_change,3845,3855,3845,4280,,12/6/2026,,,Floor Plan Video,,2026-09-28,
2026-10-03T11:41,2026-10-03 07:41,Northern Chapter Properties,235 Grand,0225,1 Bedroom,price_change,3895,3905,3895,4330,,12/7/2026,,,Floor Plan Video,,2026-09-28,
2026-10-03T11:41,2026-10-03 07:41,Northern Chapter Properties,235 Grand,3108,1 Bedroom,price_change,4040,4050,4040,4485,,12/7/2026,,,Floor Plan Video,,2026-09-28,
2026-10-03T11:41,2026-10-03 07:41,Northern Chapter Properties,235 Grand,3904,1 Bedroom,price_change,3965,3975,3965,4375,,12/20/2026,,,Floor Plan Video,,2026-09-28,
2026-10-03T11:41,2026-10-03 07:41,Northern Chapter Properties,225 Grand,0428,1 Bedroom,price_change,3265,3315,3265,3595,,Now,,666,Floor Plan Video,,2026-09-28,
2026-10-03T16:19,2026-10-03 12:19,Newport Rentals,Atlantic,1508,1 Bedroom,delisted,4005,,3957,,4005,Now,,758,,0.5 Month Free,2026-09-24,
2026-10-03T16:19,2026-10-03 12:19,VYV,,N-3406,1 Bedroom,price_change,3822,3821,3822,,,11/13/2026,,720,A07,,2026-10-03,
2026-10-03T21:17,2026-10-03 17:17,Newport Rentals,East Hampton,1511,1 Bedroom,delisted,3570,,3522,,3570,Now,,743,,0.5 Month Free,2026-10-01,
2026-10-03T21:17,2026-10-03 17:17,Newport Rentals,Southampton,2912,1 Bedroom,delisted,3910,,3862,,3910,Now,,798,,0.5 Month Free,2026-09-24,
2026-10-03T21:17,2026-10-03 17:17,Liberty Harbor,88 Regent,2808,1 Bedroom,listed,3835,,3835,,,11/11/2026,,594,,,2026-10-03,
2026-10-03T21:17,2026-10-03 17:17,Liberty Harbor,The Regent,601,1 Bedroom,price_change,3130,3415,3130,,,10/12/2026,,673,,discounted,2026-09-24,
2026-10-03T21:17,2026-10-03 17:17,IronState Properties,50 Columbus,4775281,1 Bedroom,available_change,3810,,3810,,,10/09/2026,,781,4775281,,2026-09-27,
2026-10-04T05:55,2026-10-04 01:55,Newport Rentals,Southampton,2104,1 Bedroom,available_change,3920,,3872,,3920,Now,10/4/2026,851,,0.5 Month Free,2026-09-28,
2026-10-04T05:55,2026-10-04 01:55,Newport Rentals,Atlantic,3412,1 Bedroom,available_change,4295,,4247,,4295,Now,10/4/2026,796,,0.5 Month Free,2026-09-29,
2026-10-04T05:55,2026-10-04 01:55,Newport Rentals,East Hampton,701,1 Bedroom,delisted,4020,,3972,,4020,Now,,862,,0.5 Month Free,2026-09-24,
2026-10-04T05:55,2026-10-04 01:55,Newport Rentals,Ellipse,3806,1 Bedroom,delisted,4889,,4831,,4889,Now,,752,,0.5 Month Free,2026-09-24,
2026-10-04T05:55,2026-10-04 01:55,Liberty Harbor,50 Regent,713,1 Bedroom,listed,3595,,3595,,,11/11/2026,,667,,,2026-10-04,
2026-10-04T05:55,2026-10-04 01:55,Liberty Harbor,The Zenith,714,1 Bedroom,price_change,3675,3400,3675,,,12/11/2026,,743,,,2026-10-01,
2026-10-04T05:55,2026-10-04 01:55,Liberty Harbor,The Zenith,606,1 Bedroom,listed,3550,,3550,,,12/15/2026,,664,,,2026-10-04,
2026-10-04T05:55,2026-10-04 01:55,Liberty Harbor,The Regent,521,1 Bedroom,available_change,3291,,3291,,,Now,10/4/2026,628,,discounted,2026-09-24,
2026-10-04T05:55,2026-10-04 01:55,Liberty Harbor,The Regent,702,1 Bedroom,available_change,3350,,3350,,,Now,10/4/2026,654,,discounted,2026-09-24,
2026-10-04T05:55,2026-10-04 01:55,Liberty Harbor,333 Grand,802,1 Bedroom,listed,3827,,3827,,,Now,,790,,discounted,2026-10-04,
2026-10-04T05:55,2026-10-04 01:55,Equity Apartments,Hudson Point,302,1 Bedroom,listed,3443,,3443,,,10/9/2026,,726,Hudson (A1),,2026-10-04,
2026-10-04T12:24,2026-10-04 08:24,Newport Rentals,Lincoln House,626,1 Bedroom,price_change,3243,3230,3230,,3243,Now,,725,,,2026-09-24,
2026-10-04T12:24,2026-10-04 08:24,Newport Rentals,Pacific,601,1 Bedroom,price_change,3244,3240,3231,,3244,12/8/2026,,821,,,2026-10-03,
2026-10-04T12:24,2026-10-04 08:24,Newport Rentals,Lincoln House,310,1 Bedroom,price_change,3263,3250,3250,,3263,Now,,645,,,2026-09-24,
2026-10-04T12:24,2026-10-04 08:24,Newport Rentals,Parkside East,2301,1 Bedroom,price_change,3267,3277,3254,,3267,11/6/2026,,771,,,2026-10-01,
2026-10-04T12:24,2026-10-04 08:24,Newport Rentals,Lincoln House,324,1 Bedroom,price_change,3278,3265,3265,,3278,Now,,713,,,2026-09-24,
2026-10-04T12:24,2026-10-04 08:24,Newport Rentals,Lincoln House,402,1 Bedroom,price_change,3283,3270,3270,,3283,10/31/2026,,725,,,2026-09-27,
2026-10-04T12:24,2026-10-04 08:24,Newport Rentals,Waterside Square South,916,1 Bedroom,price_change,3297,3307,3284,,3297,10/6/2026,,711,,0.5 Month Free,2026-09-28,
2026-10-04T12:24,2026-10-04 08:24,Newport Rentals,Parkside East,3008,1 Bedroom,price_change,3317,3327,3304,,3317,10/14/2026,,765,,,2026-09-30,
2026-10-04T12:24,2026-10-04 08:24,Newport Rentals,Parkside East,3001,1 Bedroom,price_change,3352,3362,3339,,3352,10/11/2026,,771,,,2026-09-24,
2026-10-04T12:24,2026-10-04 08:24,Newport Rentals,Waterside Square North,906,1 Bedroom,price_change,3352,3362,3339,,3352,10/10/2026,,745,,0.5 Month Free,2026-09-24,
2026-10-04T12:24,2026-10-04 08:24,Newport Rentals,Waterside Square South,1116,1 Bedroom,price_change,3367,3377,3354,,3367,Now,,711,,0.5 Month Free,2026-09-24,
2026-10-04T12:24,2026-10-04 08:24,Newport Rentals,Waterside Square South,1705,1 Bedroom,price_change,3407,3417,3394,,3407,10/17/2026,,684,,0.5 Month Free,2026-10-01,
2026-10-04T12:24,2026-10-04 08:24,Newport Rentals,Waterside Square North,814,1 Bedroom,price_change,3437,3447,3424,,3437,Now,,752,,0.5 Month Free,2026-09-24,
2026-10-04T12:24,2026-10-04 08:24,Newport Rentals,Waterside Square North,2016,1 Bedroom,price_change,3442,3452,3429,,3442,Now,,711,,0.5 Month Free,2026-09-24,
2026-10-04T12:24,2026-10-04 08:24,Newport Rentals,Waterside Square North,1006,1 Bedroom,price_change,3442,3452,3429,,3442,11/28/2026,,745,,0.5 Month Free,2026-10-02,
2026-10-04T12:24,2026-10-04 08:24,Newport Rentals,Waterside Square South,1710,1 Bedroom,price_change,3442,3452,3429,,3442,10/16/2026,,696,,0.5 Month Free,2026-09-24,
2026-10-04T12:24,2026-10-04 08:24,Newport Rentals,Waterside Square North,1114,1 Bedroom,price_change,3452,3462,3439,,3452,Now,,752,,0.5 Month Free,2026-09-24,
2026-10-04T12:24,2026-10-04 08:24,Newport Rentals,Waterside Square North,2014,1 Bedroom,price_change,3452,3462,3439,,3452,10/10/2026,,752,,0.5 Month Free,2026-09-24,
2026-10-04T12:24,2026-10-04 08:24,Newport Rentals,Pacific,1402,1 Bedroom,price_change,3454,3450,3441,,3454,10/22/2026,,764,,,2026-10-03,
2026-10-04T12:24,2026-10-04 08:24,Newport Rentals,Waterside Square North,1706,1 Bedroom,price_change,3472,3482,3459,,3472,10/10/2026,,745,,0.5 Month Free,2026-09-24,
2026-10-04T12:24,2026-10-04 08:24,Newport Rentals,Waterside Square North,2214,1 Bedroom,price_change,3502,3512,3489,,3502,Now,,752,,0.5 Month Free,2026-09-24,
2026-10-04T12:24,2026-10-04 08:24,Newport Rentals,Waterside Square North,1710,1 Bedroom,price_change,3502,3512,3489,,3502,12/2/2026,,696,,0.5 Month Free,2026-09-24,
2026-10-04T12:24,2026-10-04 08:24,Newport Rentals,Waterside Square North,407,1 Bedroom,price_change,3552,3562,3539,,3552,Now,,738,,0.5 Month Free,2026-09-24,
2026-10-04T12:24,2026-10-04 08:24,Newport Rentals,East Hampton,3011,1 Bedroom,price_change,3714,3710,3666,,3714,Now,,743,,0.5 Month Free,2026-09-24,
2026-10-04T12:24,2026-10-04 08:24,Newport Rentals,Riverside,612,1 Bedroom,price_change,3729,3725,3681,,3729,10/29/2026,,792,,0.5 Month Free,2026-09-24,
2026-10-04T12:24,2026-10-04 08:24,Newport Rentals,Riverside,1502,1 Bedroom,price_change,3769,3765,3721,,3769,Now,,818,,0.5 Month Free,2026-09-24,
2026-10-04T12:24,2026-10-04 08:24,Newport Rentals,East Hampton,615,1 Bedroom,price_change,3794,3790,3746,,3794,10/18/2026,,828,,0.5 Month Free,2026-10-02,
2026-10-04T12:24,2026-10-04 08:24,Newport Rentals,Pacific,2008,1 Bedroom,price_change,3759,3755,3746,,3759,Now,,808,,0.5 Month Free,2026-09-24,
2026-10-04T12:24,2026-10-04 08:24,Newport Rentals,Riverside,1511,1 Bedroom,price_change,3794,3790,3746,,3794,11/20/2026,,834,,0.5 Month Free,2026-09-24,
2026-10-04T12:24,2026-10-04 08:24,Newport Rentals,Southampton,406,1 Bedroom,price_change,3794,3790,3746,,3794,10/5/2026,,796,,0.5 Month Free,2026-09-24,
2026-10-04T12:24,2026-10-04 08:24,Newport Rentals,Southampton,508,1 Bedroom,price_change,3799,3795,3751,,3799,Now,,765,,0.5 Month Free,2026-09-24,
2026-10-04T12:24,2026-10-04 08:24,Newport Rentals,Southampton,1707,1 Bedroom,price_change,3804,3800,3756,,3804,11/4/2026,,838,,0.5 Month Free,2026-09-30,
2026-10-04T12:24,2026-10-04 08:24,Newport Rentals,Atlantic,2210,1 Bedroom,price_change,3809,3805,3761,,3809,10/7/2026,,899,,0.5 Month Free,2026-09-24,
2026-10-04T12:24,2026-10-04 08:24,Newport Rentals,Southampton,3307,1 Bedroom,price_change,3824,3820,3776,,3824,Now,,838,,0.5 Month Free,2026-09-24,
2026-10-04T12:24,2026-10-04 08:24,Newport Rentals,East Hampton,1801,1 Bedroom,price_change,3834,3830,3786,,3834,10/26/2026,,862,,,2026-10-02,
2026-10-04T12:24,2026-10-04 08:24,Newport Rentals,Atlantic,1006,1 Bedroom,price_change,3839,3835,3791,,3839,Now,,795,,0.5 Month Free,2026-09-24,
2026-10-04T12:24,2026-10-04 08:24,Newport Rentals,Atlantic,2810,1 Bedroom,price_change,3839,3835,3791,,3839,10/28/2026,,899,,0.5 Month Free,2026-09-24,
2026-10-04T12:24,2026-10-04 08:24,Newport Rentals,Southampton,1708,1 Bedroom,price_change,3844,3840,3796,,3844,11/14/2026,,765,,0.5 Month Free,2026-10-01,
2026-10-04T12:24,2026-10-04 08:24,Newport Rentals,East Hampton,1609,1 Bedroom,price_change,3864,3860,3816,,3864,11/2/2026,,817,,0.5 Month Free,2026-09-29,
2026-10-04T12:24,2026-10-04 08:24,Newport Rentals,Riverside,905,1 Bedroom,price_change,3869,3865,3821,,3869,10/17/2026,,813,,0.5 Month Free,2026-09-24,
2026-10-04T12:24,2026-10-04 08:24,Newport Rentals,Southampton,3312,1 Bedroom,price_change,3869,3865,3821,,3869,11/3/2026,,798,,0.5 Month Free,2026-09-24,
2026-10-04T12:24,2026-10-04 08:24,Newport Rentals,Riverside,1005,1 Bedroom,price_change,3874,3870,3826,,3874,Now,,813,,0.5 Month Free,2026-09-24,
2026-10-04T12:24,2026-10-04 08:24,Newport Rentals,Atlantic,3610,1 Bedroom,price_change,3879,3875,3831,,3879,10/17/2026,,899,,0.5 Month Free,2026-10-01,
2026-10-04T12:24,2026-10-04 08:24,Newport Rentals,Southampton,3004,1 Bedroom,price_change,3904,3900,3856,,3904,Now,,851,,0.5 Month Free,2026-09-24,
2026-10-04T12:24,2026-10-04 08:24,Newport Rentals,Southampton,808,1 Bedroom,price_change,3914,3910,3866,,3914,10/31/2026,,765,,0.5 Month Free,2026-09-24,
2026-10-04T12:24,2026-10-04 08:24,Newport Rentals,Pacific,2006,1 Bedroom,price_change,3884,3880,3871,,3884,Now,,799,,0.5 Month Free,2026-09-24,
2026-10-04T12:24,2026-10-04 08:24,Newport Rentals,East Hampton,2809,1 Bedroom,price_change,3924,3920,3876,,3924,10/31/2026,,817,,0.5 Month Free,2026-09-24,
2026-10-04T12:24,2026-10-04 08:24,Newport Rentals,Southampton,2104,1 Bedroom,price_change,3924,3920,3876,,3924,Now,,851,,0.5 Month Free,2026-09-28,
2026-10-04T12:24,2026-10-04 08:24,Newport Rentals,Pacific,2206,1 Bedroom,price_change,3894,3890,3881,,3894,10/15/2026,,799,,0.5 Month Free,2026-09-28,
2026-10-04T12:24,2026-10-04 08:24,Newport Rentals,East Hampton,715,1 Bedroom,price_change,3974,3970,3926,,3974,Now,,828,,0.5 Month Free,2026-09-24,
2026-10-04T12:24,2026-10-04 08:24,Newport Rentals,Atlantic,912,1 Bedroom,price_change,4004,4000,3956,,4004,12/3/2026,,796,,0.5 Month Free,2026-09-24,
2026-10-04T12:24,2026-10-04 08:24,Newport Rentals,East Hampton,3206,1 Bedroom,price_change,4004,4000,3956,,4004,12/13/2026,,862,,0.5 Month Free,2026-10-02,
2026-10-04T12:24,2026-10-04 08:24,Newport Rentals,East Hampton,1204,1 Bedroom,price_change,4014,4010,3966,,4014,11/8/2026,,761,,0.5 Month Free,2026-09-29,
2026-10-04T12:24,2026-10-04 08:24,Newport Rentals,Pacific,1907,1 Bedroom,price_change,3979,3975,3966,,3979,Now,,841,,0.5 Month Free,2026-09-24,
2026-10-04T12:24,2026-10-04 08:24,Newport Rentals,Southampton,2407,1 Bedroom,price_change,4014,4010,3966,,4014,11/2/2026,,838,,0.5 Month Free,2026-09-24,
2026-10-04T12:24,2026-10-04 08:24,Newport Rentals,East Hampton,2206,1 Bedroom,price_change,4019,4015,3971,,4019,11/8/2026,,862,,0.5 Month Free,2026-09-24,
2026-10-04T12:24,2026-10-04 08:24,Newport Rentals,Southampton,2008,1 Bedroom,price_change,4019,4015,3971,,4019,Now,,765,,0.5 Month Free,2026-09-24,
2026-10-04T12:24,2026-10-04 08:24,Newport Rentals,Riverside,505,1 Bedroom,price_change,4024,4020,3976,,4024,Now,,828,,0.5 Month Free,2026-09-24,
2026-10-04T12:24,2026-10-04 08:24,Newport Rentals,Southampton,1904,1 Bedroom,price_change,4024,4020,3976,,4024,10/7/2026,,851,,0.5 Month Free,2026-09-30,
2026-10-04T12:24,2026-10-04 08:24,Newport Rentals,Southampton,2202,1 Bedroom,price_change,4029,4025,3981,,4029,10/9/2026,,821,,0.5 Month Free,2026-09-24,
2026-10-04T12:24,2026-10-04 08:24,Newport Rentals,Atlantic,2806,1 Bedroom,price_change,4034,4030,3986,,4034,Now,,795,,0.5 Month Free,2026-09-24,
2026-10-04T12:24,2026-10-04 08:24,Newport Rentals,Atlantic,2108,1 Bedroom,price_change,4039,4035,3991,,4039,12/14/2026,,758,,0.5 Month Free,2026-10-02,
2026-10-04T12:24,2026-10-04 08:24,Newport Rentals,East Hampton,2004,1 Bedroom,price_change,4049,4045,4001,,4049,11/8/2026,,761,,,2026-10-02,
2026-10-04T12:24,2026-10-04 08:24,Newport Rentals,East Hampton,809,1 Bedroom,price_change,4069,4065,4021,,4069,10/8/2026,,817,,0.5 Month Free,2026-09-24,
2026-10-04T12:24,2026-10-04 08:24,Newport Rentals,Riverside,2107,1 Bedroom,price_change,4074,4070,4026,,4074,10/28/2026,,815,,0.5 Month Free,2026-09-24,
2026-10-04T12:24,2026-10-04 08:24,Newport Rentals,Riverside,2607,1 Bedroom,price_change,4099,4095,4051,,4099,Now,,815,,0.5 Month Free,2026-09-24,
2026-10-04T12:24,2026-10-04 08:24,Newport Rentals,Atlantic,2701,1 Bedroom,price_change,4104,4100,4056,,4104,10/25/2026,,860,,0.5 Month Free,2026-09-24,
2026-10-04T12:24,2026-10-04 08:24,Newport Rentals,Atlantic,1404,1 Bedroom,price_change,4114,4110,4066,,4114,Now,,880,,0.5 Month Free,2026-09-24,
2026-10-04T12:24,2026-10-04 08:24,Newport Rentals,East Hampton,1808,1 Bedroom,price_change,4114,4110,4066,,4114,Now,,832,,0.5 Month Free,2026-09-24,
2026-10-04T12:24,2026-10-04 08:24,Newport Rentals,Atlantic,3406,1 Bedroom,price_change,4129,4125,4081,,4129,Now,,795,,0.5 Month Free,2026-09-24,
2026-10-04T12:24,2026-10-04 08:24,Newport Rentals,Southampton,3108,1 Bedroom,price_change,4139,4135,4091,,4139,Now,,765,,0.5 Month Free,2026-09-24,
2026-10-04T12:24,2026-10-04 08:24,Newport Rentals,Atlantic,111,1 Bedroom,price_change,4144,4140,4096,,4144,12/4/2026,,1000,,0.5 Month Free,2026-09-24,
2026-10-04T12:24,2026-10-04 08:24,Newport Rentals,East Hampton,706,1 Bedroom,price_change,4174,4170,4126,,4174,Now,,862,,0.5 Month Free,2026-09-24,
2026-10-04T12:24,2026-10-04 08:24,Newport Rentals,Atlantic,1202,1 Bedroom,price_change,4269,4265,4221,,4269,Now,,794,,0.5 Month Free,2026-09-24,
2026-10-04T12:24,2026-10-04 08:24,Newport Rentals,Atlantic,3412,1 Bedroom,price_change,4299,4295,4251,,4299,Now,,796,,0.5 Month Free,2026-09-29,
2026-10-04T12:24,2026-10-04 08:24,Newport Rentals,Atlantic,3401,1 Bedroom,price_change,4314,4310,4266,,4314,10/21/2026,,860,,0.5 Month Free,2026-09-24,
2026-10-04T12:24,2026-10-04 08:24,Newport Rentals,Atlantic,2302,1 Bedroom,price_change,4319,4315,4271,,4319,11/5/2026,,794,,0.5 Month Free,2026-09-24,
2026-10-04T12:24,2026-10-04 08:24,Newport Rentals,Bisby,207,1 Bedroom,price_change,4517,4499,4459,,4517,Now,,780,,0.5 Month Free,2026-09-24,
2026-10-04T12:24,2026-10-04 08:24,Newport Rentals,Beach,708,1 Bedroom,price_change,4582,4564,4524,,4582,Now,,552,,0.5 Month Free,2026-09-24,
2026-10-04T12:24,2026-10-04 08:24,Newport Rentals,Bisby,505,1 Bedroom,price_change,4732,4714,4674,,4732,11/4/2026,,773,,0.5 Month Free,2026-09-24,
2026-10-04T12:24,2026-10-04 08:24,Newport Rentals,Bisby,1806,1 Bedroom,price_change,4732,4714,4674,,4732,11/19/2026,,795,,1 Month Free,2026-09-24,
2026-10-04T12:24,2026-10-04 08:24,Newport Rentals,Ellipse,306,1 Bedroom,price_change,4737,4719,4679,,4737,11/6/2026,,742,,0.5 Month Free,2026-09-24,
2026-10-04T12:24,2026-10-04 08:24,Newport Rentals,Bisby,407,1 Bedroom,price_change,4777,4759,4719,,4777,12/7/2026,,780,,0.5 Month Free,2026-09-24,
2026-10-04T12:24,2026-10-04 08:24,Newport Rentals,Bisby,507,1 Bedroom,price_change,4782,4764,4724,,4782,Now,,780,,1 Month Free,2026-09-24,
2026-10-04T12:24,2026-10-04 08:24,Newport Rentals,Ellipse,1606,1 Bedroom,price_change,4797,4779,4739,,4797,Now,,742,,0.5 Month Free,2026-09-24,
2026-10-04T12:24,2026-10-04 08:24,Newport Rentals,Beach,209,1 Bedroom,price_change,4817,4799,4759,,4817,10/29/2026,,713,,0.5 Month Free,2026-09-28,
2026-10-04T12:24,2026-10-04 08:24,Newport Rentals,Ellipse,2806,1 Bedroom,price_change,4857,4839,4799,,4857,Now,,742,,0.5 Month Free,2026-09-24,
2026-10-04T12:24,2026-10-04 08:24,Newport Rentals,Ellipse,910,1 Bedroom,price_change,4867,4849,4809,,4867,Now,,759,,0.5 Month Free,2026-09-24,
2026-10-04T12:24,2026-10-04 08:24,Newport Rentals,Ellipse,3506,1 Bedroom,price_change,4892,4874,4834,,4892,Now,,752,,0.5 Month Free,2026-09-24,
2026-10-04T12:24,2026-10-04 08:24,Newport Rentals,Ellipse,2202,1 Bedroom,price_change,4892,4874,4834,,4892,10/6/2026,,753,,0.5 Month Free,2026-09-24,
2026-10-04T12:24,2026-10-04 08:24,Newport Rentals,Bisby,409,1 Bedroom,price_change,4902,4884,4844,,4902,10/24/2026,,827,,0.5 Month Free,2026-09-24,
2026-10-04T12:24,2026-10-04 08:24,Newport Rentals,Ellipse,1710,1 Bedroom,price_change,4902,4884,4844,,4902,10/9/2026,,759,,0.5 Month Free,2026-09-24,
2026-10-04T12:24,2026-10-04 08:24,Newport Rentals,Ellipse,3706,1 Bedroom,price_change,4902,4884,4844,,4902,12/6/2026,,752,,0.5 Month Free,2026-09-24,
2026-10-04T12:24,2026-10-04 08:24,Newport Rentals,Ellipse,2702,1 Bedroom,price_change,4917,4899,4859,,4917,10/11/2026,,753,,0.5 Month Free,2026-09-24,
2026-10-04T12:24,2026-10-04 08:24,Newport Rentals,Bisby,503,1 Bedroom,price_change,5032,5014,4974,,5032,Now,,835,,0.5 Month Free,2026-09-24,
2026-10-04T12:24,2026-10-04 08:24,Newport Rentals,Bisby,603,1 Bedroom,price_change,5037,5019,4979,,5037,Now,,835,,0.5 Month Free,2026-09-26,
2026-10-04T12:24,2026-10-04 08:24,Newport Rentals,Beach,322,1 Bedroom,price_change,5057,5039,4999,,5057,Now,,723,,0.5 Month Free,2026-09-24,
2026-10-04T12:24,2026-10-04 08:24,Newport Rentals,Beach,722,1 Bedroom,price_change,5077,5059,5019,,5077,Now,,723,,0.5 Month Free,2026-09-24,
2026-10-04T12:24,2026-10-04 08:24,Newport Rentals,Beach,311,1 Bedroom,price_change,5117,5099,5059,,5117,Now,,761,,0.5 Month Free,2026-09-24,
2026-10-04T12:24,2026-10-04 08:24,Newport Rentals,Beach,1223,1 Bedroom,price_change,5142,5124,5084,,5142,Now,,730,,0.5 Month Free,2026-09-24,
2026-10-04T12:24,2026-10-04 08:24,65 Bay Street,65 Bay Street,31-01,1 Bedroom,price_change,3831,3816,3831,,,Now,,685,Apartment: # 31-01,,2026-10-01,
2026-10-04T12:24,2026-10-04 08:24,65 Bay Street,65 Bay Street,18-09,1 Bedroom,price_change,3751,3736,3751,,,Now,,685,Apartment: # 18-09,,2026-09-24,
2026-10-04T12:24,2026-10-04 08:24,65 Bay Street,65 Bay Street,08-01,1 Bedroom,price_change,3711,3696,3711,,,Now,,685,Apartment: # 08-01,,2026-09-24,
2026-10-04T12:24,2026-10-04 08:24,65 Bay Street,65 Bay Street,25-08,1 Bedroom,price_change,4300,4284,4300,,,Now,,794,Apartment: # 25-08,,2026-09-24,
2026-10-04T12:24,2026-10-04 08:24,65 Bay Street,65 Bay Street,27-02,1 Bedroom,price_change,4240,4224,4240,,,Now,,794,Apartment: # 27-02,,2026-09-24,
2026-10-04T12:24,2026-10-04 08:24,Avalon Cove,Avalon Cove,5221,1 Bedroom,price_change,3810,3725,3810,,,10/31/2026,,693,A2,10-month lease,2026-09-24,
2026-10-04T12:24,2026-10-04 08:24,Avalon Cove,Avalon Cove,2219,1 Bedroom,price_change,3645,3680,3645,,,12/3/2026,,693,A2,21-month lease,2026-09-24,
2026-10-04T12:24,2026-10-04 08:24,Avalon Cove,Avalon Cove,6455,1 Bedroom,price_change,3725,3765,3725,,,11/11/2026,,752,A3,10-month lease,2026-09-24,
2026-10-04T12:24,2026-10-04 08:24,Avalon Cove,Avalon Cove,3143,1 Bedroom,price_change,3865,3900,3865,,,11/18/2026,,778,A18,22-month lease,2026-09-24,
2026-10-04T12:24,2026-10-04 08:24,Avalon Cove,Avalon Cove,3138,1 Bedroom,price_change,4115,4150,4115,,,11/9/2026,,778,A5,22-month lease,2026-09-24,
2026-10-04T12:24,2026-10-04 08:24,Avalon Cove,Avalon Cove,3330,1 Bedroom,price_change,3950,4035,3950,,,11/5/2026,,817,A8,22-month lease,2026-09-24,
2026-10-04T12:24,2026-10-04 08:24,Avalon Cove,Avalon Cove,2128,1 Bedroom,price_change,4075,4110,4075,,,11/19/2026,,817,A8,22-month lease,2026-09-24,
2026-10-04T12:24,2026-10-04 08:24,Avalon Cove,Avalon Cove,5327,1 Bedroom,price_change,3810,3850,3810,,,11/28/2026,,818,A9,10-month lease,2026-09-24,
2026-10-04T12:24,2026-10-04 08:24,Avalon Cove,Avalon Cove,5539,1 Bedroom,price_change,4385,4425,4385,,,11/11/2026,,1351,A14LP,10-month lease,2026-10-02,
2026-10-04T12:24,2026-10-04 08:24,Equity Apartments,The Pier,1-245,1 Bedroom,available_change,4046,,4046,,,Now,10/5/2026,741,A5,,2026-09-27,
2026-10-04T12:24,2026-10-04 08:24,Equity Apartments,The Pier,1-633,1 Bedroom,available_change,3934,,3934,,,10/8/2026,10/7/2026,741,A5,,2026-09-27,
2026-10-04T12:24,2026-10-04 08:24,Equity Apartments,The Pier,1-305,1 Bedroom,listed,4305,,4305,,,12/5/2026,,984,A11S,,2026-10-04,
2026-10-04T12:24,2026-10-04 08:24,Northern Chapter Properties,235 Grand,1401,1 Bedroom,price_change,3965,3975,3965,4465,,10/7/2026,,,Floor Plan Video,,2026-10-01,
2026-10-04T12:24,2026-10-04 08:24,Northern Chapter Properties,235 Grand,4412,1 Bedroom,price_change,4185,4195,4185,4675,,10/18/2026,,,Floor Plan Video,,2026-09-28,
2026-10-04T12:24,2026-10-04 08:24,Northern Chapter Properties,235 Grand,0626,1 Bedroom,price_change,4060,4070,4060,4500,,10/31/2026,,,Floor Plan Video,,2026-09-28,
2026-10-04T12:24,2026-10-04 08:24,Northern Chapter Properties,235 Grand,0803,1 Bedroom,price_change,3995,4005,3995,4440,,11/6/2026,,,Floor Plan Video,,2026-09-28,
2026-10-04T12:24,2026-10-04 08:24,Northern Chapter Properties,235 Grand,0423,1 Bedroom,price_change,4010,4020,4010,4450,,11/7/2026,,,Floor Plan Video,,2026-09-28,
2026-10-04T12:24,2026-10-04 08:24,Northern Chapter Properties,235 Grand,1702,1 Bedroom,price_change,3925,3935,3925,4355,,11/7/2026,,,Floor Plan Video,,2026-09-28,
2026-10-04T12:24,2026-10-04 08:24,Northern Chapter Properties,235 Grand,4303,1 Bedroom,price_change,4195,4205,4195,4645,,11/7/2026,,,Floor Plan Video,,2026-09-28,
2026-10-04T12:24,2026-10-04 08:24,Northern Chapter Properties,235 Grand,2604,1 Bedroom,price_change,3895,3905,3895,4320,,11/8/2026,,,Floor Plan Video,,2026-09-28,
2026-10-04T12:24,2026-10-04 08:24,Northern Chapter Properties,235 Grand,2112,1 Bedroom,price_change,3785,3795,3785,4200,,11/25/2026,,,Floor Plan Video,,2026-09-28,
2026-10-04T12:24,2026-10-04 08:24,Northern Chapter Properties,235 Grand,2312,1 Bedroom,price_change,3835,3845,3835,4270,,12/6/2026,,,Floor Plan Video,,2026-09-28,
2026-10-04T12:24,2026-10-04 08:24,Northern Chapter Properties,235 Grand,0225,1 Bedroom,price_change,3885,3895,3885,4320,,12/7/2026,,,Floor Plan Video,,2026-09-28,
2026-10-04T12:24,2026-10-04 08:24,Northern Chapter Properties,235 Grand,3108,1 Bedroom,price_change,4030,4040,4030,4475,,12/7/2026,,,Floor Plan Video,,2026-09-28,
2026-10-04T12:24,2026-10-04 08:24,Northern Chapter Properties,235 Grand,3904,1 Bedroom,price_change,3955,3965,3955,4365,,12/20/2026,,,Floor Plan Video,,2026-09-28,
2026-10-04T18:38,2026-10-04 14:38,Newport Rentals,Parkside West,1515,1 Bedroom,price_change,3267,3277,3254,,3267,Now,,767,,,2026-09-24,
2026-10-04T18:38,2026-10-04 14:38,Newport Rentals,Parkside West,2115,1 Bedroom,price_change,3297,3307,3284,,3297,Now,,767,,,2026-09-24,
2026-10-04T18:38,2026-10-04 14:38,Newport Rentals,Parkside West,3007,1 Bedroom,price_change,3437,3447,3424,,3437,11/11/2026,,766,,,2026-09-28,
2026-10-04T18:38,2026-10-04 14:38,Newport Rentals,Aquablu,621,1 Bedroom,price_change,4167,4149,4124,,4167,Now,,816,,0.5 Month Free,2026-09-24,
2026-10-04T18:38,2026-10-04 14:38,Newport Rentals,Aquablu,624,1 Bedroom,price_change,4242,4224,4199,,4242,Now,,812,,0.5 Month Free,2026-09-24,
2026-10-04T18:38,2026-10-04 14:38,Newport Rentals,Aquablu,2404,1 Bedroom,price_change,4402,4384,4359,,4402,Now,,790,,0.5 Month Free,2026-09-24,
2026-10-04T18:38,2026-10-04 14:38,Newport Rentals,Aquablu,1604,1 Bedroom,price_change,4562,4544,4519,,4562,Now,,790,,0.5 Month Free,2026-09-24,
2026-10-04T18:38,2026-10-04 14:38,Newport Rentals,Aquablu,2804,1 Bedroom,price_change,4622,4604,4579,,4622,Now,,790,,0.5 Month Free,2026-09-24,
2026-10-04T18:38,2026-10-04 14:38,Liberty Harbor,The Zenith,718,1 Bedroom,available_change,3369,,3369,,,10/14/2026,Now,700,,discounted,2026-09-24,
2026-10-04T18:38,2026-10-04 14:38,Liberty Harbor,333 Grand,906,1 Bedroom,price_change,3415,3725,3415,,,10/13/2026,,646,,discounted,2026-09-24,
2026-10-04T18:38,2026-10-04 14:38,Avalon Cove,Avalon Cove,5239,1 Bedroom,listed,4380,,4380,,,12/19/2026,,832,A11,21-month lease,2026-10-04,
2026-10-04T18:38,2026-10-04 14:38,Northern Chapter Properties,235 Grand,0626,1 Bedroom,delisted,4060,,4060,4500,,10/31/2026,,,Floor Plan Video,,2026-09-28,
2026-10-04T23:57,2026-10-04 19:57,VYV,,N-3406,1 Bedroom,price_change,3821,3822,3821,,,11/13/2026,,720,A07,,2026-10-03,
2026-10-04T23:57,2026-10-04 19:57,VYV,,S-1961,1 Bedroom,available_change,3815,,3815,,,1/8/2027,10/8/2026,734,A11,,2026-09-27,
2026-10-05T05:43,2026-10-05 01:43,Newport Rentals,Southampton,406,1 Bedroom,available_change,3794,,3746,,3794,Now,10/5/2026,796,,0.5 Month Free,2026-09-24,
2026-10-05T05:43,2026-10-05 01:43,Newport Rentals,Aquablu,621,1 Bedroom,delisted,4167,,4124,,4167,Now,,816,,0.5 Month Free,2026-09-24,
2026-10-05T05:43,2026-10-05 01:43,Newport Rentals,Riverside,1502,1 Bedroom,delisted,3769,,3721,,3769,Now,,818,,0.5 Month Free,2026-09-24,
2026-10-05T05:43,2026-10-05 01:43,BLVD Collection,BLVD 401,1511,1 Bedroom,available_change,4215,,4215,4763,,Now,10/5/2026,800,B401 A4,,2026-09-24,
2026-10-05T05:43,2026-10-05 01:43,Liberty Harbor,88 Regent,1504,1 Bedroom,delisted,3950,,3950,,,11/11/2026,,636,,,2026-09-24,
2026-10-05T05:43,2026-10-05 01:43,Liberty Harbor,88 Regent,914,1 Bedroom,delisted,3266,,3266,,,10/11/2026,,594,,discounted,2026-09-24,
2026-10-05T05:43,2026-10-05 01:43,Equity Apartments,The Pier,1-633,1 Bedroom,available_change,3934,,3934,,,10/7/2026,10/8/2026,741,A5,,2026-09-27,
2026-10-05T05:43,2026-10-05 01:43,Equity Apartments,The Pier,1-305,1 Bedroom,delisted,4305,,4305,,,12/5/2026,,984,A11S,,2026-10-04,
2026-10-05T05:43,2026-10-05 01:43,VYV,,N-3406,1 Bedroom,price_change,3822,3821,3822,,,11/13/2026,,720,A07,,2026-10-03,
2026-10-05T05:43,2026-10-05 01:43,VYV,,S-1961,1 Bedroom,available_change,3815,,3815,,,10/8/2026,1/8/2027,734,A11,,2026-09-27,
2026-10-05T05:43,2026-10-05 01:43,VYV,,N-1508,1 Bedroom,delisted,3979,,3979,,,12/5/2026,,879,A24,,2026-09-27,
2026-10-05T05:43,2026-10-05 01:43,VYV,,S-1955,1 Bedroom,delisted,3677,,3677,,,11/5/2026,,703,A05,,2026-09-27,
2026-10-05T05:43,2026-10-05 01:43,VYV,,S-2261,1 Bedroom,delisted,3835,,3835,,,11/23/2026,,734,A11,,2026-09-27,
2026-10-05T14:43,2026-10-05 10:43,Newport Rentals,Pacific,601,1 Bedroom,price_change,3243,3244,3230,,3243,12/8/2026,,821,,,2026-10-03,
2026-10-05T14:43,2026-10-05 10:43,Newport Rentals,Lincoln House,626,1 Bedroom,price_change,3255,3243,3242,,3255,Now,,725,,,2026-09-24,
2026-10-05T14:43,2026-10-05 10:43,Newport Rentals,Parkside East,2301,1 Bedroom,price_change,3257,3267,3244,,3257,11/6/2026,,771,,,2026-10-01,
2026-10-05T14:43,2026-10-05 10:43,Newport Rentals,Parkside West,1515,1 Bedroom,price_change,3257,3267,3244,,3257,Now,,767,,,2026-09-24,
2026-10-05T14:43,2026-10-05 10:43,Newport Rentals,Lincoln House,310,1 Bedroom,price_change,3275,3263,3262,,3275,Now,,645,,,2026-09-24,
2026-10-05T14:43,2026-10-05 10:43,Newport Rentals,Parkside West,2115,1 Bedroom,price_change,3287,3297,3274,,3287,Now,,767,,,2026-09-24,
2026-10-05T14:43,2026-10-05 10:43,Newport Rentals,Waterside Square South,916,1 Bedroom,price_change,3287,3297,3274,,3287,10/6/2026,,711,,0.5 Month Free,2026-09-28,
2026-10-05T14:43,2026-10-05 10:43,Newport Rentals,Lincoln House,324,1 Bedroom,price_change,3290,3278,3277,,3290,Now,,713,,,2026-09-24,
2026-10-05T14:43,2026-10-05 10:43,Newport Rentals,Lincoln House,402,1 Bedroom,price_change,3295,3283,3282,,3295,10/31/2026,,725,,,2026-09-27,
2026-10-05T14:43,2026-10-05 10:43,Newport Rentals,Parkside East,3008,1 Bedroom,price_change,3307,3317,3294,,3307,10/14/2026,,765,,,2026-09-30,
2026-10-05T14:43,2026-10-05 10:43,Newport Rentals,Parkside East,3001,1 Bedroom,price_change,3342,3352,3329,,3342,10/11/2026,,771,,,2026-09-24,
2026-10-05T14:43,2026-10-05 10:43,Newport Rentals,Waterside Square North,906,1 Bedroom,price_change,3342,3352,3329,,3342,10/10/2026,,745,,0.5 Month Free,2026-09-24,
2026-10-05T14:43,2026-10-05 10:43,Newport Rentals,Waterside Square South,1116,1 Bedroom,price_change,3357,3367,3344,,3357,Now,,711,,0.5 Month Free,2026-09-24,
2026-10-05T14:43,2026-10-05 10:43,Newport Rentals,Waterside Square South,1705,1 Bedroom,price_change,3397,3407,3384,,3397,10/17/2026,,684,,0.5 Month Free,2026-10-01,
2026-10-05T14:43,2026-10-05 10:43,Newport Rentals,Parkside West,3007,1 Bedroom,price_change,3427,3437,3414,,3427,11/11/2026,,766,,,2026-09-28,
2026-10-05T14:43,2026-10-05 10:43,Newport Rentals,Waterside Square North,814,1 Bedroom,price_change,3427,3437,3414,,3427,Now,,752,,0.5 Month Free,2026-09-24,
2026-10-05T14:43,2026-10-05 10:43,Newport Rentals,Waterside Square North,2016,1 Bedroom,price_change,3432,3442,3419,,3432,Now,,711,,0.5 Month Free,2026-09-24,
2026-10-05T14:43,2026-10-05 10:43,Newport Rentals,Waterside Square North,1006,1 Bedroom,price_change,3432,3442,3419,,3432,11/28/2026,,745,,0.5 Month Free,2026-10-02,
2026-10-05T14:43,2026-10-05 10:43,Newport Rentals,Waterside Square South,1710,1 Bedroom,price_change,3432,3442,3419,,3432,10/16/2026,,696,,0.5 Month Free,2026-09-24,
2026-10-05T14:43,2026-10-05 10:43,Newport Rentals,Waterside Square North,1114,1 Bedroom,price_change,3442,3452,3429,,3442,Now,,752,,0.5 Month Free,2026-09-24,
2026-10-05T14:43,2026-10-05 10:43,Newport Rentals,Waterside Square North,2014,1 Bedroom,price_change,3442,3452,3429,,3442,10/10/2026,,752,,0.5 Month Free,2026-09-24,
2026-10-05T14:43,2026-10-05 10:43,Newport Rentals,Pacific,1402,1 Bedroom,price_change,3453,3454,3440,,3453,10/22/2026,,764,,,2026-10-03,
2026-10-05T14:43,2026-10-05 10:43,Newport Rentals,Waterside Square North,1706,1 Bedroom,price_change,3462,3472,3449,,3462,10/10/2026,,745,,0.5 Month Free,2026-09-24,
2026-10-05T14:43,2026-10-05 10:43,Newport Rentals,Waterside Square North,2214,1 Bedroom,price_change,3492,3502,3479,,3492,Now,,752,,0.5 Month Free,2026-09-24,
2026-10-05T14:43,2026-10-05 10:43,Newport Rentals,Waterside Square North,1710,1 Bedroom,price_change,3492,3502,3479,,3492,12/2/2026,,696,,0.5 Month Free,2026-09-24,
2026-10-05T14:43,2026-10-05 10:43,Newport Rentals,Waterside Square North,407,1 Bedroom,price_change,3542,3552,3529,,3542,Now,,738,,0.5 Month Free,2026-09-24,
2026-10-05T14:43,2026-10-05 10:43,Newport Rentals,East Hampton,3011,1 Bedroom,price_change,3713,3714,3665,,3713,Now,,743,,0.5 Month Free,2026-09-24,
2026-10-05T14:43,2026-10-05 10:43,Newport Rentals,Riverside,612,1 Bedroom,price_change,3728,3729,3680,,3728,10/29/2026,,792,,0.5 Month Free,2026-09-24,
2026-10-05T14:43,2026-10-05 10:43,Newport Rentals,East Hampton,615,1 Bedroom,price_change,3793,3794,3745,,3793,10/18/2026,,828,,0.5 Month Free,2026-10-02,
2026-10-05T14:43,2026-10-05 10:43,Newport Rentals,Pacific,2008,1 Bedroom,price_change,3758,3759,3745,,3758,Now,,808,,0.5 Month Free,2026-09-24,
2026-10-05T14:43,2026-10-05 10:43,Newport Rentals,Riverside,1511,1 Bedroom,price_change,3793,3794,3745,,3793,11/20/2026,,834,,0.5 Month Free,2026-09-24,
2026-10-05T14:43,2026-10-05 10:43,Newport Rentals,Southampton,406,1 Bedroom,price_change,3793,3794,3745,,3793,Now,,796,,0.5 Month Free,2026-09-24,
2026-10-05T14:43,2026-10-05 10:43,Newport Rentals,Southampton,508,1 Bedroom,price_change,3798,3799,3750,,3798,Now,,765,,0.5 Month Free,2026-09-24,
2026-10-05T14:43,2026-10-05 10:43,Newport Rentals,Southampton,1707,1 Bedroom,price_change,3803,3804,3755,,3803,11/4/2026,,838,,0.5 Month Free,2026-09-30,
2026-10-05T14:43,2026-10-05 10:43,Newport Rentals,Atlantic,2210,1 Bedroom,price_change,3808,3809,3760,,3808,10/7/2026,,899,,0.5 Month Free,2026-09-24,
2026-10-05T14:43,2026-10-05 10:43,Newport Rentals,Southampton,3307,1 Bedroom,price_change,3823,3824,3775,,3823,Now,,838,,0.5 Month Free,2026-09-24,
2026-10-05T14:43,2026-10-05 10:43,Newport Rentals,East Hampton,1801,1 Bedroom,price_change,3833,3834,3785,,3833,10/26/2026,,862,,,2026-10-02,
2026-10-05T14:43,2026-10-05 10:43,Newport Rentals,Atlantic,1006,1 Bedroom,price_change,3838,3839,3790,,3838,Now,,795,,0.5 Month Free,2026-09-24,
2026-10-05T14:43,2026-10-05 10:43,Newport Rentals,Atlantic,2810,1 Bedroom,price_change,3838,3839,3790,,3838,10/28/2026,,899,,0.5 Month Free,2026-09-24,
2026-10-05T14:43,2026-10-05 10:43,Newport Rentals,Southampton,1708,1 Bedroom,price_change,3843,3844,3795,,3843,11/14/2026,,765,,0.5 Month Free,2026-10-01,
2026-10-05T14:43,2026-10-05 10:43,Newport Rentals,Southampton,1712,1 Bedroom,listed,3853,,3805,,3853,11/5/2026,,798,,,2026-10-05,
2026-10-05T14:43,2026-10-05 10:43,Newport Rentals,East Hampton,1609,1 Bedroom,price_change,3863,3864,3815,,3863,11/2/2026,,817,,0.5 Month Free,2026-09-29,
2026-10-05T14:43,2026-10-05 10:43,Newport Rentals,Southampton,2401,1 Bedroom,listed,3863,,3815,,3863,11/8/2026,,849,,,2026-10-05,
2026-10-05T14:43,2026-10-05 10:43,Newport Rentals,Riverside,905,1 Bedroom,price_change,3868,3869,3820,,3868,10/17/2026,,813,,0.5 Month Free,2026-09-24,
2026-10-05T14:43,2026-10-05 10:43,Newport Rentals,Southampton,3312,1 Bedroom,price_change,3868,3869,3820,,3868,11/3/2026,,798,,0.5 Month Free,2026-09-24,
2026-10-05T14:43,2026-10-05 10:43,Newport Rentals,Riverside,1005,1 Bedroom,price_change,3873,3874,3825,,3873,Now,,813,,0.5 Month Free,2026-09-24,
2026-10-05T14:43,2026-10-05 10:43,Newport Rentals,Atlantic,3610,1 Bedroom,price_change,3878,3879,3830,,3878,10/17/2026,,899,,0.5 Month Free,2026-10-01,
2026-10-05T14:43,2026-10-05 10:43,Newport Rentals,Southampton,3004,1 Bedroom,price_change,3903,3904,3855,,3903,Now,,851,,0.5 Month Free,2026-09-24,
2026-10-05T14:43,2026-10-05 10:43,Newport Rentals,Southampton,808,1 Bedroom,price_change,3913,3914,3865,,3913,10/31/2026,,765,,0.5 Month Free,2026-09-24,
2026-10-05T14:43,2026-10-05 10:43,Newport Rentals,Pacific,2006,1 Bedroom,price_change,3883,3884,3870,,3883,Now,,799,,0.5 Month Free,2026-09-24,
2026-10-05T14:43,2026-10-05 10:43,Newport Rentals,East Hampton,2809,1 Bedroom,price_change,3923,3924,3875,,3923,10/31/2026,,817,,0.5 Month Free,2026-09-24,
2026-10-05T14:43,2026-10-05 10:43,Newport Rentals,Southampton,2104,1 Bedroom,price_change,3923,3924,3875,,3923,Now,,851,,0.5 Month Free,2026-09-28,
2026-10-05T14:43,2026-10-05 10:43,Newport Rentals,Pacific,2206,1 Bedroom,price_change,3893,3894,3880,,3893,10/15/2026,,799,,0.5 Month Free,2026-09-28,
2026-10-05T14:43,2026-10-05 10:43,Newport Rentals,East Hampton,715,1 Bedroom,price_change,3973,3974,3925,,3973,Now,,828,,0.5 Month Free,2026-09-24,
2026-10-05T14:43,2026-10-05 10:43,Newport Rentals,Southampton,3104,1 Bedroom,listed,3973,,3925,,3973,11/8/2026,,851,,,2026-10-05,
2026-10-05T14:43,2026-10-05 10:43,Newport Rentals,Atlantic,912,1 Bedroom,price_change,4003,4004,3955,,4003,12/3/2026,,796,,0.5 Month Free,2026-09-24,
2026-10-05T14:43,2026-10-05 10:43,Newport Rentals,East Hampton,3206,1 Bedroom,price_change,4003,4004,3955,,4003,12/13/2026,,862,,0.5 Month Free,2026-10-02,
2026-10-05T14:43,2026-10-05 10:43,Newport Rentals,East Hampton,1204,1 Bedroom,price_change,4013,4014,3965,,4013,11/8/2026,,761,,0.5 Month Free,2026-09-29,
2026-10-05T14:43,2026-10-05 10:43,Newport Rentals,Pacific,1907,1 Bedroom,price_change,3978,3979,3965,,3978,Now,,841,,0.5 Month Free,2026-09-24,
2026-10-05T14:43,2026-10-05 10:43,Newport Rentals,Southampton,2407,1 Bedroom,price_change,4013,4014,3965,,4013,11/2/2026,,838,,0.5 Month Free,2026-09-24,
2026-10-05T14:43,2026-10-05 10:43,Newport Rentals,East Hampton,2206,1 Bedroom,price_change,4018,4019,3970,,4018,11/8/2026,,862,,0.5 Month Free,2026-09-24,
2026-10-05T14:43,2026-10-05 10:43,Newport Rentals,Southampton,2008,1 Bedroom,price_change,4018,4019,3970,,4018,Now,,765,,0.5 Month Free,2026-09-24,
2026-10-05T14:43,2026-10-05 10:43,Newport Rentals,Riverside,505,1 Bedroom,price_change,4023,4024,3975,,4023,Now,,828,,0.5 Month Free,2026-09-24,
2026-10-05T14:43,2026-10-05 10:43,Newport Rentals,Southampton,1904,1 Bedroom,price_change,4023,4024,3975,,4023,10/7/2026,,851,,0.5 Month Free,2026-09-30,
2026-10-05T14:43,2026-10-05 10:43,Newport Rentals,Southampton,2202,1 Bedroom,price_change,4028,4029,3980,,4028,10/9/2026,,821,,0.5 Month Free,2026-09-24,
2026-10-05T14:43,2026-10-05 10:43,Newport Rentals,Atlantic,2806,1 Bedroom,price_change,4033,4034,3985,,4033,Now,,795,,0.5 Month Free,2026-09-24,
2026-10-05T14:43,2026-10-05 10:43,Newport Rentals,Atlantic,2108,1 Bedroom,price_change,4038,4039,3990,,4038,12/14/2026,,758,,0.5 Month Free,2026-10-02,
2026-10-05T14:43,2026-10-05 10:43,Newport Rentals,East Hampton,2004,1 Bedroom,price_change,4048,4049,4000,,4048,11/8/2026,,761,,,2026-10-02,
2026-10-05T14:43,2026-10-05 10:43,Newport Rentals,East Hampton,809,1 Bedroom,price_change,4068,4069,4020,,4068,10/8/2026,,817,,0.5 Month Free,2026-09-24,
2026-10-05T14:43,2026-10-05 10:43,Newport Rentals,Riverside,2107,1 Bedroom,price_change,4073,4074,4025,,4073,10/28/2026,,815,,0.5 Month Free,2026-09-24,
2026-10-05T14:43,2026-10-05 10:43,Newport Rentals,Riverside,2607,1 Bedroom,price_change,4098,4099,4050,,4098,Now,,815,,0.5 Month Free,2026-09-24,
2026-10-05T14:43,2026-10-05 10:43,Newport Rentals,Atlantic,2701,1 Bedroom,price_change,4103,4104,4055,,4103,10/25/2026,,860,,0.5 Month Free,2026-09-24,
2026-10-05T14:43,2026-10-05 10:43,Newport Rentals,Atlantic,1404,1 Bedroom,price_change,4113,4114,4065,,4113,Now,,880,,0.5 Month Free,2026-09-24,
2026-10-05T14:43,2026-10-05 10:43,Newport Rentals,East Hampton,1808,1 Bedroom,price_change,4113,4114,4065,,4113,Now,,832,,0.5 Month Free,2026-09-24,
2026-10-05T14:43,2026-10-05 10:43,Newport Rentals,Atlantic,3406,1 Bedroom,price_change,4128,4129,4080,,4128,Now,,795,,0.5 Month Free,2026-09-24,
2026-10-05T14:43,2026-10-05 10:43,Newport Rentals,Southampton,3108,1 Bedroom,price_change,4138,4139,4090,,4138,Now,,765,,0.5 Month Free,2026-09-24,
2026-10-05T14:43,2026-10-05 10:43,Newport Rentals,Atlantic,111,1 Bedroom,price_change,4143,4144,4095,,4143,12/4/2026,,1000,,0.5 Month Free,2026-09-24,
2026-10-05T14:43,2026-10-05 10:43,Newport Rentals,East Hampton,706,1 Bedroom,price_change,4173,4174,4125,,4173,Now,,862,,0.5 Month Free,2026-09-24,
2026-10-05T14:43,2026-10-05 10:43,Newport Rentals,Aquablu,624,1 Bedroom,price_change,4256,4242,4213,,4256,Now,,812,,0.5 Month Free,2026-09-24,
2026-10-05T14:43,2026-10-05 10:43,Newport Rentals,Atlantic,1202,1 Bedroom,price_change,4268,4269,4220,,4268,Now,,794,,0.5 Month Free,2026-09-24,
2026-10-05T14:43,2026-10-05 10:43,Newport Rentals,Atlantic,3412,1 Bedroom,price_change,4298,4299,4250,,4298,Now,,796,,0.5 Month Free,2026-09-29,
2026-10-05T14:43,2026-10-05 10:43,Newport Rentals,Atlantic,3401,1 Bedroom,price_change,4313,4314,4265,,4313,10/21/2026,,860,,0.5 Month Free,2026-09-24,
2026-10-05T14:43,2026-10-05 10:43,Newport Rentals,Atlantic,2302,1 Bedroom,price_change,4318,4319,4270,,4318,11/5/2026,,794,,0.5 Month Free,2026-09-24,
2026-10-05T14:43,2026-10-05 10:43,Newport Rentals,Aquablu,2404,1 Bedroom,price_change,4416,4402,4373,,4416,Now,,790,,0.5 Month Free,2026-09-24,
2026-10-05T14:43,2026-10-05 10:43,Newport Rentals,Bisby,207,1 Bedroom,price_change,4531,4517,4473,,4531,Now,,780,,0.5 Month Free,2026-09-24,
2026-10-05T14:43,2026-10-05 10:43,Newport Rentals,Aquablu,1604,1 Bedroom,price_change,4576,4562,4533,,4576,Now,,790,,0.5 Month Free,2026-09-24,
2026-10-05T14:43,2026-10-05 10:43,Newport Rentals,Beach,708,1 Bedroom,price_change,4596,4582,4538,,4596,Now,,552,,0.5 Month Free,2026-09-24,
2026-10-05T14:43,2026-10-05 10:43,Newport Rentals,Aquablu,2804,1 Bedroom,price_change,4636,4622,4593,,4636,Now,,790,,0.5 Month Free,2026-09-24,
2026-10-05T14:43,2026-10-05 10:43,Newport Rentals,Bisby,505,1 Bedroom,price_change,4746,4732,4688,,4746,11/4/2026,,773,,0.5 Month Free,2026-09-24,
2026-10-05T14:43,2026-10-05 10:43,Newport Rentals,Bisby,1806,1 Bedroom,price_change,4746,4732,4688,,4746,11/19/2026,,795,,1 Month Free,2026-09-24,
2026-10-05T14:43,2026-10-05 10:43,Newport Rentals,Ellipse,306,1 Bedroom,price_change,4751,4737,4693,,4751,11/6/2026,,742,,0.5 Month Free,2026-09-24,
2026-10-05T14:43,2026-10-05 10:43,Newport Rentals,Bisby,407,1 Bedroom,price_change,4791,4777,4733,,4791,12/7/2026,,780,,0.5 Month Free,2026-09-24,
2026-10-05T14:43,2026-10-05 10:43,Newport Rentals,Bisby,507,1 Bedroom,price_change,4796,4782,4738,,4796,Now,,780,,1 Month Free,2026-09-24,
2026-10-05T14:43,2026-10-05 10:43,Newport Rentals,Ellipse,1606,1 Bedroom,price_change,4811,4797,4753,,4811,Now,,742,,0.5 Month Free,2026-09-24,
2026-10-05T14:43,2026-10-05 10:43,Newport Rentals,Beach,209,1 Bedroom,price_change,4831,4817,4773,,4831,10/29/2026,,713,,0.5 Month Free,2026-09-28,
2026-10-05T14:43,2026-10-05 10:43,Newport Rentals,Ellipse,2806,1 Bedroom,price_change,4871,4857,4813,,4871,Now,,742,,0.5 Month Free,2026-09-24,
2026-10-05T14:43,2026-10-05 10:43,Newport Rentals,Ellipse,910,1 Bedroom,price_change,4881,4867,4823,,4881,Now,,759,,0.5 Month Free,2026-09-24,
2026-10-05T14:43,2026-10-05 10:43,Newport Rentals,Ellipse,3506,1 Bedroom,price_change,4906,4892,4848,,4906,Now,,752,,0.5 Month Free,2026-09-24,
2026-10-05T14:43,2026-10-05 10:43,Newport Rentals,Ellipse,2202,1 Bedroom,price_change,4906,4892,4848,,4906,10/6/2026,,753,,0.5 Month Free,2026-09-24,
2026-10-05T14:43,2026-10-05 10:43,Newport Rentals,Bisby,409,1 Bedroom,price_change,4916,4902,4858,,4916,10/24/2026,,827,,0.5 Month Free,2026-09-24,
2026-10-05T14:43,2026-10-05 10:43,Newport Rentals,Ellipse,1710,1 Bedroom,price_change,4916,4902,4858,,4916,10/9/2026,,759,,0.5 Month Free,2026-09-24,
2026-10-05T14:43,2026-10-05 10:43,Newport Rentals,Ellipse,3706,1 Bedroom,price_change,4916,4902,4858,,4916,12/6/2026,,752,,0.5 Month Free,2026-09-24,
2026-10-05T14:43,2026-10-05 10:43,Newport Rentals,Ellipse,2702,1 Bedroom,price_change,4931,4917,4873,,4931,10/11/2026,,753,,0.5 Month Free,2026-09-24,
2026-10-05T14:43,2026-10-05 10:43,Newport Rentals,Bisby,503,1 Bedroom,price_change,5046,5032,4988,,5046,Now,,835,,0.5 Month Free,2026-09-24,
2026-10-05T14:43,2026-10-05 10:43,Newport Rentals,Bisby,603,1 Bedroom,price_change,5051,5037,4993,,5051,Now,,835,,0.5 Month Free,2026-09-26,
2026-10-05T14:43,2026-10-05 10:43,Newport Rentals,Beach,322,1 Bedroom,price_change,5071,5057,5013,,5071,Now,,723,,0.5 Month Free,2026-09-24,
2026-10-05T14:43,2026-10-05 10:43,Newport Rentals,Beach,722,1 Bedroom,price_change,5091,5077,5033,,5091,Now,,723,,0.5 Month Free,2026-09-24,
2026-10-05T14:43,2026-10-05 10:43,Newport Rentals,Beach,311,1 Bedroom,price_change,5131,5117,5073,,5131,Now,,761,,0.5 Month Free,2026-09-24,
2026-10-05T14:43,2026-10-05 10:43,Newport Rentals,Beach,1223,1 Bedroom,price_change,5156,5142,5098,,5156,Now,,730,,0.5 Month Free,2026-09-24,
2026-10-05T14:43,2026-10-05 10:43,65 Bay Street,65 Bay Street,31-01,1 Bedroom,price_change,3846,3831,3846,,,Now,,685,Apartment: # 31-01,,2026-10-01,
2026-10-05T14:43,2026-10-05 10:43,65 Bay Street,65 Bay Street,18-09,1 Bedroom,price_change,3766,3751,3766,,,Now,,685,Apartment: # 18-09,,2026-09-24,
2026-10-05T14:43,2026-10-05 10:43,65 Bay Street,65 Bay Street,08-01,1 Bedroom,price_change,3726,3711,3726,,,Now,,685,Apartment: # 08-01,,2026-09-24,
2026-10-05T14:43,2026-10-05 10:43,65 Bay Street,65 Bay Street,25-08,1 Bedroom,price_change,4316,4300,4316,,,Now,,794,Apartment: # 25-08,,2026-09-24,
2026-10-05T14:43,2026-10-05 10:43,65 Bay Street,65 Bay Street,27-02,1 Bedroom,price_change,4256,4240,4256,,,Now,,794,Apartment: # 27-02,,2026-09-24,
2026-10-05T14:43,2026-10-05 10:43,65 Bay Street,65 Bay Street,06-05,1 Bedroom,price_change,4848,4898,4848,,,Now,,1058,Apartment: # 06-05,,2026-09-24,
2026-10-05T14:43,2026-10-05 10:43,Avalon Cove,Avalon Cove,5221,1 Bedroom,price_change,3935,3810,3935,,,10/31/2026,,693,A2,10-month lease,2026-09-24,
2026-10-05T14:43,2026-10-05 10:43,Avalon Cove,Avalon Cove,2219,1 Bedroom,price_change,3700,3645,3700,,,12/3/2026,,693,A2,20-month lease,2026-09-24,
2026-10-05T14:43,2026-10-05 10:43,Avalon Cove,Avalon Cove,6455,1 Bedroom,price_change,3820,3725,3820,,,11/11/2026,,752,A3,10-month lease,2026-09-24,
2026-10-05T14:43,2026-10-05 10:43,Avalon Cove,Avalon Cove,3143,1 Bedroom,price_change,3920,3865,3920,,,11/18/2026,,778,A18,22-month lease,2026-09-24,
2026-10-05T14:43,2026-10-05 10:43,Avalon Cove,Avalon Cove,3138,1 Bedroom,price_change,4170,4115,4170,,,11/9/2026,,778,A5,22-month lease,2026-09-24,
2026-10-05T14:43,2026-10-05 10:43,Avalon Cove,Avalon Cove,3330,1 Bedroom,price_change,4030,3950,4030,,,11/5/2026,,817,A8,22-month lease,2026-09-24,
2026-10-05T14:43,2026-10-05 10:43,Avalon Cove,Avalon Cove,2128,1 Bedroom,price_change,4130,4075,4130,,,11/19/2026,,817,A8,22-month lease,2026-09-24,
2026-10-05T14:43,2026-10-05 10:43,Avalon Cove,Avalon Cove,6132,1 Bedroom,price_change,4300,4270,4300,,,12/31/2026,,817,A8,20-month lease,2026-09-26,
2026-10-05T14:43,2026-10-05 10:43,Avalon Cove,Avalon Cove,5239,1 Bedroom,price_change,4225,4380,4225,,,12/19/2026,,832,A11,21-month lease,2026-10-04,
2026-10-05T14:43,2026-10-05 10:43,Avalon Cove,Avalon Cove,5327,1 Bedroom,price_change,3905,3810,3905,,,11/28/2026,,818,A9,10-month lease,2026-09-24,
2026-10-05T14:43,2026-10-05 10:43,Avalon Cove,Avalon Cove,5539,1 Bedroom,price_change,4480,4385,4480,,,11/11/2026,,1351,A14LP,10-month lease,2026-10-02,
2026-10-05T14:43,2026-10-05 10:43,Equity Apartments,The Pier,1-633,1 Bedroom,available_change,3934,,3934,,,10/8/2026,10/7/2026,741,A5,,2026-09-27,
2026-10-05T14:43,2026-10-05 10:43,Equity Apartments,The Pier,1-305,1 Bedroom,listed,4305,,4305,,,12/5/2026,,984,A11S,,2026-10-05,
2026-10-05T14:43,2026-10-05 10:43,Northern Chapter Properties,235 Grand,1401,1 Bedroom,price_change,3955,3965,3955,4455,,10/7/2026,,,Floor Plan Video,,2026-10-01,
2026-10-05T14:43,2026-10-05 10:43,Northern Chapter Properties,235 Grand,4412,1 Bedroom,price_change,4175,4185,4175,4660,,10/18/2026,,,Floor Plan Video,,2026-09-28,
2026-10-05T14:43,2026-10-05 10:43,Northern Chapter Properties,235 Grand,0803,1 Bedroom,price_change,3985,3995,3985,4425,,11/6/2026,,,Floor Plan Video,,2026-09-28,
2026-10-05T14:43,2026-10-05 10:43,Northern Chapter Properties,235 Grand,0423,1 Bedroom,price_change,4000,4010,4000,4435,,11/7/2026,,,Floor Plan Video,,2026-09-28,
2026-10-05T14:43,2026-10-05 10:43,Northern Chapter Properties,235 Grand,1702,1 Bedroom,price_change,3915,3925,3915,4345,,11/7/2026,,,Floor Plan Video,,2026-09-28,
2026-10-05T14:43,2026-10-05 10:43,Northern Chapter Properties,235 Grand,4303,1 Bedroom,price_change,4185,4195,4185,4635,,11/7/2026,,,Floor Plan Video,,2026-09-28,
2026-10-05T14:43,2026-10-05 10:43,Northern Chapter Properties,235 Grand,2604,1 Bedroom,price_change,3885,3895,3885,4310,,11/8/2026,,,Floor Plan Video,,2026-09-28,
2026-10-05T14:43,2026-10-05 10:43,Northern Chapter Properties,235 Grand,2112,1 Bedroom,price_change,3775,3785,3775,4190,,11/25/2026,,,Floor Plan Video,,2026-09-28,
2026-10-05T14:43,2026-10-05 10:43,Northern Chapter Properties,235 Grand,2312,1 Bedroom,price_change,3825,3835,3825,4260,,12/6/2026,,,Floor Plan Video,,2026-09-28,
2026-10-05T14:43,2026-10-05 10:43,Northern Chapter Properties,235 Grand,0225,1 Bedroom,price_change,3875,3885,3875,4310,,12/7/2026,,,Floor Plan Video,,2026-09-28,
2026-10-05T14:43,2026-10-05 10:43,Northern Chapter Properties,235 Grand,3108,1 Bedroom,price_change,4020,4030,4020,4465,,12/7/2026,,,Floor Plan Video,,2026-09-28,
2026-10-05T14:43,2026-10-05 10:43,Northern Chapter Properties,235 Grand,3904,1 Bedroom,price_change,3945,3955,3945,4355,,12/20/2026,,,Floor Plan Video,,2026-09-28,
2026-10-05T22:02,2026-10-05 18:02,Newport Rentals,Lincoln House,226,1 Bedroom,listed,3060,,3047,,3060,11/25/2026,,725,,,2026-10-05,
2026-10-05T22:02,2026-10-05 18:02,Newport Rentals,Waterside Square South,916,1 Bedroom,price_change,3337,3287,3324,,3337,10/6/2026,,711,,0.5 Month Free,2026-09-28,
2026-10-05T22:02,2026-10-05 18:02,Newport Rentals,Waterside Square North,906,1 Bedroom,price_change,3392,3342,3379,,3392,10/10/2026,,745,,0.5 Month Free,2026-09-24,
2026-10-05T22:02,2026-10-05 18:02,Newport Rentals,Waterside Square North,2014,1 Bedroom,price_change,3492,3442,3479,,3492,10/10/2026,,752,,0.5 Month Free,2026-09-24,
2026-10-05T22:02,2026-10-05 18:02,Newport Rentals,Southampton,2202,1 Bedroom,available_change,4028,,3980,,4028,Now,10/9/2026,821,,0.5 Month Free,2026-09-24,
2026-10-05T22:02,2026-10-05 18:02,Newport Rentals,Bisby,2403,1 Bedroom,listed,5276,,5218,,5276,10/12/2026,,835,,,2026-10-05,
2026-10-05T22:02,2026-10-05 18:02,Newport Rentals,Lincoln House,310,1 Bedroom,delisted,3275,,3262,,3275,Now,,645,,,2026-09-24,
2026-10-05T22:02,2026-10-05 18:02,Newport Rentals,Southampton,1707,1 Bedroom,delisted,3803,,3755,,3803,11/4/2026,,838,,0.5 Month Free,2026-09-30,
2026-10-05T22:02,2026-10-05 18:02,Newport Rentals,Southampton,1712,1 Bedroom,delisted,3853,,3805,,3853,11/5/2026,,798,,,2026-10-05,
2026-10-05T22:02,2026-10-05 18:02,Newport Rentals,Southampton,2401,1 Bedroom,delisted,3863,,3815,,3863,11/8/2026,,849,,,2026-10-05,
2026-10-05T22:02,2026-10-05 18:02,Newport Rentals,Southampton,3104,1 Bedroom,delisted,3973,,3925,,3973,11/8/2026,,851,,,2026-10-05,
2026-10-05T22:02,2026-10-05 18:02,Liberty Harbor,The Regent,902,1 Bedroom,delisted,3085,,3085,,,10/11/2026,,654,,discounted,2026-09-24,
2026-10-05T22:02,2026-10-05 18:02,Avalon Cove,Avalon Cove,5539,1 Bedroom,available_change,4480,,4480,,,11/14/2026,11/11/2026,1351,A14LP,10-month lease,2026-10-02,
2026-10-05T22:02,2026-10-05 18:02,IronState Properties,90 Columbus,2442630,1 Bedroom,listed,4535,,4535,,,11/24/2026,,704,2442630,,2026-10-05,
2026-10-05T22:02,2026-10-05 18:02,VYV,,S-0453,1 Bedroom,price_change,3731,3711,3731,,,Now,,733,A10,,2026-10-02,
2026-10-05T22:02,2026-10-05 18:02,VYV,,N-3406,1 Bedroom,price_change,3842,3822,3842,,,11/13/2026,,720,A07,,2026-10-03,
2026-10-05T22:02,2026-10-05 18:02,VYV,,N-3312,1 Bedroom,price_change,3742,3722,3742,,,11/17/2026,,720,A07,,2026-09-27,
2026-10-05T22:02,2026-10-05 18:02,VYV,,N-2204,1 Bedroom,price_change,3748,3728,3748,,,12/22/2026,,739,A13,,2026-09-27,
2026-10-05T22:02,2026-10-05 18:02,VYV,,N-3504,1 Bedroom,price_change,3928,3908,3928,,,11/7/2026,,739,A13,,2026-09-27,
2026-10-05T22:02,2026-10-05 18:02,VYV,,N-2701,1 Bedroom,price_change,3900,3880,3900,,,Now,,763,A16,,2026-10-02,
2026-10-05T22:02,2026-10-05 18:02,VYV,,S-0256,1 Bedroom,price_change,3882,3862,3882,,,Now,,787,A19,,2026-09-27,
2026-10-05T22:02,2026-10-05 18:02,VYV,,S-2555,1 Bedroom,price_change,3727,3707,3727,,,11/6/2026,,703,A05,,2026-10-02,
2026-10-05T22:02,2026-10-05 18:02,VYV,,S-2055,1 Bedroom,price_change,3707,3687,3707,,,12/2/2026,,703,A05,,2026-09-27,
2026-10-05T22:02,2026-10-05 18:02,VYV,,S-1855,1 Bedroom,price_change,3697,3677,3697,,,12/22/2026,,703,A05,,2026-09-27,
2026-10-05T22:02,2026-10-05 18:02,VYV,,S-2161,1 Bedroom,price_change,3845,3825,3845,,,10/12/2026,,734,A11,,2026-09-27,
2026-10-05T22:02,2026-10-05 18:02,VYV,,S-3561,1 Bedroom,price_change,4035,4015,4035,,,11/27/2026,,734,A11,,2026-09-27,
2026-10-05T22:02,2026-10-05 18:02,VYV,,S-1961,1 Bedroom,price_change,3835,3815,3835,,,10/8/2026,,734,A11,,2026-09-27,
2026-10-05T22:02,2026-10-05 18:02,VYV,,S-1361,1 Bedroom,price_change,3855,3835,3855,,,Now,,734,A11,,2026-09-27,
2026-10-05T22:02,2026-10-05 18:02,VYV,,S-3258,1 Bedroom,price_change,3933,3913,3933,,,11/1/2026,,769,A17,,2026-09-27,
2026-10-05T22:02,2026-10-05 18:02,Northern Chapter Properties,235 Grand,3401,1 Bedroom,listed,4125,,4125,4730,,11/16/2026,,,Floor Plan Video,,2026-10-05,
2026-10-05T22:02,2026-10-05 18:02,Northern Chapter Properties,18 Park,0825,1 Bedroom,listed,3690,,3690,4195,,10/24/2026,,651,Floor Plan Video,,2026-10-05,
2026-10-06T06:23,2026-10-06 02:23,Newport Rentals,Waterside Square South,916,1 Bedroom,available_change,3337,,3324,,3337,Now,10/6/2026,711,,0.5 Month Free,2026-09-28,
2026-10-06T06:23,2026-10-06 02:23,Newport Rentals,Southampton,1707,1 Bedroom,listed,3803,,3755,,3803,10/23/2026,,838,,,2026-10-06,
2026-10-06T06:23,2026-10-06 02:23,Newport Rentals,Ellipse,2202,1 Bedroom,available_change,4906,,4848,,4906,Now,10/6/2026,753,,0.5 Month Free,2026-09-24,
2026-10-06T06:23,2026-10-06 02:23,Liberty Harbor,88 Regent,504,1 Bedroom,delisted,3448,,3448,,,10/11/2026,,663,,discounted,2026-09-24,
2026-10-06T06:23,2026-10-06 02:23,Equity Apartments,,,,site_failed,,,,,,,,,,,,403 Client Error:  for url: https://www.apartmentlist.com/nj/jersey-city/hudson-point
2026-10-06T06:23,2026-10-06 02:23,IronState Properties,The Gotham,5059872,1 Bedroom,delisted,3625,,3625,,,,,715,5059872,,2026-09-27,
2026-10-06T06:23,2026-10-06 02:23,VYV,,,,site_failed,,,,,,,,,,,,403 Client Error:  for url: https://www.apartmentlist.com/nj/jersey-city/vyv--2
2026-10-06T06:23,2026-10-06 02:23,Lenox,,,,site_failed,,,,,,,,,,,,403 Client Error:  for url: https://www.apartmentlist.com/nj/jersey-city/lenox
